Date,Close,High,Low,Open,Volume,SMA_20,EMA_20,RSI_14,EMA_12,EMA_26,MACD,MACD_Signal,MACD_Hist,Bollinger_Middle,Bollinger_Upper,Bollinger_Lower,ATR_14,OBV,CPIAUCSL,FEDFUNDS,UNRATE,GDP,VIXCLS,TEDRATE,DGS10,T10Y3M,M2SL,INDPRO,UMCSENT
2020-02-24,72.3620376586914,73.8181119648714,70.19006459555902,72.13877707909086,222195200,72.3620376586914,72.3620376586914,,72.3620376586914,72.3620376586914,0.0,0.0,0.0,72.3620376586914,72.3620376586914,72.3620376586914,3.628047369312384,0,259.25,0.8424137931034483,3.5,21727.657,25.03,0.15,1.38,-0.15,15871.606896551724,101.6718,101.0
2020-02-25,69.91097259521484,73.41768758581995,69.4377529242665,73.03425797216033,230673600,71.13650512695312,72.12860289074126,0.0,71.98495072584886,72.18047728361907,-0.1955265577702079,-0.03910531155404158,-0.15642124621616632,71.13650512695312,73.58757019042969,68.68544006347656,3.8039910154329135,-230673600,259.25,0.810344827586207,3.5,21727.657,27.85,0.14,1.33,-0.2,15889.772413793104,101.6718,101.0
2020-02-26,71.02001190185547,72.28922581008212,69.52753744829661,69.53481752247102,198054800,71.09767405192058,72.02302279656166,32.76307345955618,71.83649859908064,72.0945168849699,-0.2580182858892641,-0.0828879064210861,-0.17513037946817803,71.09767405192058,73.10197179661048,69.09337630723067,3.456556797550443,-32618800,259.25,0.7782758620689656,3.5,21727.657,27.56,0.11,1.33,-0.2,15907.937931034483,101.6718,101.0
2020-02-27,66.37757110595703,69.4062083168437,66.2416714304022,68.21708245275049,320605600,69.91764831542969,71.4853607307898,13.227130245704643,70.99666360013855,71.67103941985785,-0.6743758197193017,-0.20118548908072922,-0.4731903306385725,69.91764831542969,74.35864324364083,65.47665338721855,3.787002716026148,-353224400,259.25,0.7462068965517242,3.5,21727.657,39.16,0.16,1.3,-0.15,15926.103448275862,101.6718,101.0
2020-02-28,66.33875274658203,67.56428659945458,62.21563736129434,62.431625307107254,426510000,69.20186920166016,70.99520758943667,13.156487884902361,70.28006193036062,71.27605522183741,-0.9959932914767933,-0.36014704955994203,-0.6358462419168512,69.20186920166016,74.098335743694,64.30540265962632,4.099332020452965,-779734400,259.25,0.7141379310344829,3.5,21727.657,40.11,0.21,1.13,-0.14,15944.268965517242,101.6718,101.0
2020-03-02,72.51490783691406,73.15315476053108,67.39680886693866,68.50342446012388,341397200,69.75404230753581,71.1399409463393,54.65311180287217,70.62388437752269,71.36782208221345,-0.7439377046907651,-0.4369051805861066,-0.30703252410465853,69.75404230753581,74.86064489060686,64.64743972446476,4.551843686035646,-438337200,258.076,0.6306451612903226,4.4,21727.657,33.42,0.15,1.1,-0.03,16013.451612903225,97.606,89.1
2020-03-03,70.21192169189453,73.77444923958154,69.35768648718881,73.69436839212973,319475600,69.81945364815849,71.0515581602017,45.854482886571574,70.56050550281066,71.28219983107871,-0.7216943282680575,-0.4938630101224968,-0.22783131814556068,69.81945364815849,74.55809648812789,65.08081080818909,4.532546409800943,-757812800,258.076,0.6112903225806452,4.4,21727.657,36.82,0.38,1.02,0.07,16046.303225806452,97.606,89.1
2020-03-04,73.46865844726562,73.62882752036336,71.13651616592851,71.939783286025,219178400,70.27560424804688,71.28175818754112,56.51573580981492,71.00791364811143,71.44415972857404,-0.4362460804626096,-0.48233962419051934,0.04609354372790975,70.27560424804688,75.32277655766671,65.22843193842704,4.393091337134429,-538634400,258.076,0.5919354838709677,4.4,21727.657,31.99,0.29,1.02,0.3,16079.154838709677,97.606,89.1
2020-03-05,71.08554077148438,72.69449642985231,70.71909308665877,71.71650028960082,187572800,70.36559719509549,71.26307081458333,48.92439150600259,71.0198562824765,71.4175953613822,-0.39773907890570115,-0.46541951513355573,0.06768043622785458,70.36559719509549,75.15127050164601,65.57992388854497,4.210477339742476,-726207200,258.076,0.5725806451612904,4.4,21727.657,39.62,0.39,0.92,0.3,16112.006451612904,97.606,89.1
2020-03-06,70.14151763916016,70.5759151634938,68.24862422437134,68.43548440571074,226176800,70.34318923950195,71.1562562264478,46.27285603971436,70.88472726042782,71.32307108566205,-0.4383438252342273,-0.4600043771536901,0.021660551919462756,70.34318923950195,74.88526787052399,65.80111060847992,4.073121260479532,-952384000,258.076,0.5532258064516129,4.4,21727.657,41.94,0.45,0.74,0.29,16144.85806451613,97.606,89.1
2020-03-09,64.5938720703125,67.48660157527603,63.82457638904733,64.00658563730508,286744800,69.8205240423029,70.53126725919681,34.45507455431374,69.91690338502546,70.82461189933987,-0.9077085143144075,-0.5495452045858336,-0.3581633097285739,69.8205240423029,75.26865552002191,64.3723925645839,4.277104895900741,-1239128800,258.076,0.49516129032258066,4.4,21727.657,54.46,0.45,0.54,0.21,16243.412903225806,97.606,89.1
2020-03-10,69.24602508544922,69.51297346708441,65.37044115282052,67.25606172575357,285290000,69.77264912923177,70.40886324264942,46.739270324581796,69.8136913389368,70.70767954275537,-0.8939882038185658,-0.61843380443238,-0.27555439938618576,69.77264912923177,74.99849581054306,64.54680244792047,4.330604604306671,-953838800,258.076,0.47580645161290325,4.4,21727.657,47.3,0.35,0.76,0.32,16276.264516129033,97.606,89.1
2020-03-11,66.84107208251953,68.24618550081415,65.97470631539656,67.31672823268998,255598800,69.5471432025616,70.06907360835133,42.32331548396474,69.356365299488,70.42126417533049,-1.0648988758424878,-0.7077268187144016,-0.3571720571280862,69.5471432025616,74.80543999004247,64.28884641508073,4.249121078594824,-1209437600,258.076,0.45645161290322583,4.4,21727.657,53.9,0.36,0.82,0.4,16309.116129032258,97.606,89.1
2020-03-12,60.240211486816406,65.52333473547242,60.18439634961911,62.11126834135515,418474000,68.88236236572266,69.13299150153848,33.084007296409155,67.95388009753853,69.66711212432945,-1.7132320267909193,-0.9088278603297052,-0.8044041664612142,68.88236236572266,75.85769409770401,61.90703063374131,4.421089268188081,-1627911600,258.076,0.4370967741935484,4.4,21727.657,75.47,0.41,0.88,0.55,16341.967741935485,97.606,89.1
2020-03-13,67.4574966430664,67.93072375869788,61.38566570157223,64.28325788918951,370732000,68.78737131754558,68.97342056263638,46.767441273057386,67.87751341223512,69.50343690349516,-1.625923491260039,-1.052246986515772,-0.5736765047442671,68.78737131754558,75.56357040037945,62.0111722347117,4.711265332657301,-1257179600,258.076,0.417741935483871,4.4,21727.657,57.83,0.57,0.94,0.66,16374.81935483871,97.606,89.1
2020-03-16,58.7792854309082,62.873275496652674,58.242963182289955,58.716186517548486,322423600,68.16186594963074,68.00255055009083,36.9763651453406,66.47778603049251,68.70905531293316,-2.2312692824406497,-1.2880514457007477,-0.943217836739902,68.16186594963074,76.3179978331879,60.00573406607358,5.0851652468875175,-1579603200,258.076,0.35967741935483877,4.4,21727.657,82.69,0.65,0.73,0.49,16473.37419354839,97.606,89.1
2020-03-17,61.36381912231445,62.5165408014644,57.854678750743666,60.06548484229005,324056000,67.76198084214154,67.37029041411213,40.941910118839075,65.69102189077282,68.1649637432577,-2.4739418524848844,-1.525229527057575,-0.9487123254273093,67.76198084214154,76.29682226784426,59.227139416438824,5.220891938954319,-1255547200,258.076,0.3403225806451613,4.4,21727.657,75.91,0.86,1.02,0.83,16506.225806451614,97.606,89.1
2020-03-18,59.86163330078125,60.66975488014331,57.54404792376218,58.18714954728448,300233600,67.32307264539931,66.65518021284252,39.39053282148747,64.79419287692795,67.54990222900018,-2.7557093520722304,-1.7713254920605062,-0.9843838600117243,67.32307264539931,76.37272477093308,58.273420519865546,5.152422705175677,-1555780800,258.076,0.3209677419354839,4.4,21727.657,76.45,1.1,1.18,1.16,16539.07741935484,97.606,89.1
2020-03-19,59.40297317504883,61.35896558109421,58.87636011980493,60.036365596883776,271857200,66.90622530485454,65.96449382829074,38.90578537670914,63.964774461254244,66.94642600278156,-2.98165154152732,-2.013390701953869,-0.9682608395734511,66.90622530485454,76.39815450134874,57.41429610836035,4.947705292542038,-1827638000,258.076,0.3016129032258065,4.4,21727.657,72.0,1.16,1.12,1.08,16571.929032258064,97.606,89.1
2020-03-20,55.63174057006836,61.11385881136198,55.330817248448476,59.98539913252844,401693200,66.34250106811524,64.98042208941241,35.08286110839778,62.68276924722564,66.10830115591392,-3.425531908688278,-2.295818943300751,-1.1297129653875269,66.34250106811524,76.81835640428383,55.86664573194664,4.874036688896642,-2229331200,258.076,0.28225806451612906,4.4,21727.657,66.04,1.15,0.92,0.87,16604.780645161292,97.606,89.1
2020-03-23,54.449893951416016,55.45215955190559,51.595989830091725,55.350234801464175,336752800,65.44689388275147,63.97751464769848,33.95677795014625,61.416173047870316,65.24471543706223,-3.8285423891919095,-2.602363632478983,-1.2261787567129265,65.44689388275147,76.7418021495683,54.151985615934635,4.846821545152634,-2566084000,258.076,0.22419354838709682,4.4,21727.657,61.59,1.2,0.76,0.74,16703.335483870967,97.606,89.1
2020-03-24,59.912601470947266,60.109170897229895,56.859698759909456,57.35961698057595,287531200,64.94697532653808,63.590380059436455,43.055109090035245,61.18485434372831,64.84974403216482,-3.66488968843651,-2.8148688436704883,-0.8500208447660218,64.94697532653808,76.29225439997114,53.60169625310501,5.006990910677281,-2278552800,258.076,0.2048387096774194,4.4,21727.657,61.67,1.22,0.84,0.83,16736.187096774192,97.606,89.1
2020-03-25,59.58255386352539,62.67185674280047,59.286485163699844,60.85176409780143,303602000,64.37510242462159,63.20868232649254,42.67260510274733,60.93834657754324,64.4595817974508,-3.5212352199075525,-2.956142118917901,-0.5650931009896514,64.37510242462159,75.59054943612453,53.15965541311864,5.052405640569694,-2582154800,258.076,0.185483870967742,4.4,21727.657,63.95,1.31,0.88,0.88,16769.03870967742,97.606,89.1
2020-03-26,62.717960357666016,62.77620094683011,59.78639763980699,59.82522716790813,252087200,64.19212188720704,63.161946900890015,47.44893930631547,61.21213331294675,64.33057280191119,-3.118439488964441,-2.988601592927209,-0.12983789603723173,64.19212188720704,75.3903169186221,52.99392685579197,5.077886393154814,-2330067600,258.076,0.16612903225806458,4.4,21727.657,61.0,1.42,0.83,0.83,16801.890322580646,97.606,89.1
2020-03-27,60.121307373046875,62.09428547221415,59.95385824110164,61.33712804392787,204216800,63.881249618530276,62.872362183952575,44.166967637260846,61.04431393757754,64.01877536273605,-2.974461425158509,-2.9857735593734693,0.011312134214960246,63.881249618530276,75.16866327464899,52.59383596241155,4.824112169329924,-2534284400,258.076,0.14677419354838717,4.4,21727.657,65.54,1.42,0.72,0.69,16834.74193548387,97.606,89.1
2020-03-30,61.83704376220703,62.0093475048291,60.52414930589501,60.849342024154396,167976400,63.34735641479492,62.77376042950062,46.786084438818186,61.16627237213593,63.85716561454872,-2.690893242412791,-2.926797495981334,0.23590425356854272,63.34735641479492,73.93948952869546,52.755223300894386,4.607607793259233,-2366308000,258.076,0.08870967741935487,4.4,21727.657,57.08,1.31,0.7,0.58,16933.29677419355,97.606,89.1
2020-03-31,61.71084213256836,63.70080921944118,61.155108844211355,62.028754737466606,197002000,62.922302436828616,62.672530115507065,46.61287616398535,61.250052335279385,63.69817868995758,-2.4481263546781946,-2.8310632677207064,0.38293691304251176,62.922302436828616,73.05056906425911,52.79403580939812,4.555777907914745,-2563310000,258.076,0.06935483870967751,4.4,21727.657,53.54,1.34,0.7,0.59,16966.148387096775,97.606,89.1
2020-04-01,58.463809967041016,60.3591327272743,58.031841560613465,59.82038494793416,176218400,62.17206001281738,62.271699625176964,42.27622537746153,60.821399663242715,63.310447673445246,-2.4890480102025307,-2.7626602162170713,0.2736122060145405,62.17206001281738,71.23080363972457,53.11331638591019,4.343086824990064,-2739528400,256.032,0.05,14.8,19935.444,57.06,1.35,0.62,0.53,16999.0,84.6812,71.8
2020-04-02,59.43936538696289,59.49275506292741,57.49065332322106,58.32546967140694,165934000,61.58975124359131,62.00195350725181,43.963061864378716,60.60877900535351,63.023700837409514,-2.4149218320560024,-2.693112539384858,0.2781907073288554,61.58975124359131,69.73272356478772,53.4467789223949,3.9367717869775554,-2573594400,256.032,0.05,14.8,19935.444,50.91,1.28,0.63,0.54,17027.98,84.6812,71.8
2020-04-03,58.585140228271484,59.626231543601605,57.99300285608874,58.9224639013772,129880000,61.011932373046875,61.6765427187775,42.78408414120098,60.29744996272551,62.69491857006596,-2.39746860734045,-2.6339837529759764,0.23651514563552656,61.011932373046875,68.233531600984,53.790333145109756,3.395250017458728,-2703474400,256.032,0.05,14.8,19935.444,46.8,1.29,0.62,0.52,17056.96,84.6812,71.8
2020-04-06,63.69597244262695,63.85128318813444,60.519304472441405,60.88817397325163,201820400,60.9670373916626,61.868869359144114,51.21389387303377,60.82029957501804,62.76907070877418,-1.9487711337561393,-2.496941229132009,0.5481700953758697,60.9670373916626,68.1097391908126,53.82433559251259,3.438412939540315,-2501654000,256.032,0.05,14.8,19935.444,45.24,1.2,0.67,0.52,17143.9,84.6812,71.8
2020-04-07,62.958213806152344,65.93588999958892,62.85386360925453,65.7174729657415,202887200,60.65264682769775,61.97261644933537,50.067163623367335,61.149209456731015,62.78308130857997,-1.6338718518489586,-2.324327353675399,0.6904555018264404,60.65264682769775,66.7932862521136,54.5120074032819,3.3857168818104664,-2704541200,256.032,0.05,14.8,19935.444,46.7,1.18,0.75,0.61,17172.88,84.6812,71.8
2020-04-08,64.5696029663086,64.88508270225176,63.395037501230945,63.76147775323179,168895200,60.539073371887206,62.219948498570915,52.56543281840083,61.675423842819875,62.9154162461895,-1.2399924033696266,-2.1074603636142446,0.867467960244618,60.539073371887206,66.28929462612501,54.78885211764939,3.346021412868333,-2535646000,256.032,0.05,14.8,19935.444,43.35,1.09,0.77,0.55,17201.86,84.6812,71.8
2020-04-09,65.0355453491211,65.54032183594127,64.23713674062121,65.20785277807086,161834800,60.77884006500244,62.48810057957569,53.2931292248113,62.19236561302006,63.07246284640666,-0.8800972333866,-1.8619877375687157,0.9818905041821158,60.77884006500244,66.8501562787504,54.70752385125448,3.0260316651830874,-2373811200,256.032,0.05,14.8,19935.444,41.67,0.97,0.73,0.48,17230.84,84.6812,71.8
2020-04-13,66.31206512451172,66.4212736836315,64.51138291538209,65.11322975905965,131022800,60.721568489074706,62.852287679093415,55.315640001029394,62.826165537864924,63.31243338552555,-0.4862678476606277,-1.5868437595870981,1.1005759119264704,60.721568489074706,66.55682217747376,54.88631480067565,2.8741845243454285,-2242788400,256.032,0.05,14.8,19935.444,41.17,0.978,0.76,0.5,17346.760000000002,84.6812,71.8
2020-04-14,69.6610107421875,69.95222853281514,67.47689953040836,67.95012658868427,194994800,61.265654754638675,63.500737494626186,60.18650014983296,63.87768018468378,63.782698374907916,0.09498180977586657,-1.2504786457145052,1.3454604554903717,61.265654754638675,68.2006600909173,54.33064941836005,2.7299621288089675,-2047793600,256.032,0.05,14.8,19935.444,37.76,0.98,0.76,0.56,17375.74,84.6812,71.8
2020-04-15,69.02518463134766,69.48627323972364,68.10300741459568,68.5325465687292,131154400,61.64872303009033,64.02687531717109,58.8743273723644,64.669603945709,64.17103069019974,0.4985732555092568,-0.9006682654697529,1.3992415209790097,61.64872303009033,69.36542357711653,53.932022483064124,2.599435825129767,-2178948000,256.032,0.05,14.8,19935.444,40.84,0.99,0.63,0.49,17404.72,84.6812,71.8
2020-04-16,69.57365417480469,69.94010189303526,68.52042803590564,69.74110330393147,157125200,62.134324073791504,64.55513997027906,59.69071399596684,65.42407321172372,64.5712250223927,0.8528481893310271,-0.5499649745095969,1.402813163840624,62.134324073791504,70.53232399207397,53.736324155509045,2.4727234518315457,-2021822800,256.032,0.05,14.8,19935.444,40.11,1.0,0.61,0.47,17433.7,84.6812,71.8
2020-04-17,68.62963104248047,69.63675500516926,67.1881169210457,69.08829799292641,215250000,62.59565696716309,64.94318673906014,57.572298059744156,65.91723595491706,64.87184769054734,1.0453882643697199,-0.23089432673373356,1.2762825911034534,62.59565696716309,71.34898990099653,53.842324033329646,2.450190306657202,-2237072800,256.032,0.05,14.8,19935.444,38.15,0.99,0.65,0.53,17462.68,84.6812,71.8
2020-04-20,67.20510864257812,68.35783414900595,67.18569757688921,67.4526460174679,130015200,63.17432537078857,65.15860787272852,54.432962344885034,66.11537021455723,65.04468183514221,1.0706883794150173,0.02942221449601662,1.0412661649190007,63.17432537078857,71.53085524852895,54.817795493048195,2.4184684019292755,-2367088000,256.032,0.05,14.8,19935.444,43.83,0.98,0.63,0.51,17549.620000000003,84.6812,71.8
2020-04-21,65.12776947021484,67.28276042085989,64.41429253639382,67.0473614677832,180991600,63.70821914672852,65.15567088201294,50.13932381272628,65.96343163850456,65.05083647477723,0.9125951637273317,0.20605680434227966,0.706538359385052,63.70821914672852,71.07242103106518,56.34401726239186,2.441523224017579,-2548079600,256.032,0.05,14.8,19935.444,45.41,0.93,0.58,0.47,17578.600000000002,84.6812,71.8
2020-04-22,67.00367736816406,67.4404966317663,66.05723069304202,66.39940158614417,116862400,64.06277294158936,65.33167149974162,53.691640609477304,66.12346944306756,65.19549135576885,0.9279780872987118,0.3504410609335661,0.5775370263651457,64.06277294158936,71.34420838311951,56.7813375000592,2.343932266131618,-2431217200,256.032,0.05,14.8,19935.444,41.98,0.9,0.63,0.51,17607.58,84.6812,71.8
2020-04-23,66.74400329589844,68.37480642869768,66.7051737682157,66.94785276175145,124814400,64.42084541320801,65.4661792898518,53.12738777651696,66.21893618965693,65.3101959439266,0.9087402457303284,0.4621008978929186,0.44663934783740983,64.42084541320801,71.48694512624144,57.35474570017459,2.3201844747584492,-2556031600,256.032,0.05,14.8,19935.444,41.38,0.88,0.61,0.5,17636.56,84.6812,71.8
2020-04-24,68.67088317871094,68.68059241326806,67.22208912055947,67.27062788736906,126161200,64.71849155426025,65.77138918402885,56.75879998121975,66.59615880335755,65.55913573909581,1.0370230642617457,0.577085331166684,0.4599377330950617,64.71849155426025,71.97162832069175,57.46535478782876,2.3418530768910744,-2429870400,256.032,0.05,14.8,19935.444,35.93,0.77,0.6,0.48,17665.54,84.6812,71.8
2020-04-27,68.71942901611328,69.05189812563647,67.93800218832392,68.38695250061332,117087600,65.14839763641358,66.0521548823226,56.84950351889558,66.92281575916613,65.7932315373934,1.1295842217727312,0.6875851092878935,0.4419991124848377,65.14839763641358,72.27885313590326,58.01794213692389,2.0452640038517598,-2312782800,256.032,0.05,14.8,19935.444,33.29,0.72,0.67,0.55,17752.48,84.6812,71.8
2020-04-28,67.60552215576172,69.36494515545422,67.51331034369456,69.18293587962397,112004800,65.4368215560913,66.20009462265013,54.048021410588994,67.02784751248853,65.92747528690217,1.1003722255863693,0.7701425325475888,0.33022969303878047,65.4368215560913,72.47423027557787,58.399412836604746,1.9573788910964223,-2424787600,256.032,0.05,14.8,19935.444,33.57,0.65,0.62,0.51,17781.460000000003,84.6812,71.8
2020-04-29,69.82604217529297,70.29684010085327,68.89415555935265,69.0980050622793,137280800,65.84258155822754,66.54542296099706,58.44427319034706,67.45833899907383,66.21625801937556,1.2420809796982724,0.8645302219777256,0.3775507577205468,65.84258155822754,72.9096193933939,58.77554372306118,2.0119823945958606,-2287506800,256.032,0.05,14.8,19935.444,31.23,0.59,0.63,0.53,17810.440000000002,84.6812,71.8
2020-04-30,71.29908752441406,71.47624586127782,69.97649141267905,70.36720104938254,183064000,66.48434543609619,66.99815291941772,61.102809995913255,68.04922338758772,66.59276390863768,1.4564594789500376,0.982916073372188,0.4735434055778496,66.48434543609619,73.06925376474817,59.899437107444214,2.0367694367862024,-2104442800,256.032,0.05,14.8,19935.444,34.15,0.47,0.64,0.55,17839.420000000002,84.6812,71.8
2020-05-01,70.15121459960938,72.56101509610286,69.36978798695081,69.46685809785768,240616800,67.01993789672852,67.29844450800739,57.98949203236465,68.37260665097567,66.85635284870966,1.5162538022660073,1.089583619150952,0.4266701831150552,67.01993789672852,72.93402427377214,61.105851519684904,2.128293461136391,-2345059600,255.802,0.05,13.2,19935.444,37.19,0.42,0.64,0.52,17868.4,86.0108,72.3
2020-05-04,71.14379119873047,71.27241079901312,69.4838673851674,70.17550415897956,133568000,67.64787044525147,67.66466800236198,59.89250913353637,68.79894273524565,67.17394087463713,1.6250018606085206,1.1966672674424659,0.4283345931660547,67.64787044525147,72.39879576595264,62.8969451245503,1.9960348901036977,-2211491600,255.802,0.05290322580645161,13.2,19935.444,35.97,0.37,0.64,0.51,17896.764516129035,86.0108,72.3
2020-05-05,72.2115707397461,73.04638718577591,71.45926427424553,71.60487317175793,147751200,68.07365036010742,68.09770635830333,61.89236633603279,69.32396242824572,67.54709864242298,1.7768637858227407,1.3127065711185208,0.4641572147042199,68.07365036010742,72.85780229856684,63.289498421648005,2.0206486514932425,-2063740400,255.802,0.053870967741935484,13.2,19935.444,33.61,0.34,0.66,0.53,17906.21935483871,86.0108,72.3
2020-05-06,72.95658874511719,73.58997737842726,72.52947133643356,72.9153300566067,142333600,68.57356910705566,68.56045706180942,63.26856534661638,69.88282801545671,67.94780161299292,1.9350264024637909,1.437170537387575,0.49785586507621593,68.57356910705566,73.20212330711814,63.94501490699317,2.0177009930326384,-1921406800,255.802,0.054838709677419356,13.2,19935.444,34.12,0.33,0.72,0.6,17915.674193548388,86.0108,72.3
2020-05-07,73.71131896972656,74.05835557711725,73.28177979492443,73.58512855265982,115215200,69.03065490722656,69.0510153387539,64.66087152888198,70.47182662380592,68.37472882460281,2.0970977992031123,1.5691559897506826,0.5279418094524297,69.03065490722656,73.79098578092324,64.27032403352989,1.9214959035952464,-1806191600,255.802,0.05580645161290323,13.2,19935.444,31.44,0.32,0.63,0.52,17925.129032258064,86.0108,72.3
2020-05-08,75.46578979492188,75.51932400836401,74.04470854157813,74.37321360469922,133838400,69.5521671295166,69.66194623934132,67.72368080447225,71.24012865013145,68.899992600182,2.34013604994945,1.7233520017904362,0.6167840481590139,69.5521671295166,74.71577654187455,64.38855771715866,1.9475010159556885,-1672353200,255.802,0.0567741935483871,13.2,19935.444,27.98,0.3175,0.69,0.57,17934.583870967745,86.0108,72.3
2020-05-11,76.65325927734375,77.14965926401848,74.7625342106639,74.97180698726206,145946400,70.0692268371582,70.32778557629393,69.64149068332733,72.07291797739488,69.47430865034214,2.598609327052742,1.8984034668428975,0.7002058602098444,70.0692268371582,75.86395797295258,64.27449570136382,1.9131193851620105,-1526406800,255.802,0.05967741935483871,13.2,19935.444,27.57,0.31,0.73,0.61,17962.948387096774,86.0108,72.3
2020-05-12,75.7772445678711,77.79206581684177,75.65557660011677,77.3394571152635,162301200,70.37503852844239,70.84678167072985,66.5022023747434,72.64281437592967,69.94119279238133,2.701621583548345,2.059047090183987,0.642574493364358,70.37503852844239,76.67486320702102,64.07521384986376,1.9005309605315495,-1688708000,255.802,0.06064516129032258,13.2,19935.444,33.04,0.29,0.69,0.56,17972.40322580645,86.0108,72.3
2020-05-13,74.86229705810547,76.88198972405412,73.78188493945902,75.95730873840742,200622400,70.66689414978028,71.22921170762277,63.293061998483125,72.98427325011056,70.30571903428682,2.6785542158237376,2.1829485153119372,0.4956057005118004,70.66689414978028,77.22507597706354,64.10871232249701,2.002707540825344,-1889330400,255.802,0.061612903225806454,13.2,19935.444,35.28,0.26,0.64,0.51,17981.85806451613,86.0108,72.3
2020-05-14,75.32220458984375,75.38303857132479,73.373081446864,74.09822517948626,158929200,70.95432167053222,71.61902055354857,64.2275220439171,73.34395499468489,70.67731055692067,2.6666444377642193,2.279687699802394,0.3869567379618255,70.95432167053222,77.79352037294333,64.11512296812111,2.007948112760427,-1730401200,255.802,0.06258064516129033,13.2,19935.444,32.61,0.27,0.63,0.51,17991.312903225808,86.0108,72.3
2020-05-15,74.87690734863281,74.92314177584109,73.05188761996168,73.08595821938853,166348400,71.26668548583984,71.92929548641374,62.56671157272922,73.57979381836918,70.9883918007512,2.5914020176179804,2.3420305633655114,0.24937145425246898,71.26668548583984,78.22232008347255,64.31105088820713,2.0905496150868217,-1896749600,255.802,0.0635483870967742,13.2,19935.444,31.89,0.26,0.64,0.52,18000.767741935484,86.0108,72.3
2020-05-18,76.64110565185547,77.01584517686892,75.51203045613542,76.20553955193793,135178400,71.73848533630371,72.3780393116939,66.28624227543634,74.05076486967477,71.40711134527744,2.6436535243973225,2.4023551555718736,0.24129836882544886,71.73848533630371,78.80729495275436,64.66967571985306,2.111071259120853,-1761571200,255.802,0.0664516129032258,13.2,19935.444,29.3,0.25,0.73,0.6,18029.132258064517,86.0108,72.3
2020-05-19,76.1982192993164,77.50736040977804,76.16658443916718,76.65812036126512,101729600,72.2920078277588,72.74186597718176,64.55215677964951,74.38114247423502,71.76200823076182,2.619134243473198,2.4457109731521385,0.17342327032105942,72.2920078277588,78.9237537028038,65.6602619527138,2.014603975229375,-1863300800,255.802,0.06741935483870967,13.2,19935.444,30.53,0.24,0.7,0.57,18038.587096774194,86.0108,72.3
2020-05-20,77.68013763427734,77.75069971271533,77.02069186607584,77.05962650901947,111504800,72.82583084106446,73.21217756357181,67.60588178653366,74.88868019116461,72.2003881865778,2.6882920045868133,2.494227179439074,0.19406482514773948,72.82583084106446,79.38733113180898,66.26433055031994,2.007623741473238,-1751796000,255.802,0.06838709677419355,13.2,19935.444,27.99,0.24,0.68,0.56,18048.04193548387,86.0108,72.3
2020-05-21,77.10100555419922,78.08408497746194,76.86253362412333,77.54144307709652,102688800,73.34368095397949,73.58254213410775,65.24053060858256,75.22903793932379,72.56339688047568,2.6656410588481094,2.5285099553208807,0.13713110352722868,73.34368095397949,79.52739420860192,67.15996769935705,1.8669326160579922,-1854484800,255.802,0.06935483870967743,13.2,19935.444,29.53,0.24,0.68,0.56,18057.49677419355,86.0108,72.3
2020-05-22,77.59738159179688,77.680114899079,76.73597050559098,76.83816741563646,81803200,73.79000587463379,73.96490779674481,66.32795363781662,75.59339850124272,72.93628463686984,2.6571138643728744,2.5542307371312796,0.10288312724159487,73.79000587463379,79.84750303845709,67.73250871081049,1.8066184003181565,-1772681600,255.802,0.0703225806451613,13.2,19935.444,28.16,0.25,0.66,0.54,18066.951612903227,86.0108,72.3
2020-05-26,77.07180786132812,78.89925602718259,77.01583791238306,78.71918977774382,125522000,74.20762481689454,74.26080304099085,64.04336985804969,75.82084609510201,73.24261969053342,2.5782264045685963,2.559029870618743,0.01919653394985321,74.20762481689454,79.95284408915289,68.46240554463618,1.805248552300591,-1898203600,255.802,0.07419354838709677,13.2,19935.444,28.01,0.23,0.69,0.55,18104.770967741937,86.0108,72.3
2020-05-27,77.4075927734375,77.55359582351838,76.1860490206754,76.92822809774341,112945200,74.69772834777832,74.56049730122386,64.87576507330323,76.06496096869209,73.55113621519297,2.5138247534991223,2.549988847194819,-0.03616409369569684,74.69772834777832,79.73530173953576,69.66015495602089,1.8044728497407203,-1785258400,255.802,0.07516129032258065,13.2,19935.444,27.62,0.21,0.68,0.53,18114.225806451614,86.0108,72.3
2020-05-28,77.441650390625,78.70456430922319,76.80411151901345,77.0815105842542,133560800,75.07850875854493,74.83489283354778,64.9643578755369,76.27675934129716,73.83932245041017,2.4374368908869997,2.527478455933255,-0.09004156504625538,75.07850875854493,79.72138795094861,70.43562956614124,1.8615218467556969,-1651697600,255.802,0.07612903225806451,13.2,19935.444,28.59,0.2,0.7,0.55,18123.68064516129,86.0108,72.3
2020-05-29,77.36624908447266,78.14735557175203,77.00854486442455,77.6850186530704,153532400,75.38186683654786,75.07597438125491,64.57601788214143,76.44437314793954,74.10057627515553,2.3437968727840115,2.4907421393034066,-0.1469452665193951,75.38186683654786,79.78393099874174,70.97980267435398,1.8137222516621279,-1805230000,255.802,0.07709677419354839,13.2,19935.444,27.51,0.2,0.65,0.51,18133.135483870967,86.0108,72.3
2020-06-01,78.31768798828125,78.43935598036309,77.18860545726987,77.32000896800524,80791200,75.79019050598144,75.38470901049551,67.23737060552622,76.73257543106904,74.41295492057226,2.319620510496776,2.4565178135420807,-0.13689730304530467,75.79019050598144,79.65840981390956,71.92197119805333,1.7325526423577446,-1724438800,257.042,0.08,11.0,19935.444,28.23,0.2,0.66,0.52,18161.5,91.6745,78.1
2020-06-02,78.68025207519531,78.70458715753213,77.60713955055513,78.05001280060178,87642800,76.1670135498047,75.69857025475264,68.2172772856006,77.03221799170385,74.7290510060999,2.3031669856039514,2.4258476479544546,-0.12268066235050323,76.1670135498047,79.59452344170694,72.73950365790245,1.6583353845186022,-1636796000,257.042,0.08033333333333334,11.0,19935.444,26.84,0.18,0.68,0.53,18166.496666666666,91.6745,78.1
2020-06-03,79.11337280273438,79.37617975384588,78.42716372886015,79.00144035927285,104491200,76.5121036529541,76.02378954503662,69.39490643819272,77.3523956549393,75.05381558362836,2.298580071310937,2.400394132625751,-0.10181406131481419,76.5121036529541,79.6551239116634,73.3690833942448,1.5046861874036463,-1532304800,257.042,0.08066666666666666,11.0,19935.444,25.66,0.17,0.77,0.61,18171.493333333332,91.6745,78.1
2020-06-04,78.43206024169922,79.23506606043094,78.05732072747928,78.93576753713425,87560400,76.7858772277832,76.2531486590045,65.2963717901204,77.51849789905621,75.30405592867065,2.2144419703855647,2.363203700177714,-0.1487617297921493,76.7858772277832,79.57651835019956,73.99523610536684,1.4452424880101375,-1619865200,257.042,0.081,11.0,19935.444,25.81,0.17,0.82,0.67,18176.49,91.6745,78.1
2020-06-05,80.66585540771484,80.72668938615203,78.65347007438078,78.68266919586698,137250400,77.13360404968262,76.67340644459595,71.28459062186379,78.00270674654216,75.7012262604517,2.3014804860904547,2.350859057360262,-0.04937857126980738,77.13360404968262,80.03606620143591,74.23114189792932,1.4469790719080475,-1482614800,257.042,0.08133333333333334,11.0,19935.444,24.52,0.16,0.91,0.76,18181.486666666668,91.6745,78.1
2020-06-08,81.14280700683594,81.17687760567065,79.64872807646304,80.36170065582685,95654400,77.41745491027832,77.09906364099977,72.38045047661564,78.48579909427967,76.10430631573942,2.381492778540249,2.3569858015962595,0.0245069769439894,77.41745491027832,80.69776314133975,74.1371466792169,1.4033513362631547,-1386960400,257.042,0.08233333333333333,11.0,19935.444,25.81,0.14,0.88,0.71,18196.476666666666,91.6745,78.1
2020-06-09,83.70512390136719,84.09932691847067,80.78996422247816,80.82159908143493,147712400,77.77004814147949,77.72821223722525,77.37571115039074,79.28877214152389,76.66732984060073,2.6214423009231638,2.4098771014616407,0.21156519946152308,77.77004814147949,82.01896464092198,73.521131642037,1.5439646737904147,-1239248000,257.042,0.08266666666666667,11.0,19935.444,27.57,0.12,0.84,0.65,18201.473333333335,91.6745,78.1
2020-06-10,85.85867309570312,86.3283097920722,84.21615510054647,84.6565926651657,166651600,78.2741195678711,78.50254184279457,80.55831200439034,80.29952613447453,77.34817008171943,2.951356052755102,2.518172891720333,0.43318316103476917,78.2741195678711,83.6896395725463,72.8585995631959,1.6204436364551356,-1072596400,257.042,0.083,11.0,19935.444,27.57,0.15,0.75,0.58,18206.47,91.6745,78.1
2020-06-11,81.7365493774414,85.42552350785493,81.63435243044103,84.99968556796321,201662400,78.61783218383789,78.81054256037999,62.4495920544684,80.5206066333925,77.67323521473587,2.8473714186566355,2.584012597107594,0.26335882154904144,78.61783218383789,83.99601783897752,73.23964652869826,1.8349271587353846,-1274258800,257.042,0.08333333333333333,11.0,19935.444,40.79,0.14,0.66,0.49,18211.466666666667,91.6745,78.1
2020-06-12,82.44220733642578,84.63223063265221,81.32773208201846,83.88275926094929,200146000,78.973832321167,79.15641539619388,63.9438139177992,80.81623751078224,78.02649240893511,2.7897451018471315,2.6251590980555015,0.16458600379163002,78.973832321167,84.37483902028556,73.57282562204843,2.0035238842457943,-1074112800,257.042,0.08366666666666667,11.0,19935.444,36.09,0.16,0.71,0.55,18216.463333333333,91.6745,78.1
2020-06-15,83.4617919921875,84.1163662672843,80.92866395631923,81.09170230417108,138808800,79.40307655334473,79.56645126247899,66.04615473557132,81.22324589253691,78.42910719287973,2.794138699657182,2.658955018375838,0.13518368128134428,79.40307655334473,84.79800643946174,74.00814666722772,2.0966870411147625,-935304000,257.042,0.08466666666666667,11.0,19935.444,34.4,0.12,0.71,0.53,18231.453333333335,91.6745,78.1
2020-06-16,85.6737060546875,85.9462485185203,83.88275727706606,85.52283897490148,165428800,79.85470657348633,80.14809457602266,70.11693877206497,81.9079320713293,78.96574414560622,2.9421879257230756,2.715601599845286,0.22658632587778982,79.85470657348633,85.73925005554452,73.97016309142813,2.1764663070783214,-769875200,257.042,0.08499999999999999,11.0,19935.444,33.67,0.14,0.75,0.58,18236.45,91.6745,78.1
2020-06-17,85.55449676513672,86.48160625971012,85.43282877449953,86.42077226439153,114406400,80.32252044677735,80.66299002260494,69.63240170541752,82.46894202422274,79.45379989520107,3.015142129021669,2.7755097056805624,0.23963242334110646,80.32252044677735,86.45244658993705,74.19259430361764,2.1156323567212394,-884281600,257.042,0.08533333333333333,11.0,19935.444,33.47,0.15,0.74,0.57,18241.446666666667,91.6745,78.1
2020-06-18,85.58856201171875,86.00710017036369,84.97778636060843,85.51069272033729,96820400,80.71794166564942,81.13209211680626,69.6968450431656,82.94888356076059,79.90822671864683,3.040656842113762,2.8285391329672027,0.21211770914655936,80.71794166564942,87.12889823440221,74.30698509689663,2.1078111497517944,-787461200,257.042,0.08566666666666667,11.0,19935.444,32.94,0.15,0.71,0.55,18246.443333333333,91.6745,78.1
2020-06-19,85.09944915771484,86.76386617293707,83.9874020783935,86.29666530516798,264476000,81.1178638458252,81.50993564451184,67.48252136672428,83.27973980644586,80.29276171413335,2.986978092312512,2.8602269248362644,0.1267511674762476,81.1178638458252,87.57415452541755,74.66157316623284,2.216790690569677,-1051937200,257.042,0.086,11.0,19935.444,35.12,0.16,0.7,0.55,18251.440000000002,91.6745,78.1
2020-06-22,87.32595825195312,87.46952555006234,85.44740469919928,85.49363911693206,135445200,81.604292678833,82.06384255950626,71.86460866230358,83.90223495190851,80.81373923545333,3.088495716455185,2.9058806831600483,0.18261503329513662,81.604292678833,88.38415738780466,74.82442796986135,2.30769274666757,-916492000,257.042,0.087,11.0,19935.444,31.77,0.14,0.71,0.55,18266.43,91.6745,78.1
2020-06-23,89.18993377685547,90.61345070235802,88.15332015682368,88.57429406296431,212155600,82.21019897460937,82.74251791353952,74.91264069460175,84.71572707882343,81.434198090372,3.281528988451427,2.9810103442183244,0.3005186442331027,82.21019897460937,89.4142105073828,75.00618744183593,2.4747267770546535,-704336400,257.042,0.08733333333333333,11.0,19935.444,31.37,0.14,0.72,0.56,18271.426666666666,91.6745,78.1
2020-06-24,87.61553955078125,89.73986501886358,87.24080011710065,88.81761971025675,192623200,82.72059631347656,83.20661521232444,68.1927425567315,85.16185207450926,81.89207523558751,3.269776838921743,3.038763643159008,0.23101319576273482,82.72059631347656,89.93767996786335,75.50351265908978,2.5691067462554593,-896959600,257.042,0.08766666666666667,11.0,19935.444,33.84,0.13,0.69,0.54,18276.423333333336,91.6745,78.1
2020-06-25,88.7786636352539,88.81759826808309,87.00961441983011,87.77125693012813,137522400,83.28744697570801,83.73728649069866,70.31155392292644,85.71828462231613,82.40219289482206,3.3160917274940687,3.09422926002602,0.2218624674680485,83.28744697570801,90.5377986709768,76.03709528043922,2.5343463679554707,-759437200,257.042,0.088,11.0,19935.444,32.22,0.15,0.68,0.52,18281.420000000002,91.6745,78.1
2020-06-26,86.05089569091797,88.8954936232834,85.90245689556569,88.67405701121628,205256800,83.72167930603027,83.95763022405289,60.18582405169658,85.76945555594718,82.67246717601437,3.09698837993281,3.094781084007378,0.002207295925432007,83.72167930603027,90.52818955028788,76.91516906177266,2.638981167849049,-964694000,257.042,0.08833333333333333,11.0,19935.444,34.73,0.17,0.64,0.5,18286.416666666668,91.6745,78.1
2020-06-29,88.03408813476562,88.12899272885664,85.47906041478672,85.95843257929042,130646000,84.20749931335449,84.34586431078743,64.2202275889753,86.1178605680731,83.06962428407002,3.0482362840030817,3.085472124006519,-0.03723584000343738,84.20749931335449,90.7849796011157,77.63001902559328,2.591878997711722,-834048000,257.042,0.08933333333333333,11.0,19935.444,31.78,0.16,0.64,0.5,18301.40666666667,91.6745,78.1
2020-06-30,88.76895904541016,89.05610113430572,87.60094935771706,87.62041296790133,140223200,84.71193466186523,84.76711142837055,65.61080292211302,86.52572187227881,83.49179722935446,3.0339246429243474,3.075162627790085,-0.0412379848657376,84.71193466186523,91.0599042131205,78.36396511060995,2.5084479895605543,-693824800,257.042,0.08966666666666666,11.0,19935.444,30.43,0.14,0.66,0.5,18306.403333333335,91.6745,78.1
2020-07-01,88.60105895996094,89.3919008846663,88.55239622020926,88.84683067288958,110737200,85.18631896972656,85.13224928852203,64.98932810012641,86.84500450115297,83.87026106125124,2.9747434399017294,3.055078790212414,-0.08033535031068473,85.18631896972656,91.19904165754349,79.17359628190962,2.2666754180744784,-804562000,258.352,0.09,10.2,21684.551,28.62,0.16,0.69,0.55,18311.4,95.0037,72.5
2020-07-02,88.60105895996094,90.14867963414797,88.4866981798334,89.51114056301097,114041600,85.69476890563965,85.46261211437336,64.98932810012641,87.11516672558496,84.22069053522974,2.8944761903552205,3.0229582702409754,-0.12848207988575489,85.69476890563965,91.01706506598461,80.37247274529469,2.149352768337394,-804562000,258.352,0.09032258064516129,10.2,21684.551,27.68,0.16,0.68,0.54,18313.683870967743,95.0037,72.5
2020-07-06,90.97114562988281,91.44078222719904,90.00266588363523,90.03430074503379,118655600,86.21003341674805,85.9872343539457,69.68959577851749,87.70839424932309,84.72072424594478,2.9876700033783123,3.0159006168684432,-0.028230613490130896,86.21003341674805,91.4802214993592,80.93984533413689,2.1244971223568956,-685906400,258.352,0.09161290322580645,10.2,21684.551,27.94,0.13,0.69,0.54,18322.81935483871,95.0037,72.5
2020-07-07,90.68888092041016,92.1318614031436,90.57694845637647,91.35075503882443,112424400,86.68733711242676,86.43501021741851,68.50994674847838,88.16693066025957,85.1628099255348,3.004120734724765,3.0135446404397075,-0.00942390571494256,86.68733711242676,91.76082363047452,81.613850594379,2.058101152387919,-798330800,258.352,0.09193548387096774,10.2,21684.551,29.43,0.12,0.65,0.5,18325.10322580645,95.0037,72.5
2020-07-08,92.80103302001953,92.83266788269125,91.58191749535032,91.66952230167387,117092000,87.14213256835937,87.04129810338051,72.2898220569499,88.87986948483803,85.72860422882997,3.1512652560080596,3.041088763553378,0.11017649245468153,87.14213256835937,92.6747310740097,81.60953406270905,2.136316115035812,-681238800,258.352,0.09225806451612903,10.2,21684.551,28.08,0.12,0.67,0.52,18327.387096774193,95.0037,72.5
2020-07-09,93.20010375976562,93.75003795219516,92.14889068283713,93.6965037466287,125642800,87.5092041015625,87.62785102303624,72.95047459563798,89.54452091174997,86.2820486385289,3.2624722732210643,3.0853654654869156,0.17710680773414866,87.5092041015625,93.5986235755652,81.4197846275598,2.177161362150296,-555596000,258.352,0.09258064516129032,10.2,21684.551,29.26,0.14,0.62,0.49,18329.67096774194,95.0037,72.5
2020-07-10,93.3631362915039,93.42154196968667,92.18052712914378,92.79373105488341,90257200,88.09053344726563,88.17406866765221,73.2312576098667,90.13200020094288,86.80657364986038,3.3254265510825007,3.1333776826060324,0.1920488684764683,88.09053344726563,94.08371709218791,82.09734980234335,2.0674864154359613,-465338800,258.352,0.0929032258064516,10.2,21684.551,27.29,0.14,0.65,0.52,18331.95483870968,95.0037,72.5
2020-07-13,92.93242645263672,97.29057387515883,92.71828964483974,94.67227687695217,191649200,88.61504440307617,88.6272455995555,71.13056435976975,90.56283500889577,87.2603405241401,3.3024944847556696,3.16720104303596,0.13529344171970958,88.61504440307617,94.37055230724206,82.85953649891027,2.2247869752910745,-656988000,258.352,0.09387096774193548,10.2,21684.551,32.19,0.14,0.64,0.5,18338.806451612905,95.0037,72.5
2020-07-14,94.4703369140625,94.66256700520943,91.37510273107343,92.31194037994658,170989200,89.16547164916992,89.1837304866514,73.99865518473035,91.16398914815218,87.79441433080102,3.3695748173511646,3.207675797899001,0.16189901945216345,89.16547164916992,94.94990581490501,83.38103748343482,2.224784962700439,-485998800,258.352,0.09419354838709677,10.2,21684.551,29.52,0.12,0.63,0.48,18341.090322580647,95.0037,72.5
2020-07-15,95.1200180053711,96.60193299733245,93.91793786080713,96.35129727473847,153198000,89.63778724670411,89.74909120271994,75.12301721471715,91.77260897233971,88.33705164002843,3.4355573323112765,3.253252104781456,0.18230522752982026,89.63778724670411,95.73862240193446,83.53695209147375,2.237994265183467,-332800800,258.352,0.09451612903225806,10.2,21684.551,27.76,0.11,0.64,0.48,18343.37419354839,95.0037,72.5
2020-07-16,93.94957733154297,94.8085529497705,93.3485372297674,93.98851197519926,110577600,90.05754127502442,90.14913750070309,69.30828925319337,92.1075271814479,88.75279428384432,3.354732897603583,3.273548263345882,0.08118463425770095,90.05754127502442,96.13200177204813,83.98308077800071,2.235386902851375,-443378400,258.352,0.09483870967741935,10.2,21684.551,28.0,0.16,0.62,0.51,18345.65806451613,95.0037,72.5
2020-07-17,93.75978088378906,94.55792255878987,93.28527277756179,94.40219140138757,92186800,90.46610221862792,90.49300829909224,68.38394470108108,92.36172005873117,89.12368218013653,3.238037878594639,3.2664461863956338,-0.02840830780099468,90.46610221862792,96.38035133785841,84.55185309939743,2.112502120959259,-535565200,258.352,0.09516129032258065,10.2,21684.551,25.68,0.16,0.64,0.53,18347.941935483872,95.0037,72.5
2020-07-20,95.73566436767578,95.87436764626261,93.50184205095535,93.8473823794661,90318000,90.99791297912597,90.99230887705257,72.49635876380177,92.88078841395341,89.61345863847276,3.267329775480647,3.2666229042126367,0.0007068712680102784,90.99791297912597,96.79795745634222,85.19786850190972,2.0926873553333545,-445247200,258.352,0.09612903225806452,10.2,21684.551,24.46,0.13,0.62,0.49,18354.793548387097,95.0037,72.5
2020-07-21,94.41434478759766,96.60436824916565,94.16370906625916,96.52893470179353,103433200,91.3523323059082,91.31821705900924,66.2869740222648,93.11672016374483,89.96907983470425,3.147640329040584,3.2428263891782265,-0.09518606013764241,91.3523323059082,97.07734886986728,85.62731574194913,2.1630807414989133,-548680400,258.352,0.0964516129032258,10.2,21684.551,24.84,0.13,0.61,0.48,18357.07741935484,95.0037,72.5
2020-07-22,94.67958068847656,95.36335409074172,94.02744214680403,94.11503952134649,89001600,91.62681465148925,91.63834692848232,66.89984841910791,93.3571602444728,90.31800582387257,3.0391544206002266,3.202091995462627,-0.16293757486240024,91.62681465148925,97.43658016359333,85.81704913938518,2.1985384043189597,-459678800,258.352,0.0967741935483871,10.2,21684.551,24.32,0.13,0.6,0.47,18359.36129032258,95.0037,72.5
2020-07-23,90.37010192871094,94.48977758073065,89.55736078613936,94.41190829825081,197004400,91.76454277038575,91.51756169040885,50.755120587945285,92.89761281127866,90.32186479460132,2.5757480166773377,3.076823199705569,-0.5010751830282314,91.76454277038575,97.31209168441089,86.2169938563606,2.4456982934634337,-656683200,258.352,0.0970967741935484,10.2,21684.551,26.08,0.12,0.59,0.47,18361.645161290322,95.0037,72.5
2020-07-24,90.14625549316406,90.49179589216229,86.76875051213266,88.56214312992445,185438800,91.83292236328126,91.38696110019507,50.07908109440618,92.47432707003027,90.30885669819857,2.1654703718317023,2.894552634130796,-0.7290822622990936,91.83292236328126,97.26406144997418,86.40178327658833,2.5087927300914004,-842122000,258.352,0.09741935483870968,10.2,21684.551,25.84,0.14,0.59,0.48,18363.929032258064,95.0037,72.5
2020-07-27,92.28271484375,92.37518368443884,90.98817335217583,91.21203824708473,121214000,92.14451332092285,91.47227098053364,56.09053454075715,92.44484826598715,90.45506841268386,1.9897798533032898,2.713598077965295,-0.7238182246620051,92.14451332092285,96.8840293559818,87.40499728586391,2.5569366761276604,-720908000,258.352,0.09838709677419355,10.2,21684.551,24.74,0.16,0.62,0.51,18370.780645161292,95.0037,72.5
2020-07-28,90.76675415039062,92.02966845109543,90.76188267824885,91.85203051648675,103625600,92.2811466217041,91.4050789014724,51.36409060461594,92.18667994051076,90.47815624510659,1.7085236954041676,2.5125832014530696,-0.804059506048902,92.2811466217041,96.68442524509932,87.87786799830887,2.5124399049290926,-824533600,258.352,0.09870967741935484,10.2,21684.551,25.44,0.16,0.59,0.48,18373.064516129034,95.0037,72.5
2020-07-29,92.50660705566406,92.69154477680748,91.21449359583792,91.25099250763601,90329200,92.4680290222168,91.50998634472874,55.95167058725402,92.23589949668819,90.62841186070344,1.6074876359847536,2.3315640883594067,-0.724076452374653,92.4680290222168,96.56586219061268,88.37019585382092,2.5355572875761516,-734204400,258.352,0.09903225806451613,10.2,21684.551,24.1,0.15,0.58,0.47,18375.348387096776,95.0037,72.5
2020-07-30,93.62593078613281,93.73056344929799,91.2680051315171,91.67680769413195,158130000,92.71927261352539,91.7115048629577,58.653706129097216,92.44975046429505,90.85045029962413,1.5993001646709217,2.18511130362171,-0.5858111389507883,92.71927261352539,96.43642193979818,89.0021232872526,2.6228103930931517,-576074400,258.352,0.09935483870967743,10.2,21684.551,24.76,0.16,0.55,0.46,18377.632258064517,95.0037,72.5
2020-07-31,103.4275131225586,103.578380221725,98.13738457841312,100.14247783391713,374336800,93.46059532165528,92.82731517339587,73.80622586588505,94.13863702710482,91.78208458280446,2.3565524443003625,2.219399531757441,0.1371529125429216,93.46059532165528,99.04273719588538,87.87845344742517,3.007107907755516,-201737600,258.352,0.09967741935483872,10.2,21684.551,24.46,0.16,0.55,0.46,18379.91612903226,95.0037,72.5
2020-08-03,106.03364562988281,108.66167105374215,105.01650308916155,105.31580157029778,308151200,94.21372032165527,94.08506093115653,76.29389936277688,95.96863835060913,92.83775577147694,3.130882579132191,2.401696141232391,0.7291864378997999,94.21372032165527,101.91231536871446,86.51512527459609,3.146157454687485,106413600,259.316,0.09935483870967743,8.4,21684.551,24.28,0.15,0.56,0.46,18396.690322580645,95.9294,74.1
2020-08-04,106.74175262451172,107.83676443958547,105.49830201297321,106.22344584387962,173071600,95.01636390686035,95.2904601400475,76.93487021113036,97.62604054659414,93.86768146429432,3.758359082299819,2.6730287294458766,1.0853303528539424,95.01636390686035,104.26821987820414,85.76450793551656,3.121476546836551,279485200,259.316,0.09903225806451614,8.4,21684.551,23.76,0.16,0.52,0.43,18403.93548387097,95.9294,74.1
2020-08-05,107.12864685058594,107.44985207142959,105.9947004868368,106.46190875588427,121776800,95.73274459838868,96.41790649343211,77.2960779846749,99.08797997797748,94.84997519661222,4.238004781365262,2.986023939829754,1.2519808415355085,95.73274459838868,106.31121212293336,85.154277073844,3.098881604621486,401262000,259.316,0.09870967741935484,8.4,21684.551,22.99,0.14,0.55,0.45,18411.18064516129,95.9294,74.1
2020-08-06,110.86629486083984,111.36270230609243,106.8707224953162,107.46202710488257,202428800,96.61605415344238,97.79394348080429,80.47690900754117,100.90002842149477,96.03636924581427,4.863659175680496,3.3615509869999025,1.5021081886805936,96.61605415344238,108.99769567924116,84.2344126276436,3.328833749589211,603690800,259.316,0.09838709677419355,8.4,21684.551,22.65,0.14,0.55,0.45,18418.425806451614,95.9294,74.1
2020-08-07,108.34565734863281,110.84434776897682,107.54607671169924,110.38605018937842,198045600,97.36518020629883,98.79886861107367,73.04458837493914,102.04550979490062,96.94816836454157,5.097341430359052,3.7087090756717327,1.388632354687319,97.36518020629883,110.64903171108209,84.08132870151557,3.396526074863021,405645200,259.316,0.09806451612903226,8.4,21684.551,22.21,0.15,0.57,0.47,18425.670967741935,95.9294,74.1
2020-08-10,109.92045593261719,110.94187256781626,107.26087294038835,109.79612844927841,212403600,98.21458168029785,99.85806740360162,74.62153776870464,103.25703996993394,97.9090785547694,5.347961415164548,4.036559543570296,1.311401871594252,98.21458168029785,112.39808998711887,84.03107337347684,3.485121820900265,618048800,259.316,0.0970967741935484,8.4,21684.551,22.13,0.15,0.59,0.48,18447.406451612904,95.9294,74.1
2020-08-11,106.65142822265625,109.68154587218592,106.3905875156011,109.18181072713648,187902400,98.82363624572754,100.50505414827349,65.99105430205026,103.77925354727583,98.5566600116499,5.222593535625933,4.273766341981424,0.948827193644509,98.82363624572754,113.3536162930966,84.29365619835849,3.6418329975487223,430146400,259.316,0.0967741935483871,8.4,21684.551,24.03,0.14,0.64,0.53,18454.651612903224,95.9294,74.1
2020-08-12,110.1959228515625,110.45432345102633,107.55096573953472,107.74598253329141,165598000,99.5774314880371,101.42799402477719,70.03746441376296,104.766433440243,99.4188276294212,5.347605810821804,4.4885342357495,0.8590715750723037,99.5774314880371,114.8079900471517,84.34687292892251,3.547595520836784,595744400,259.316,0.0964516129032258,8.4,21684.551,22.28,0.15,0.69,0.58,18461.89677419355,95.9294,74.1
2020-08-13,112.14610290527344,113.15289349736156,111.09055440270924,111.58054387716682,210082000,100.48725776672363,102.44876629911016,72.01067834355263,105.90176720409384,100.3615887609658,5.540178443128042,4.698863077225209,0.8413153659028332,100.48725776672363,116.4220790820256,84.55243645142166,3.4928758969631724,805826400,259.316,0.09612903225806452,8.4,21684.551,22.13,0.18,0.71,0.61,18469.141935483873,95.9294,74.1
2020-08-14,112.04615783691406,112.13635327859295,110.23003348739779,111.97058828094455,165565200,101.40157661437988,103.36280358842482,71.74988999035988,106.84705807068157,101.22711239622123,5.6199456744603395,4.883079596672235,0.7368660777881049,101.40157661437988,117.77974683129759,85.02340639746217,3.4705288417203772,640261200,259.316,0.09580645161290323,8.4,21684.551,22.05,0.17,0.71,0.61,18476.387096774193,95.9294,74.1
2020-08-17,111.75363159179688,113.19678105887246,111.1246961523291,113.17240210150105,119561600,102.20247497558594,104.16193006493646,70.94010215226781,107.60191553546854,102.00685455885646,5.595060976612075,5.025475872660203,0.569585103951872,102.20247497558594,118.95631641711877,85.44863353405312,3.509904037509107,520699600,259.316,0.09483870967741935,8.4,21684.551,21.35,0.17,0.69,0.59,18498.122580645162,95.9294,74.1
2020-08-18,112.68484497070312,113.11145065744996,111.16856617508924,111.50497642122994,105633600,103.11599998474121,104.97363624643805,72.02259849958894,108.38390467935079,102.79781681158585,5.586087867764945,5.137598271681152,0.44848959608379335,103.11599998474121,120.06292044411995,86.16907952536246,3.5111964557908126,626333200,259.316,0.09451612903225806,8.4,21684.551,21.51,0.16,0.67,0.58,18505.367741935483,95.9294,74.1
2020-08-19,112.82624816894531,114.2450187969475,112.73117989850726,113.09440184356299,145538000,104.02333335876465,105.72150404858161,72.19199207841632,109.06734213928841,103.54066357879766,5.526678560490751,5.215414329443072,0.3112642310476792,104.02333335876465,121.00945261836404,87.03721409916525,3.446740420681062,771871200,259.316,0.09419354838709677,8.4,21684.551,22.54,0.14,0.68,0.57,18512.612903225807,95.9294,74.1
2020-08-20,115.3298110961914,115.44438550181255,112.85061914452253,112.86768515883944,126907200,105.27131881713868,106.63658091025873,75.0700227219268,110.03079890188887,104.41393376527127,5.616865136617605,5.295704490877979,0.3211606457396261,105.27131881713868,121.72074186942066,88.82189576485669,2.9228609847721367,898778400,259.316,0.09387096774193548,8.4,21684.551,22.72,0.15,0.65,0.54,18519.858064516127,95.9294,74.1
2020-08-21,121.2730484008789,121.75815770513448,116.2805395387213,116.29272529875644,338054800,106.82765846252441,108.0305301950797,80.28613143967162,111.76037574788734,105.66275707161257,6.097618676274763,5.456087327957336,0.641531348317427,106.82765846252441,123.14796202003,90.50735490501883,3.0081601760406733,1236833200,259.316,0.0935483870967742,8.4,21684.551,22.54,0.15,0.64,0.54,18527.10322580645,95.9294,74.1
2020-08-24,122.72350311279297,125.5781103847472,120.85131508513315,125.49278030711304,345937600,108.34969787597656,109.42986094914764,81.31370683177897,113.44701072710359,106.92651603762594,6.520494689477644,5.668968800261398,0.8515258892162461,108.34969787597656,124.63804925845696,92.06134649349616,3.1787553812550877,1582770800,259.316,0.09258064516129032,8.4,21684.551,22.37,0.11,0.65,0.53,18548.83870967742,95.9294,74.1
2020-08-25,121.71668243408203,122.06284571800214,119.98832102047098,121.5923624186603,211495600,109.89719429016114,110.60003442390328,78.26414582784977,114.71926791279257,108.02208391884491,6.697183993947661,5.874611838998651,0.8225721549490101,109.89719429016114,125.05089625949512,94.74349232082716,3.2701861318071743,1371275200,259.316,0.09225806451612903,8.4,21684.551,22.03,0.14,0.69,0.58,18556.08387096774,95.9294,74.1
2020-08-26,123.3719482421875,123.83024591014328,121.96780346196795,123.03797806314277,163022400,111.44046134948731,111.81640716850178,79.61755801091785,116.05044950193026,109.15911090575918,6.891338596171082,6.077957190433137,0.8133814057379443,111.44046134948731,125.43814988907093,97.44277280990369,3.100299250756104,1534297600,259.316,0.09193548387096774,8.4,21684.551,23.27,0.15,0.69,0.58,18563.329032258065,95.9294,74.1
2020-08-27,121.89710998535156,124.31047816436129,120.74892572684594,123.9765079967238,155552400,112.85402030944825,112.77647410343987,75.12884913052412,116.94993573014892,110.10266639313639,6.847269337012534,6.231819619749017,0.6154497172635169,112.85402030944825,124.95110628162737,100.75693433726912,3.117537414211443,1378745200,259.316,0.09161290322580645,8.4,21684.551,24.47,0.14,0.74,0.63,18570.574193548386,95.9294,74.1
2020-08-28,121.69963073730469,123.29391171689831,121.47535476838321,122.87461898845491,187630000,113.76762619018555,113.62629854476033,74.5229997495196,117.68065803894211,110.9617007890007,6.718957249941411,6.329247145787496,0.3897101041539148,113.76762619018555,125.63682765517072,101.89842472520039,2.984505794289099,1191115200,259.316,0.09129032258064516,8.4,21684.551,22.96,0.14,0.74,0.64,18577.81935483871,95.9294,74.1
2020-08-31,125.82672119140625,127.73792106083117,122.86242789057044,124.40308551783176,225702700,114.75727996826171,114.7882435587266,78.43664510978296,118.93389852393659,112.06281341140111,6.871085112535482,6.437614739137094,0.43347037339838845,114.75727996826171,127.17024691427544,102.34431302224799,3.16367878761127,1416817900,259.316,0.09032258064516129,8.4,21684.551,26.41,0.1325,0.72,0.61,18599.554838709675,95.9294,74.1
2020-09-01,130.8387451171875,131.44331646895694,127.27964057724809,129.45410665665014,151948100,115.96212959289551,116.3168627547705,82.04405350507857,120.76541338443673,113.45362316738529,7.311790217051438,6.612449834719963,0.6993403823314752,115.96212959289551,129.64233669945827,102.28192248633275,3.2932287911241707,1568766000,259.997,0.09,7.8,21684.551,26.12,0.13,0.68,0.56,18606.8,95.8914,80.4
2020-09-02,128.12794494628906,134.54409526224742,123.8375172300071,134.16380741866254,200119000,117.01209449768066,117.44172772539132,74.7593244787572,121.89811054779862,114.5406099658226,7.357500581976026,6.761459984171176,0.5960405978048504,117.01209449768066,131.03827325185904,102.98591574350228,3.8467721758699756,1368647000,259.997,0.09,7.8,21684.551,26.57,0.13,0.66,0.54,18611.843333333334,95.8914,80.4
2020-09-03,117.86994934082031,125.63173549368389,117.49941444648104,123.74980180662752,257599600,117.36227722167969,117.48251073638455,54.89584067751665,121.27839343903273,114.7872276973039,6.491165741728821,6.707401135682705,-0.21623539395388391,117.36227722167969,131.1040453406139,103.62050910274547,4.469090824579431,1111047400,259.997,0.09,7.8,21684.551,33.6,0.14,0.63,0.52,18616.886666666665,95.8914,80.4
2020-09-04,117.94792938232422,120.61969754526804,108.12868647661209,117.0800921968489,332607200,117.84239082336425,117.52683632171214,54.99373750941886,120.76601435338526,115.02135374804615,5.7446606053391065,6.514853029613986,-0.7701924242748799,117.84239082336425,130.94669796476305,104.73808368196546,5.213299836158901,1443654600,259.997,0.09,7.8,21684.551,30.75,0.14,0.72,0.61,18621.93,95.8914,80.4
2020-09-08,110.0106430053711,116.02700063472479,109.87412977263537,111.11250193799896,231366600,117.84690017700196,116.81100838682252,44.42441728550274,119.11134183830616,114.65018998932948,4.461151848976684,6.104112793486527,-1.6429609445098432,117.84690017700196,130.94035765061508,104.75344270338883,5.651222345253767,1212288000,259.997,0.09,7.8,21684.551,31.46,0.12,0.69,0.56,18642.103333333333,95.8914,80.4
2020-09-09,114.39859771728516,116.1732773411802,112.38989645051765,114.34009416642051,176940500,118.2342586517334,116.58125498972373,50.1305653256735,118.38630428122602,114.6315535247336,3.754750756492413,5.634240386087704,-1.879489629595291,118.2342586517334,130.4059011775456,106.06261612592121,5.97996952450839,1389228500,259.997,0.09,7.8,21684.551,28.81,0.13,0.71,0.59,18647.146666666667,95.8914,80.4
2020-09-10,110.66395568847656,117.49940004817361,109.69861000348159,117.36288681754456,182274400,118.25766029357911,116.01770267531924,45.818626387611495,117.19825065157225,114.33765738871456,2.860593262857691,5.079510961441701,-2.2189176985840104,118.25766029357911,130.3690442001619,106.14627638699632,6.350159003924446,1206954100,259.997,0.09,7.8,21684.551,29.71,0.13,0.68,0.56,18652.19,95.8914,80.4
2020-09-11,109.21106719970703,112.3606396431834,107.26086957114084,111.71707085483806,180860300,118.11090850830078,115.36945167764188,44.224931587744905,115.96945319743915,113.9579099673066,2.0115432301325455,4.46591741517987,-2.4543741850473246,118.11090850830078,130.58076890711084,105.64104810949073,6.255260679860124,1026093800,259.997,0.09,7.8,21684.551,26.87,0.14,0.67,0.56,18657.233333333334,95.8914,80.4
2020-09-14,112.48738098144531,113.04318691497308,109.99113081534341,111.86331843991984,140150100,118.13296966552734,115.0949687541946,48.56927018419882,115.43374977959394,113.84898189427983,1.5847678853141076,3.889687509206718,-2.3049196238926104,118.13296966552734,130.56132610614415,105.70461322491052,6.191355280978123,1166243900,259.997,0.09,7.8,21684.551,25.85,0.13,0.68,0.57,18672.36333333333,95.8914,80.4
2020-09-15,112.66289520263672,115.87097054819286,110.78095457255097,115.38342123925263,184642000,118.17843284606934,114.86334270166527,48.79934578840357,115.00746446006207,113.76112362082479,1.246340839237277,3.36101817521283,-2.114677335975553,118.17843284606934,130.519459071064,105.83740662107469,6.359557701215259,1350885900,259.997,0.09,7.8,21684.551,25.59,0.14,0.68,0.57,18677.406666666666,95.8914,80.4
2020-09-16,109.33781433105469,113.11144897058965,109.25005901915075,112.36062624645403,154679000,118.01108131408691,114.33710190446428,44.717987523778845,114.13521059406094,113.43347108084181,0.701739513219124,2.829162442814089,-2.127422929594965,118.01108131408691,130.73052736105404,105.29163526711976,6.484402449456519,1196206900,259.997,0.09,7.8,21684.551,26.04,0.11,0.69,0.57,18682.449999999997,95.8914,80.4
2020-09-17,107.59239196777344,109.40607622888594,106.00298369138476,106.9878355070113,178011000,117.74938850402832,113.69474857716038,42.699187339371875,113.12862311309362,113.00079855394786,0.12782455914576474,2.2888948660804243,-2.1610703069346595,117.74938850402832,131.08519346003933,104.4135835480173,6.473083885169793,1018195900,259.997,0.09,7.8,21684.551,26.46,0.14,0.69,0.6,18687.493333333332,95.8914,80.4
2020-09-18,104.1795425415039,108.1189422202142,103.44821850945301,107.65089900577279,287104900,117.19187507629394,112.78853847852643,38.99244164920444,111.75184148669521,112.34737218265572,-0.5955306959605053,1.7120097536722383,-2.307540449632744,117.19187507629394,131.76094099896642,102.62280915362145,6.676810082473085,731091000,259.997,0.09,7.8,21684.551,25.83,0.13,0.7,0.6,18692.536666666667,95.8914,80.4
2020-09-21,107.33888244628906,107.44614391419555,100.5326892473239,101.93683396216227,195713800,116.49516677856445,112.26952361831334,43.851738228446855,111.07292471124812,111.97637294292485,-0.9034482316767338,1.188918156602444,-2.092366388279178,116.49516677856445,131.54179994558893,101.44853361153996,6.739321821283454,926804800,259.997,0.09,7.8,21684.551,27.78,0.12,0.68,0.58,18707.666666666664,95.8914,80.4
2020-09-22,109.02579498291016,110.0496517037046,106.44178910174857,109.87413362126594,183055400,115.8102813720703,111.96059708160827,46.31073585836818,110.7579816761192,111.7578116125534,-0.999829936434196,0.7511685379951161,-1.7509984744293121,115.8102813720703,130.90745878669904,100.71310395744158,6.595840915883835,1109860200,259.997,0.09,7.8,21684.551,26.86,0.12,0.68,0.58,18712.71,95.8914,80.4
2020-09-23,104.45259094238281,109.31833209532834,104.11130039514165,108.84053574437004,150718700,114.94707679748535,111.24554887787251,41.06071533245013,109.78792156323668,111.21668415550373,-1.4287625922670486,0.31518231194268315,-1.7439449042097317,114.94707679748535,130.5601030581657,99.334050536805,6.203016177880004,959141500,259.997,0.09,7.8,21684.551,28.58,0.12,0.68,0.57,18717.75333333333,95.8914,80.4
2020-09-24,105.52519226074219,107.5046416144481,102.38537296614106,102.55113797500798,167743300,114.05473899841309,110.70075300957438,42.70140235808613,109.13211705516059,110.79509216329917,-1.662975108138582,-0.08044917207356989,-1.5825259360650121,114.05473899841309,129.6797257791715,98.42975221765468,5.809497474201363,1126884800,259.997,0.09,7.8,21684.551,28.51,0.13,0.67,0.57,18722.796666666665,95.8914,80.4
2020-09-25,109.48408508300781,109.64010445196426,104.98887930687886,105.72995643059598,149981400,113.4340877532959,110.58487987371089,48.409728731756,109.1862659825217,110.69798052772204,-1.5117145452003342,-0.3667022466989228,-1.1450122985014115,113.4340877532959,128.7467295544398,98.121445952152,5.249512765374895,1276866200,259.997,0.09,7.8,21684.551,26.38,0.12,0.66,0.56,18727.84,95.8914,80.4
2020-09-28,112.09735107421875,112.44838721832883,109.97163550795793,112.1461089873391,137672400,112.9539737701416,110.72892474994973,51.82174009440178,109.63412522739817,110.80163760524032,-1.1675123778421437,-0.526864272927567,-0.6406481049145767,112.9539737701416,127.79474511157116,98.11320242871204,4.884548660062907,1414538600,259.997,0.09,7.8,21684.551,26.19,0.11,0.67,0.56,18742.969999999998,95.8914,80.4
2020-09-29,111.24901580810547,112.43863750540089,110.74196771781253,111.69756779185069,99382200,112.22508850097657,110.77845723167884,50.650634289151206,109.88256993212237,110.83477673137848,-0.9522067992561176,-0.6119327781932772,-0.34027402106284044,112.22508850097657,125.84724876146025,98.60292824049289,4.565551192332855,1315156400,259.997,0.09,7.8,21684.551,26.27,0.14,0.66,0.57,18748.013333333332,95.8914,80.4
2020-09-30,112.92619323730469,114.34009100590049,110.79073185621964,110.95649687203007,142675200,111.32946090698242,110.98300351792892,52.91607635218199,110.35081967138119,110.98969647255821,-0.6388768011770196,-0.6173215827900257,-0.021555218386993924,111.32946090698242,121.96709795939324,100.6918238545716,4.261877556974914,1457831600,259.997,0.09,7.8,21684.551,26.37,0.13,0.69,0.59,18753.056666666664,95.8914,80.4
2020-10-01,113.88178253173828,114.78862465587767,112.94568863575778,114.71061497135939,116120400,110.61715278625488,111.25907770972029,54.20597951825717,110.89404472682074,111.2039250695345,-0.3098803427137682,-0.5558333347747743,0.24595299206100607,110.61715278625488,118.1001232228447,103.13418234966505,4.030639081727087,1573952000,260.319,0.09,6.9,22068.767,26.7,0.14,0.68,0.59,18758.1,96.5256,81.8
2020-10-02,110.2056655883789,112.49715377159485,109.42559099443217,110.07890541970863,144712000,110.23393859863282,111.158752745783,48.68081711930845,110.78814024398353,111.12997992278224,-0.34183967879870636,-0.5130346035795608,0.1711949247808544,110.23393859863282,116.93622827238745,103.53164892487818,4.075215640444235,1429240000,260.319,0.09,6.9,22068.767,27.63,0.14,0.7,0.61,18765.029032258062,96.5256,81.8
2020-10-05,113.59901428222656,113.7452805953654,110.72247569462236,111.07351187039006,106243800,110.01649284362793,111.39115860639667,53.402376667914794,111.22058240371322,111.31287135681515,-0.09228895310192797,-0.4288854734840342,0.33659652038210625,110.01649284362793,115.94061069817192,104.09237498908394,3.9644727141117064,1535483800,260.319,0.09,6.9,22068.767,27.96,0.12,0.78,0.68,18785.816129032257,96.5256,81.8
2020-10-06,110.34217834472656,113.22846975785129,109.45483490950848,112.81892262806667,161498200,110.0330696105957,111.29125572433284,48.765061718157696,111.08544331771527,111.24096817073452,-0.15552485301924435,-0.37421334939107626,0.2186884963718319,110.0330696105957,115.9588843699953,104.1072548511961,3.9846719584887915,1373985600,260.319,0.09,6.9,22068.767,29.48,0.13,0.76,0.66,18792.74516129032,96.5256,81.8
2020-10-07,112.21437072753906,112.6726683499166,111.28802241183179,111.76582617611366,96849000,109.92385826110839,111.37917143892392,51.378850586558315,111.25912445768816,111.31307206383116,-0.053947606142997984,-0.3101602007414606,0.25621259459846263,109.92385826110839,115.5990340178394,104.24868250437738,3.9080574918951387,1470834600,260.319,0.09,6.9,22068.767,28.06,0.13,0.81,0.71,18799.674193548388,96.5256,81.8
2020-10-08,112.10710144042969,113.50149291272723,111.73655916424462,113.35522661630749,83477200,109.99601554870605,111.44849810573399,51.2176252365108,111.38958245503301,111.37188905469031,0.01769340034269362,-0.24458948052462978,0.26228288086732343,109.99601554870605,115.74323700683561,104.2487940905765,3.7005010660180977,1387357400,260.319,0.09,6.9,22068.767,26.36,0.13,0.78,0.69,18806.60322580645,96.5256,81.8
2020-10-09,114.05729675292969,114.08654852378359,112.05834143123505,112.4093775603074,100506900,110.23832702636719,111.69695511975263,54.04123510026379,111.80000003932481,111.57080814344879,0.22919189587602773,-0.14983320524449828,0.379025101120526,110.23832702636719,116.23593215690023,104.24072189583414,3.3515548107093047,1487864300,260.319,0.09,6.9,22068.767,25.0,0.12,0.79,0.69,18813.532258064515,96.5256,81.8
2020-10-12,121.30229949951172,122.0628754189247,116.30979066521708,117.07036658463008,240226800,110.6790729522705,112.61174982258683,62.682857127522105,113.26189226396895,112.291659355009,0.9702329089599431,0.07418001759639001,0.896052891363553,110.6790729522705,118.3383737072823,103.0197721972587,3.6656773867120895,1728091100,260.319,0.09,6.9,22068.767,25.07,0.1275,0.7525,0.645,18834.31935483871,96.5256,81.8
2020-10-13,118.08446502685547,122.26763983658118,116.67057472065251,122.15062530057422,262330500,110.95015144348145,113.13296079442193,57.510550405704365,114.00382653518226,112.72075607144207,1.283070463740188,0.3159581068251496,0.9671123569150384,110.95015144348145,119.2297534915023,102.6705493954606,3.6935369164079455,1465760600,260.319,0.09,6.9,22068.767,26.07,0.13,0.74,0.63,18841.248387096774,96.5256,81.8
2020-10-14,118.17223358154297,119.9664119184526,116.64132866428777,117.98696241696997,150712000,111.39187240600586,113.61289153605252,57.61328699808199,114.64511992693005,113.12456922033844,1.5205507065916066,0.5568766267784411,0.9636740798131656,111.39187240600586,120.20567455534054,102.57807025667118,3.5653808168263583,1616472600,260.319,0.09,6.9,22068.767,26.4,0.11,0.73,0.61,18848.177419354837,96.5256,81.8
2020-10-15,117.70417022705078,118.18196653560398,115.20791978630072,115.76372578098064,112559200,111.89746131896973,114.0025371256714,56.8241948540422,115.11574305002554,113.46379892453935,1.651944125486196,0.7758901265199921,0.8760539989662038,111.89746131896973,120.93861379905655,102.85630883888291,3.445582359984776,1503913400,260.319,0.09,6.9,22068.767,26.97,0.11,0.74,0.63,18855.106451612904,96.5256,81.8
2020-10-16,116.0562515258789,118.52325764594907,115.85148167833091,118.25997681380653,115393800,112.49129676818848,114.1981289733102,54.0189729966657,115.26043666169528,113.6558324505645,1.604604211130777,0.9416329434421491,0.6629712676886279,112.49129676818848,120.96937020211729,104.01322333425966,3.424687633720286,1388519600,260.319,0.09,6.9,22068.767,27.41,0.11,0.76,0.65,18862.035483870968,96.5256,81.8
2020-10-19,113.09195709228516,117.42139051387834,112.7799257876711,116.97284597845898,120639300,112.77895050048828,114.09277927035544,49.30392956916961,114.92682442024757,113.61406390550677,1.312760514740802,1.0158584577018797,0.29690205703892225,112.77895050048828,120.92201100427624,104.63588999670031,3.6350301293359197,1267880300,260.319,0.09,6.9,22068.767,29.18,0.1,0.78,0.67,18882.822580645163,96.5256,81.8
2020-10-20,114.58386993408203,116.01726645875162,112.75067930305906,113.3064853596234,124423700,113.05685424804688,114.13954980975797,51.59398252041461,114.87406219160673,113.68590138910494,1.188160802501784,1.0503189266618607,0.13784187583992336,113.05685424804688,121.04652407609674,105.067184419997,3.6148321297653276,1392304000,260.319,0.09,6.9,22068.767,29.35,0.12,0.81,0.71,18889.751612903226,96.5256,81.8
2020-10-21,113.95977783203125,115.75395571300935,113.55023075971056,113.76475364535186,89946000,113.5322135925293,114.1224286690221,50.56499266497044,114.73340305936435,113.70618853302541,1.0272145263389376,1.045698046597276,-0.018483520258338437,113.5322135925293,120.48112305580244,106.58330412925616,3.6392102393885994,1302358000,260.319,0.09,6.9,22068.767,28.65,0.11,0.83,0.73,18896.68064516129,96.5256,81.8
2020-10-22,112.86767578125,115.1006527218332,111.73655770574223,114.52534061393521,101988000,113.89933776855469,114.00292839399619,48.73336310577511,114.4463680935006,113.64407647733834,0.8022916161622504,0.997016760510271,-0.19472514434802057,113.89933776855469,119.81660623172779,107.98206930538159,3.5612033450160894,1200370000,260.319,0.09,6.9,22068.767,28.11,0.12,0.87,0.78,18903.609677419354,96.5256,81.8
2020-10-23,112.17534637451172,113.64774737685771,111.43426933871073,113.4917280264103,82572600,114.03390083312988,113.8288729635691,47.55727754079549,114.09698013673307,113.53528165490675,0.561698481826312,0.9099531047734792,-0.34825462294716725,114.03390083312988,119.65859417603956,108.4092074902202,3.4664792758132665,1117797400,260.319,0.09,6.9,22068.767,27.55,0.12,0.85,0.75,18910.53870967742,96.5256,81.8
2020-10-26,112.18511962890625,113.64776782516624,110.0691495843626,111.17101598676972,111850700,114.03828926086426,113.67232502693454,47.576510653167,113.80284775091356,113.4352696529808,0.3675780979327641,0.8014781034053363,-0.43390000547257224,114.03828926086426,119.65706595717913,108.4195125645494,3.4260820521050914,1229648100,260.319,0.09,6.9,22068.767,32.46,0.11,0.81,0.7,18931.325806451612,96.5256,81.8
2020-10-27,113.69652557373047,114.35959309602312,111.68782430299709,112.61416524411432,92276800,114.16066474914551,113.67462984091512,50.59416301533515,113.78649049288539,113.45462194340669,0.33186854947869904,0.7075561926200089,-0.37568764314130987,114.16066474914551,119.63589074696864,108.68543875132238,3.4504591083790905,1321924900,260.319,0.09,6.9,22068.767,33.35,0.11,0.79,0.69,18938.25483870968,96.5256,81.8
2020-10-28,108.43098449707031,112.55565572913613,108.33347610413212,112.1851208602056,143937800,113.93590431213379,113.17523504626323,41.608129445933265,112.96256649352922,113.08250065108548,-0.11993415755625847,0.5420581225847555,-0.661992280141014,113.93590431213379,119.93899467348521,107.93281395078236,3.707467374173073,1177987100,260.319,0.09,6.9,22068.767,40.28,0.11,0.79,0.69,18945.183870967743,96.5256,81.8
2020-10-29,112.44839477539062,114.01830445888464,109.40608380178328,109.57185625388539,146129200,113.8642349243164,113.10601216332297,49.04428379672207,112.88346315227713,113.03552984547846,-0.15206669320133415,0.40323315942753757,-0.5552998526288717,113.8642349243164,119.90232228480627,107.82614756382654,3.961689721977772,1324116300,260.319,0.09,6.9,22068.767,37.59,0.12,0.85,0.76,18952.112903225807,96.5256,81.8
2020-10-30,106.14924621582031,109.20130250137127,105.03763428104902,108.29446040306703,190272600,113.66141395568847,112.44346302546558,40.364384438717046,111.84742977743761,112.52543476180008,-0.6780049843624738,0.18698553066953533,-0.8649905150320092,113.66141395568847,120.40834939549512,106.91447851588183,3.9192027097168136,1133843700,260.319,0.09,6.9,22068.767,38.02,0.13,0.88,0.79,18959.04193548387,96.5256,81.8
2020-11-02,106.06149291992188,107.92393519387548,104.64760263945637,106.39303037953306,122866900,113.28453788757324,111.83565634874712,40.25749389210343,110.95728564551212,112.04662425499428,-1.0893386094821693,-0.06827929736080562,-1.0210593121213636,113.28453788757324,120.8014506017249,105.76762517342158,3.7534360981804165,1010976800,260.911,0.09,6.7,22068.767,37.13,0.13,0.87,0.78,18977.466666666667,96.9529,76.9
2020-11-03,107.68990325927734,108.71375243491438,106.02248536802898,106.92932746040049,107624400,113.15192413330078,111.44082272117858,43.26020679619984,110.45461143224523,111.72390418123747,-1.2692927489922425,-0.308481987687093,-0.9608107613051495,113.15192413330078,120.95974857483603,105.34409969176554,3.7081635133747435,1118601200,260.911,0.09,6.7,22068.767,35.55,0.12,0.9,0.8,18982.033333333336,96.9529,76.9
2020-11-04,112.08760070800781,112.71166332605715,109.55234539225575,111.29777308441078,138235500,113.14558563232421,111.50242062468612,50.496446263558525,110.70584055159331,111.75084466470194,-1.0450041131086323,-0.45578641277140086,-0.5892177003372314,113.14558563232421,120.95664941368275,105.33452185096567,3.8544287503373544,1256836700,260.911,0.09,6.7,22068.767,29.57,0.13,0.78,0.68,18986.600000000002,96.9529,76.9
2020-11-05,116.06600189208984,116.64131401748298,113.95979248109225,115.01289346688455,126387100,113.34353065490723,111.93704741205791,55.96744908801335,111.53048075782354,112.07048594080476,-0.5400051829812185,-0.47263016681336445,-0.06737501616785402,113.34353065490723,121.23948308708964,105.44757822272481,3.9888528461842836,1383223800,260.911,0.09,6.7,22068.767,27.58,0.11,0.79,0.69,18991.166666666668,96.9529,76.9
2020-11-06,115.93413543701172,116.43228836490333,113.43357109225822,115.5727237961662,114457900,113.43737258911133,112.31772246205351,55.747528131061415,112.20796609308326,112.35668219978305,-0.14871610669979418,-0.40784735479065043,0.25913124809085625,113.43737258911133,121.40927285163983,105.46547232658284,3.8715137423584176,1268765900,260.911,0.09,6.7,22068.767,24.86,0.11,0.83,0.73,18995.733333333334,96.9529,76.9
2020-11-09,113.61917877197266,119.15752589443073,113.35545115043828,117.7021241226147,154515300,113.05321655273437,112.44167068204581,51.892488731053,112.42507573598932,112.4502004643897,-0.025124728400371055,-0.3313028295125946,0.30617810111222354,113.05321655273437,120.16630912847101,105.94012397699773,4.052619998665553,1114250600,260.911,0.09,6.7,22068.767,25.75,0.1,0.96,0.85,19009.433333333334,96.9529,76.9
2020-11-10,113.27729034423828,114.85967074705178,111.48000948330214,112.86704412515682,138023400,112.81285781860352,112.52125350701652,51.32796337048282,112.55618567571993,112.51146638141552,0.04471929430441435,-0.2560984047491928,0.30081769905360717,112.81285781860352,119.54430240931705,106.08141322788998,4.136615449412042,976227200,260.911,0.09,6.7,22068.767,24.8,0.11,0.98,0.88,19014.0,96.9529,76.9
2020-11-11,116.71556854248047,116.85231729677409,113.73639073565728,114.46897654176517,112295000,112.74002456665039,112.92071208182261,56.458086233423025,113.19609073214463,112.82288135630922,0.37320937583540115,-0.13023684863227403,0.5034462244676752,112.74002456665039,119.26633868969584,106.21371044360494,4.151682016300959,1088522200,260.911,0.09,6.7,22068.767,23.45,0.11499999999999999,0.9299999999999999,0.8300000000000001,19018.56666666667,96.9529,76.9
2020-11-12,116.44204711914062,117.73139757499507,115.8169079558322,116.84253085464111,103162300,112.67691841125489,113.25607732347196,55.95283733074286,113.69546863783631,113.09096770911154,0.6045009287247751,0.016710706839135808,0.5877902218856393,112.67691841125489,119.03217546770526,106.32166135480452,4.130325700659236,985359900,260.911,0.09,6.7,22068.767,25.35,0.12,0.88,0.78,19023.133333333335,96.9529,76.9
2020-11-13,116.49090576171875,116.8913821021024,115.13318074907436,116.66672664224632,81581900,112.69865112304687,113.56415622235261,56.02853541523297,114.12553588766438,113.34281497226763,0.7827209153967516,0.169912748550659,0.6128081668460926,112.69865112304687,119.10276889620624,106.2945333498875,4.00029592296098,1066941800,260.911,0.09,6.7,22068.767,23.1,0.13,0.89,0.8,19027.7,96.9529,76.9
2020-11-16,117.50676727294922,118.18074115273141,115.40668645392178,116.15880460888832,91183000,112.91939163208008,113.93964298907609,57.65789590100511,114.64572533155436,113.65125588342923,0.9944694481251304,0.3348240884655533,0.659645359659577,112.91939163208008,119.65812127707143,106.18066198708873,4.00760205908838,1158124800,260.911,0.09,6.7,22068.767,22.45,0.13,0.91,0.82,19041.4,96.9529,76.9
2020-11-17,116.61788177490234,117.86816024947451,116.19786565120255,116.77417031034764,74271000,113.02109222412109,114.19471334963097,55.712556711372656,114.94913401514636,113.87100594946428,1.0781280656820798,0.4834848839088586,0.5946431817732212,113.02109222412109,119.91679910959287,106.12538533864931,3.7438338539936384,1083853800,260.911,0.09,6.7,22068.767,22.71,0.14,0.87,0.78,19045.966666666667,96.9529,76.9
2020-11-18,115.28945922851562,117.03789809748132,115.26015699113172,115.85599399209619,76322100,113.08757629394532,114.2989748619057,52.843098392113234,115.0014917402801,113.97607656272734,1.025415177552759,0.5918709426376387,0.4335442349151202,113.08757629394532,120.04357834709388,106.13157424079675,3.4717210786033,1007531700,260.911,0.09,6.7,22068.767,23.84,0.13,0.88,0.79,19050.533333333336,96.9529,76.9
2020-11-19,115.88529205322266,116.29553826630797,114.09778111474732,114.85966906826211,74113000,113.23845710754395,114.45005268965018,53.987801049263474,115.13746101919433,114.11749993239367,1.019961086800663,0.6774889714702437,0.3424721153304193,113.23845710754395,120.29895821798954,106.17795599709837,3.099363696976089,1081644700,260.911,0.09,6.7,22068.767,23.11,0.14,0.86,0.79,19055.100000000002,96.9529,76.9
2020-11-20,114.6155014038086,116.01229880538133,114.5666668155957,115.88531993332893,73604300,113.36046485900879,114.46580971004622,51.13881407391971,115.05715953990422,114.15438893027626,0.9027706096279644,0.7225452991017878,0.18022531052617663,113.36046485900879,120.42759593728734,106.29333378073024,2.9685993709308414,1008040400,260.911,0.09,6.7,22068.767,23.7,0.13,0.83,0.76,19059.666666666668,96.9529,76.9
2020-11-23,111.20651245117188,114.88898089812312,111.10883584417593,114.45919488464406,127959300,113.31153450012206,114.15540044729627,44.36932624860978,114.46475229548386,113.93602770960185,0.5287245858820171,0.6837811564578337,-0.15505657057581657,113.31153450012206,120.42394477165082,106.1991242285933,3.0463763700066835,880081100,260.911,0.09,6.7,22068.767,22.66,0.13,0.86,0.78,19073.36666666667,96.9529,76.9
2020-11-24,112.49588775634766,113.16009926300342,109.9757905000141,111.26514882374211,113874200,113.25150260925292,113.99735161958688,47.21542911115148,114.16185005869369,113.82935067602746,0.3324993826662279,0.6135248016995126,-0.2810254190332847,113.25150260925292,120.37016658893597,106.13283862956987,2.915129848307363,993955300,260.911,0.09,6.7,22068.767,21.64,0.14,0.88,0.79,19077.933333333334,96.9529,76.9
2020-11-25,113.33589935302734,114.03918287230827,112.49586708858041,112.86704864167184,76499200,113.49674835205079,113.93435616562883,49.04444885111713,114.0347807193604,113.79279872617559,0.24198199318480818,0.5392162399965718,-0.2972342468117636,113.49674835205079,120.263486158874,106.73001054522757,2.7001014536111265,1070454500,260.911,0.09,6.7,22068.767,21.25,0.14,0.88,0.79,19082.5,96.9529,76.9
2020-11-27,113.88290405273438,114.76200852686044,113.521499817773,113.86337170986415,46691300,113.56847381591797,113.92945596440079,50.25328180898483,114.011415078341,113.79947319480958,0.21194188353142351,0.47376136870354213,-0.2618194851721186,113.56847381591797,120.31963494407346,106.81731268776248,2.5877723036959828,1117145800,260.911,0.09,6.7,22068.767,20.84,0.14,0.84,0.75,19091.633333333335,96.9529,76.9
2020-11-30,116.28579711914062,118.16121511006692,114.09780201081131,114.25409056951283,169410200,114.07530136108399,114.15386940770935,55.27293028893621,114.36132000769479,113.98364533735261,0.3776746703421736,0.45454402903126845,-0.07686935868909484,114.07530136108399,119.99294121888192,108.15766150328605,2.4789320403631327,1286556000,260.911,0.09,6.7,22068.767,20.57,0.15,0.84,0.76,19105.333333333336,96.9529,76.9
2020-12-01,119.87056732177734,120.60315308283555,117.22349166609008,118.20027268083436,127728200,114.76575508117676,114.69831682809678,61.5123206220531,115.20889651755364,114.41971363249519,0.7891828850584517,0.5214718002367051,0.26771108482174655,114.76575508117676,119.96040160360202,109.5711085587515,2.5459102332163672,1414284200,262.045,0.09,6.7,22068.767,20.77,0.14,0.92,0.83,19109.9,98.2039,80.7
2020-12-02,120.22221374511719,120.505481144647,118.0830608551581,119.18682076181041,89004200,115.39237060546876,115.22440224876539,62.071266322068894,115.98017609102496,114.84952845565238,1.1306476353725827,0.6433069672638807,0.487340668108702,115.39237060546876,120.01349783385929,110.77124337707822,2.4635811858558747,1503288400,262.045,0.09,6.7,22068.767,21.17,0.14,0.95,0.86,19117.148387096775,98.2039,80.7
2020-12-03,120.08546447753906,120.90595698113327,119.37241103320297,120.65199182191449,78967600,115.79226379394531,115.68736055626763,61.696026796835056,116.61175891971943,115.23737556838472,1.3743833513347141,0.7895222440780474,0.5848611072566667,115.79226379394531,120.58140607786135,111.00312151002927,2.4363709236249775,1424320800,262.045,0.09,6.7,22068.767,21.28,0.15,0.92,0.84,19124.39677419355,98.2039,80.7
2020-12-04,119.4114761352539,120.00731313587139,118.69842273292154,119.7533479916129,78260400,115.95953750610352,116.0420382304568,59.77792835886901,117.04248464518628,115.54656820296762,1.4959164422186575,0.9308010837061695,0.565115358512488,115.95953750610352,121.00222676100478,110.91684825120225,2.409859523024226,1346060400,262.045,0.09,6.7,22068.767,20.79,0.14,0.97,0.88,19131.645161290322,98.2039,80.7
2020-12-07,120.87666320800781,121.67762342572043,119.41149153275923,119.47009601504965,86712000,116.20666389465332,116.50247870450929,62.50684962474464,117.63235827023574,115.94139005519283,1.6909682150429148,1.0828345099735186,0.6081337050693962,116.20666389465332,121.6857080717401,110.72761971756654,2.3735804224282893,1432772400,262.045,0.09,6.7,22068.767,21.3,0.15,0.94,0.86,19153.390322580646,98.2039,80.7
2020-12-08,121.49201202392578,122.0780865564266,120.23196370264463,121.48224958003209,82225500,116.60030555725098,116.97767235397752,63.623109010292225,118.22615115541882,116.35254723806193,1.8736039173568884,1.2409883914501927,0.6326155259066957,116.60030555725098,122.40100165150035,110.7996094630016,2.386139583536146,1514997900,262.045,0.09,6.7,22068.767,20.68,0.14,0.92,0.83,19160.63870967742,98.2039,80.7
2020-12-09,118.95240020751953,123.02557557317189,118.19051214801601,121.63854821088353,115089200,116.88406105041504,117.16574167336248,56.18799884460027,118.33788177881893,116.54512893950323,1.7927528393156962,1.3513412810232934,0.44141155829240275,116.88406105041504,122.56067890665818,111.2074431941719,2.6045197491651666,1399908700,262.045,0.09,6.7,22068.767,22.27,0.14,0.95,0.87,19167.887096774193,98.2039,80.7
2020-12-10,120.37848663330078,120.99386342394624,117.36023696350695,117.70210881817248,81312200,117.06720695495605,117.47171738383278,59.07983129093742,118.65182098720075,116.829081361266,1.8227396259347444,1.4456209500055839,0.3771186759291605,117.06720695495605,122.94311919751354,111.19129471239856,2.7070818426564975,1481220900,262.045,0.09,6.7,22068.767,22.52,0.14,0.92,0.84,19175.135483870967,98.2039,80.7
2020-12-11,119.5677719116211,119.90964378868306,117.75095856237984,119.58730425363264,86939800,117.22349319458007,117.67134162457452,56.78515337709115,118.79273651403466,117.03194732795897,1.7607891860756837,1.508654597219604,0.25213458885607976,117.22349319458007,123.19015416901885,111.25683222014129,2.7915029913090197,1394281100,262.045,0.09,6.7,22068.767,23.31,0.14,0.9,0.82,19182.383870967744,98.2039,80.7
2020-12-14,118.95240020751953,120.48594622407741,118.71797483203729,119.75336040497812,79184500,117.34656791687011,117.79334720390261,55.03773386940619,118.81730015918617,117.17420309681532,1.643097062370856,1.5355430902498546,0.10755397212100148,117.34656791687011,123.349145751213,111.34399008252723,2.6477763011728004,1315096600,262.045,0.09,6.7,22068.767,24.72,0.13,0.9,0.81,19204.129032258064,98.2039,80.7
2020-12-15,124.9107666015625,124.9303063971683,121.2478374115688,121.45296055193862,157243700,117.71676788330078,118.47119667034642,65.96025780236104,119.75475653493638,117.74728187494475,2.0074746599916296,1.6299294041982095,0.37754525579342,117.71676788330078,124.56666103417008,110.86687473243147,2.847318974505618,1472340300,262.045,0.09,6.7,22068.767,22.89,0.15,0.92,0.84,19211.377419354838,98.2039,80.7
2020-12-16,124.8423843383789,125.3893793448256,123.62140801881179,124.45167787791586,98208600,118.12799301147462,119.07797644825428,65.76280826897892,120.53746850469676,118.27284502038432,2.2646234843124375,1.7568682202210553,0.5077552640913823,118.12799301147462,125.62185607342668,110.63412994952255,2.863365798954614,1374131700,262.045,0.09,6.7,22068.767,22.5,0.15,0.92,0.83,19218.62580645161,98.2039,80.7
2020-12-17,125.71171569824219,126.57128777488863,125.06703664075737,125.90706892352664,94359800,118.64910583496093,119.70976113872932,67.11069984574814,121.33350653447297,118.82387247800342,2.509634056469551,1.9074213874707544,0.6022126689987966,118.64910583496093,126.70906020472265,110.58915146519922,2.884993960574373,1468491500,262.045,0.09,6.7,22068.767,21.93,0.16,0.94,0.86,19225.87419354839,98.2039,80.7
2020-12-18,123.7190933227539,126.10244150708998,123.19163065315914,125.96569275411149,192541500,119.0407958984375,120.09160229911262,61.166482628926225,121.70051988651619,119.18648142946643,2.5140384570497645,2.0287448013865568,0.4852936556632077,119.0407958984375,127.2847270796511,110.79686471722388,2.7873153746171084,1275950000,262.045,0.09,6.7,22068.767,21.57,0.16,0.95,0.87,19233.122580645162,98.2039,80.7
2020-12-21,125.25261688232422,125.33076114676192,120.58360513975681,122.11715093117222,121251600,119.57265167236328,120.58312749751373,63.82227597264389,122.24699634740975,119.63582479634478,2.6111715510649702,2.14523015132224,0.4659413997427304,119.57265167236328,127.9769134946702,111.16838985005636,2.818015377710693,1397201600,262.045,0.09,6.7,22068.767,25.16,0.15,0.95,0.86,19254.867741935483,98.2039,80.7
2020-12-22,128.81790161132812,131.2891567050616,126.63966893622124,128.5541665300668,168904800,120.45322113037109,121.36739169882938,69.11130093481843,123.25790484955104,120.3159786344917,2.9419262150593397,2.30456936406966,0.6373568509896796,120.45322113037109,128.85717726361545,112.04926499712673,3.0761667729427264,1566106400,262.045,0.09,6.7,22068.767,24.23,0.15,0.93,0.84,19262.116129032256,98.2039,80.7
2020-12-23,127.91927337646484,129.35512803805244,127.74344500893473,129.09140784350487,88223700,121.22439041137696,121.99138043003275,66.47343323847866,123.97503846907624,120.87918565241563,3.09585281666061,2.4628260545878504,0.6330267620727597,121.22439041137696,129.39336995553288,113.05541086722103,3.081747993027541,1477882700,262.045,0.09,6.7,22068.767,23.31,0.16,0.96,0.87,19269.364516129033,98.2039,80.7
2020-12-24,128.90582275390625,130.36123218201516,128.05602783585223,128.27092090321057,54930100,122.0028865814209,122.64989874659213,67.92103065111974,124.7336206667424,121.47375136363715,3.2598693031052477,2.62223470429133,0.6376345988139178,122.0028865814209,129.98181031691206,114.02396284592973,3.157099211665598,1532812800,262.045,0.09,6.7,22068.767,21.53,0.15,0.94,0.85,19276.612903225807,98.2039,80.7
2020-12-28,133.51622009277344,134.1511218894807,130.41004823158806,130.87891392295424,124486200,122.98455238342285,123.6847864938475,73.6474762750998,126.08478980920871,122.36578608431391,3.7190037248948045,2.841588508412025,0.8774152164827793,122.98455238342285,131.53634163743254,114.43276312941316,3.3698957720304494,1657299000,262.045,0.09,6.7,22068.767,21.7,0.15,0.94,0.83,19305.6064516129,98.2039,80.7
2020-12-29,131.73841857910156,135.56739743508152,131.2207259598295,134.84458919922565,121047300,123.7571834564209,124.45179907339549,68.56476624886893,126.95457885073068,123.06005515800189,3.8945236927287965,3.0521755452753796,0.8423481474534169,123.7571834564209,132.5376523847508,114.97671452809101,3.5485063878497383,1536251700,262.045,0.09,6.7,22068.767,23.08,0.15,0.94,0.84,19312.854838709678,98.2039,80.7
2020-12-30,130.61517333984375,132.83247066876245,130.30259622541593,132.43198683008825,96452100,124.29441375732422,125.03878709877152,65.48948366353275,127.51774723367114,123.61969354184203,3.8980536918291193,3.2213511745861276,0.6767025172429917,124.29441375732422,133.36785946825145,115.220968046397,3.383850032006213,1439799600,262.045,0.09,6.7,22068.767,22.77,0.16,0.93,0.85,19320.10322580645,98.2039,80.7
2020-12-31,129.6090850830078,131.6114892963398,128.66160623432629,130.9668102005262,99116600,124.76375732421874,125.4740535734607,62.773623504201595,127.83949151818447,124.06335217452097,3.776139343663502,3.332308808401603,0.443830535261899,124.76375732421874,133.9168369811499,115.61067766728758,3.3350112178329447,1340683000,262.045,0.09,6.7,22068.767,22.75,0.15,0.93,0.84,19327.351612903225,98.2039,80.7
2021-01-04,126.40524291992188,130.50772046788387,123.81677157197642,130.419813747916,143301900,125.07974624633789,125.56273827312366,54.957640085508736,127.61883788768253,124.23682556306919,3.382012324613342,3.3422495116439506,0.03976281296939144,125.07974624633789,133.99832692999158,116.16116556268422,3.625255562474838,1197381100,262.639,0.08903225806451613,6.4,22656.793,26.97,0.15,0.93,0.84,19357.458064516126,98.8135,79.0
2021-01-05,127.96806335449219,128.6811241595061,125.44796678465465,125.8972925672046,97664900,125.5075756072998,125.79181685230162,57.72288992533583,127.67256488257632,124.51321354761903,3.159351334957293,3.3056698763066192,-0.1463185413493262,125.5075756072998,134.11289649007028,116.90225472452931,3.729911704104219,1295046000,262.639,0.08870967741935483,6.4,22656.793,25.34,0.15,0.96,0.87,19365.07741935484,98.8135,79.0
2021-01-06,123.66046905517578,128.0071488340126,123.44557604986173,124.75446642211676,155088000,125.6467658996582,125.58883134781345,48.82536638048136,127.05531937066854,124.45004728891954,2.605272081749007,3.1655903173950968,-0.5603182356460898,125.6467658996582,134.03529034311637,117.25824145620004,3.628745032282942,1139958000,262.639,0.08838709677419354,6.4,22656.793,25.07,0.14,1.04,0.95,19372.696774193548,98.8135,79.0
2021-01-07,127.88016510009766,128.57368615922834,124.89121766294679,125.37960815671642,109578200,125.9661735534668,125.80705360993576,55.98304414171618,127.18221871365763,124.70413008974755,2.4780886239100823,3.028089978698094,-0.5500013547880118,125.9661735534668,134.18228429915246,117.75006280778116,3.853405444999996,1249536200,262.639,0.08806451612903225,6.4,22656.793,22.37,0.13,1.08,0.99,19380.316129032257,98.8135,79.0
2021-01-08,128.9839630126953,129.55049790853118,127.2062140390898,129.3551297410371,105158200,126.46775169372559,126.10961641019857,57.65162491333471,127.4594101442788,125.02115475070664,2.438255393572163,2.910123061672908,-0.471867668100745,126.46775169372559,134.11503621809183,118.82046716935936,3.8973611902094,1354694400,262.639,0.08774193548387096,6.4,22656.793,21.56,0.14,1.13,1.05,19387.935483870966,98.8135,79.0
2021-01-11,125.9852294921875,127.14760145406545,125.51637870995441,126.1903600931944,100384500,126.74808883666992,126.09777003705466,51.89598066405225,127.23261312088015,125.09256769452004,2.1400454263601034,2.7561075346103476,-0.6160621082502442,126.74808883666992,133.87531415102106,119.62086352231877,3.937130722267262,1254309900,262.639,0.0867741935483871,6.4,22656.793,24.08,0.14,1.15,1.07,19410.793548387097,98.8135,79.0
2021-01-12,125.80937957763672,126.67871395949345,123.91442229697313,125.51634233447858,91951100,127.0601692199707,126.07030427901485,51.57083681724514,127.01365411422731,125.1456648710472,1.867989243180105,2.578483876324299,-0.7104946331441941,127.0601692199707,133.40623956347727,120.71409887646413,3.795497554804063,1162358800,262.639,0.08645161290322581,6.4,22656.793,23.33,0.14,1.15,1.06,19418.412903225806,98.8135,79.0
2021-01-13,127.85087585449219,128.39787087837826,125.50660720798145,125.77032737017872,88636800,127.50509300231934,126.2398825242984,55.08877220378322,127.14245745888346,125.3460508698209,1.7964065890625562,2.422068418871951,-0.6256618298093946,127.50509300231934,132.64888925031153,122.36129675432717,3.5708349724940223,1250995600,262.639,0.08612903225806451,6.4,22656.793,22.21,0.15,1.1,1.01,19426.032258064515,98.8135,79.0
2021-01-14,125.91683959960938,127.95830826895903,125.77031351003957,127.76295505402753,90221800,127.55539665222167,126.20911653147087,51.2877920757676,126.953900865149,125.3883315164719,1.5655693486771014,2.250768604832981,-0.6851992561558795,127.55539665222167,132.61572489173298,122.49506841271037,3.6120000960512897,1160773800,262.639,0.08580645161290322,6.4,22656.793,23.25,0.14,1.15,1.06,19433.651612903224,98.8135,79.0
2021-01-15,124.18795013427734,127.1964377514296,124.05120137461118,125.78987056372236,111598500,127.52267494201661,126.01662449364291,48.09328227956081,126.52836998347644,125.29941437705007,1.2289556064263678,2.0464060051516584,-0.8174503987252906,127.52267494201661,132.6606211365141,122.38472874751912,3.6622342082847257,1049175300,262.639,0.08548387096774193,6.4,22656.793,24.34,0.13,1.11,1.02,19441.270967741933,98.8135,79.0
2021-01-19,124.86190795898438,125.72147994605524,123.99257352824013,124.81306593162914,90757300,127.48018455505371,125.90665149034209,49.41595961499002,126.27199121047767,125.26700649423039,1.0049847162472787,1.8381217473707827,-0.833137031123504,127.48018455505371,132.69087461268433,122.2694944974231,3.411063299873345,1139932600,262.639,0.08419354838709678,6.4,22656.793,23.24,0.13,1.1,1.01,19471.748387096774,98.8135,79.0
2021-01-20,128.96441650390625,129.41374239946222,125.56522221027927,125.67266873501019,104319500,127.74245071411133,126.19786720591962,56.65628285817089,126.68621048638975,125.54088871716934,1.1453217692204163,1.6995617517407096,-0.5542399825202933,127.74245071411133,132.69094383505285,122.7939575931698,3.4257177973894763,1244252100,262.639,0.08387096774193549,6.4,22656.793,21.58,0.14,1.1,1.02,19479.367741935483,98.8135,79.0
2021-01-21,133.69203186035156,136.42702207412472,130.48819086563083,130.6933214660753,120150900,128.1644214630127,126.91159717300837,63.19418227546131,127.76402915930696,126.14467709814579,1.619352061161166,1.6835198136248009,-0.06416775246363482,128.1644214630127,133.60638761298546,122.72245531303994,3.7780557350231865,1364403000,262.639,0.08354838709677419,6.4,22656.793,21.32,0.13,1.12,1.03,19486.98709677419,98.8135,79.0
2021-01-22,135.84097290039062,136.60286106793623,131.88500593536605,133.1157449203631,114459400,128.51557502746581,127.76201390894954,65.72497680714264,129.00663588870444,126.86292123164542,2.1437146570590215,1.775558782311645,0.36815587474737654,128.51557502746581,134.90480357302826,122.12634648190335,3.9043394543486616,1478862400,262.639,0.0832258064516129,6.4,22656.793,21.91,0.14,1.1,1.02,19494.6064516129,98.8135,79.0
2021-01-25,139.6015167236328,141.72112937094178,133.36965015663242,139.7480427932305,157611700,129.0996871948242,128.88958560558603,69.6569495052307,130.6366175556165,127.80652089771856,2.830096657897954,1.986466357428907,0.8436303004690471,129.0996871948242,137.09756183985155,121.10181254979688,4.022948762805941,1636474100,262.639,0.08225806451612903,6.4,22656.793,23.19,0.12,1.05,0.96,19517.464516129032,98.8135,79.0
2021-01-26,139.83595275878906,140.9494823530756,138.08750665706705,140.2657387257932,98390600,129.64619369506835,129.93209676303394,69.8888589026164,132.05189989456613,128.69758992446452,3.3543099701016104,2.2600350799634477,1.0942748901381627,129.64619369506835,138.90995558676437,120.38243180337231,3.9964357857457338,1734864700,262.639,0.08193548387096775,6.4,22656.793,23.02,0.15,1.05,0.98,19525.08387096774,98.8135,79.0
2021-01-27,138.76148986816406,140.94948441192093,137.14980737284998,140.09967490857025,140843800,129.9084571838379,130.77299134447492,67.3482537012222,133.0841445058889,129.4430639943682,3.6410805115206983,2.536244166274898,1.1048363452458005,129.9084571838379,139.86659254326824,119.95032182440754,3.9420146610971676,1594020900,262.639,0.08161290322580646,6.4,22656.793,37.21,0.13,1.04,0.96,19532.70322580645,98.8135,79.0
2021-01-28,133.90687561035156,138.69311044857827,133.52593169647875,136.28046069255305,142621100,130.0168800354004,131.07145651265364,57.22613079808108,133.21071852196008,129.77371670666327,3.43700181529681,2.7163956960792803,0.7206061192175297,130.0168800354004,140.09880227368606,119.93495779711472,3.9650390230709354,1451399800,262.639,0.08129032258064517,6.4,22656.793,30.21,0.14,1.07,1.0,19540.32258064516,98.8135,79.0
2021-01-29,128.8960418701172,133.56505438488097,127.18667492713263,132.67617999744974,177523800,129.93092346191406,130.8642741657454,49.03423174972974,132.54692211398424,129.70870375580802,2.8382183581762206,2.7407602284986687,0.09745812967755185,129.93092346191406,140.0202874929945,119.84155943083363,4.277604509769332,1273876000,262.639,0.08096774193548387,6.4,22656.793,33.09,0.14,1.11,1.05,19547.941935483872,98.8135,79.0
2021-02-01,131.02542114257812,132.23663511827664,127.88994713431293,130.64447709526527,106239800,130.0017402648926,130.87962149687232,52.16779403572435,132.31284504146024,129.80623837705025,2.5066066644099863,2.6939295156809324,-0.18732285127094617,130.0017402648926,140.10095189350457,119.90252863628059,4.340397629856675,1380115800,263.573,0.08,6.2,22656.793,30.24,0.13,1.09,1.02,19570.8,95.5072,76.8
2021-02-02,131.85569763183594,133.14504104670476,131.48451601180642,132.57850617042217,83305400,130.27426300048828,130.9725811287736,53.371622104961354,132.2425146707488,129.95805017370105,2.284464497047736,2.612036511954293,-0.32757201490655685,130.27426300048828,140.26413156353942,120.28439443743711,4.294349647114268,1463421200,263.573,0.07964285714285714,6.2,22656.793,25.56,0.12,1.12,1.05,19579.32857142857,95.5072,76.8
2021-02-03,130.83004760742188,132.61755859976557,130.50770809360628,132.6077812510319,89880900,130.41736221313477,130.9590065076925,51.64255089768161,132.02521204562157,130.02264257619888,2.0025694694226956,2.4901431034479735,-0.48757363402527787,130.41736221313477,140.3528356448752,120.48188878139433,4.238534421097303,1373540300,263.573,0.07928571428571429,6.2,22656.793,22.91,0.16,1.15,1.11,19587.85714285714,95.5072,76.8
2021-02-04,134.199951171875,134.2097136169971,131.4649611835476,133.1352633782053,84183100,130.94433631896973,131.2676679042813,56.61576731771138,132.3597872958144,130.33207284254524,2.0277144532691693,2.397657373412213,-0.36994292014304353,130.94433631896973,140.50118204841831,121.38749058952114,4.323653796144144,1457723400,263.573,0.07892857142857143,6.2,22656.793,21.77,0.15,1.15,1.11,19596.385714285712,95.5072,76.8
2021-02-05,133.78419494628906,134.42983740127244,132.9037842725981,134.3613683130723,75693800,131.2395378112793,131.50733714637727,55.85259379690931,132.57892693434897,130.58778559097073,1.9911413433782457,2.3163541674054198,-0.3252128240271741,131.2395378112793,140.7642349174949,121.7148407050637,4.207997849848138,1382029600,263.573,0.07857142857142857,6.2,22656.793,20.87,0.16,1.19,1.16,19604.914285714283,95.5072,76.8
2021-02-08,133.93093872070312,133.979853741386,131.98423434096625,133.07008212234413,71297200,131.48688659667968,131.7381563439321,56.07764282558699,132.78692874763422,130.8354265635435,1.9515021840907139,2.243383770742479,-0.291881586651765,131.48688659667968,141.02136788908587,121.9524053042735,4.22704877717704,1453326800,263.573,0.0775,6.2,22656.793,21.24,0.15,1.19,1.14,19630.5,95.5072,76.8
2021-02-09,133.0504913330078,134.87981130485002,132.89398418993693,133.6472186633411,76774200,131.84014968872071,131.86314062860598,54.289444214912706,132.8274768376917,130.99950543535567,1.8279714023360327,2.1603012970611895,-0.3323298947251567,131.84014968872071,141.05114746538212,122.6291519120593,4.043762539636701,1376552600,263.573,0.07714285714285715,6.2,22656.793,21.63,0.16,1.18,1.14,19639.02857142857,95.5072,76.8
2021-02-10,132.44400024414062,134.00919124583916,131.4755366325783,133.51027896407933,73046600,132.1718807220459,131.91846059199023,53.034878881861,132.76848043868384,131.10650505082123,1.6619753878626113,2.060636115221474,-0.3986607273588625,132.1718807220459,140.95830135845324,123.38546008563856,3.6916946141397284,1303506000,263.573,0.07678571428571429,6.2,22656.793,21.99,0.15,1.15,1.1,19647.557142857142,95.5072,76.8
2021-02-11,132.1896514892578,133.42222921972905,130.85924373219854,132.94288597227373,64280000,132.3888195037842,131.9442882964919,52.487081206894814,132.67942983107983,131.18673812033506,1.492691710744765,1.9470472343261322,-0.4543555235813672,132.3888195037842,140.9491223259246,123.82851668164378,3.5377753537797525,1239226000,263.573,0.07642857142857143,6.2,22656.793,21.25,0.15,1.16,1.11,19656.085714285713,95.5072,76.8
2021-02-12,132.4244384765625,132.58096057062542,130.78100126920737,131.4266437121405,60145100,132.71419944763184,131.99001688507005,52.96998741520802,132.64020039192332,131.27841962820375,1.3617807637195654,1.829993940204819,-0.46821317648525373,132.71419944763184,140.74403412473123,124.68436477053247,3.0698096457160875,1299371100,263.573,0.07607142857142858,6.2,22656.793,19.97,0.15,1.2,1.16,19664.614285714284,95.5072,76.8
2021-02-16,130.29190063476562,133.05053205788187,129.9005953404001,132.54185756536273,80576300,133.01939697265624,131.82829152789822,48.18009120915581,132.27892350620675,131.20534414720834,1.0735793589984155,1.6787110239635386,-0.605131664965123,133.01939697265624,140.14258331456043,125.89621063075205,3.090378290107032,1218794800,263.573,0.07464285714285715,6.2,22656.793,21.46,0.15,1.3,1.26,19698.72857142857,95.5072,76.8
2021-02-17,127.99298858642578,129.34296530729705,126.65280382407832,128.39407078998406,97918500,133.17595100402832,131.46302458109133,43.602682088818895,131.61954890316352,130.96739188344668,0.6521570197168387,1.4734002231141987,-0.82124320339736,133.17595100402832,139.6863870765148,126.66551493154185,3.078908273793914,1120876300,263.573,0.07428571428571429,6.2,22656.793,21.5,0.14,1.29,1.25,19707.257142857143,95.5072,76.8
2021-02-18,126.8875961303711,127.17127933958186,124.63763974131737,126.38868386598486,96856700,133.07210998535157,131.02726949054653,41.558180460747174,130.89155616888775,130.66518479062626,0.22637137826149,1.223994454143657,-0.9976230758821669,133.07210998535157,139.9061368260627,126.23808314464047,2.9446076076098495,1024019600,263.573,0.07392857142857143,6.2,22656.793,22.49,0.15,1.29,1.26,19715.785714285714,95.5072,76.8
2021-02-19,127.04408264160156,127.86581596508542,125.99737312056367,127.40604175880489,87668800,132.73971252441407,130.6479183620756,41.97299076763084,130.29963716468987,130.39695500180963,-0.0973178371197605,0.9597319958909736,-1.057049833010734,132.73971252441407,140.05083642410202,125.42858862472615,2.5980534762743366,1111688400,263.573,0.07357142857142858,6.2,22656.793,22.05,0.14,1.34,1.3,19724.314285714285,95.5072,76.8
2021-02-22,123.25833129882812,126.89738798845885,122.86703351631368,125.22458978162501,103916400,132.11058044433594,129.94414816557583,35.422614050028514,129.21635933917267,129.86816806084803,-0.6518087216753656,0.6374238523777058,-1.2892325740530715,132.11058044433594,140.35224646431715,123.86891442435473,2.585936414940349,1007772000,263.573,0.07250000000000001,6.2,22656.793,23.45,0.15,1.37,1.34,19749.899999999998,95.5072,76.8
2021-02-23,123.12135314941406,123.9528561034997,115.81389522902137,121.06704953832518,158273000,131.286572265625,129.2943581640366,35.20850852099498,128.2786660792098,129.3684039933344,-1.0897379141245835,0.2919914990772479,-1.3817294132018314,131.286572265625,139.66198372264847,122.91116080860154,3.015889341394041,849499000,263.573,0.07214285714285715,6.2,22656.793,23.11,0.15,1.37,1.33,19758.42857142857,95.5072,76.8
2021-02-24,122.62247467041016,122.82790432920568,119.5703683530087,122.22139984991924,111039900,130.42589836120607,128.65894068845313,34.39315224993868,127.40848278554833,128.86870552496964,-1.4602227394213116,-0.05845134862246398,-1.4017713907988476,130.42589836120607,138.64656833754938,122.20522838486275,3.118827504983046,738459100,263.573,0.07178571428571429,6.2,22656.793,21.34,0.16,1.38,1.35,19766.95714285714,95.5072,76.8
2021-02-25,118.35733032226562,123.70830769868415,117.91712502936959,121.96704059219421,148199500,129.40569038391112,127.67783493929241,28.34870421716316,126.01599779119715,128.09008513958418,-2.0740873483870246,-0.46157854857537617,-1.6125087998116485,129.40569038391112,138.27416078980082,120.53721997802144,3.291078694964427,590259600,263.573,0.07142857142857144,6.2,22656.793,28.89,0.15,1.54,1.5,19775.485714285714,95.5072,76.8
2021-02-26,118.62147521972656,122.13335592343607,118.56277569973142,119.92252974269587,164560400,128.64142036437988,126.81532448980995,29.178824399307786,124.87837893404782,127.38870662700214,-2.51032769295432,-0.871328377451165,-1.6389993155031548,128.64142036437988,138.41490788634792,118.86793284241185,3.451791014428435,754820000,263.573,0.07107142857142858,6.2,22656.793,27.95,0.15,1.44,1.4,19784.014285714286,95.5072,76.8
2021-03-01,125.0093765258789,125.14632962305842,120.1181731597989,121.05728331048017,116307900,128.44708709716798,126.64332944562605,45.594547151837155,124.89853240971414,127.21245995284485,-2.313927543130717,-1.1598482105870755,-1.1540793325436414,128.44708709716798,138.34634862183768,118.54782557249828,3.775307800350729,871127900,264.847,0.07,6.1,22656.793,23.35,0.13,1.45,1.4,19809.6,98.1929,84.9
2021-03-02,122.39747619628906,125.91914114090521,122.28986912474551,125.61588891931011,102260900,128.01568984985352,126.23896246949872,41.371894385576645,124.51375453072566,126.85579448939629,-2.3420399586706253,-1.3962865602037855,-0.9457533984668398,128.01568984985352,138.1764458017651,117.85493389794193,3.892696721868344,768867000,264.847,0.07,6.1,22656.793,24.1,0.14,1.42,1.38,19820.029032258062,98.1929,84.9
2021-03-03,119.404052734375,122.97463264092775,119.18883859473966,122.09421455304867,112966300,127.39310760498047,125.58801868520122,37.12795007352433,123.72764656205632,126.30381361865398,-2.5761670565976544,-1.6322626594825593,-0.9439043971150951,127.39310760498047,138.0501922774593,116.73602293250165,3.9821352527917173,655900700,264.847,0.07,6.1,22656.793,26.67,0.14,1.47,1.42,19830.45806451613,98.1929,84.9
2021-03-04,117.51605224609375,120.91054865889173,116.03891416723145,119.10080486208311,178155000,126.72740783691407,124.81925997671479,34.70953056939787,122.77201666729285,125.65286833179766,-2.8808516645048172,-1.8819804604870112,-0.998871204017806,126.72740783691407,138.08300391056846,115.37181176325967,4.1470387530867,477745700,264.847,0.07,6.1,22656.793,28.57,0.14,1.54,1.5,19840.887096774193,98.1929,84.9
2021-03-05,118.77798461914062,119.28667396527544,115.01175939727409,118.3475637840084,153766600,125.95630950927735,124.24390041885059,37.63367925732039,122.15755019834634,125.14361768641567,-2.986067488069324,-2.102797866003474,-0.8832696220658498,125.95630950927735,137.27187740421485,114.64074161433985,4.323821272128364,631512300,264.847,0.07,6.1,22656.793,24.66,0.15,1.56,1.52,19851.316129032257,98.1929,84.9
2021-03-08,113.82808685302734,118.36712304031239,113.68134925740799,118.29864649080791,154376600,124.95850410461426,123.25191817448648,31.64652415945939,120.8760942990665,124.30543021727578,-3.42933591820929,-2.3681054764446374,-1.0612304417646525,124.95850410461426,136.8422414443387,113.07476676488982,4.4628711752891395,477135700,264.847,0.07,6.1,22656.793,25.47,0.13,1.59,1.54,19882.60322580645,98.1929,84.9
2021-03-09,118.45514678955078,119.40404133459487,116.20519796131644,116.43997360787498,129525800,124.18471450805664,122.79508280449261,41.08240447113026,120.50364083606408,123.87207588929616,-3.3684350532320764,-2.5681713918021254,-0.800263661429951,124.18471450805664,135.63836137209427,112.73106764401903,4.601218151780584,606661500,264.847,0.07,6.1,22656.793,24.03,0.13,1.55,1.5,19893.032258064515,98.1929,84.9
2021-03-10,117.36931610107422,119.51165804272296,116.85084228896541,119.04210671169741,111943300,123.40065574645996,122.27834311845275,39.697478954874605,120.02143703068103,123.3903899790575,-3.3689529483764744,-2.728327703116995,-0.6406252452594794,123.40065574645996,134.45943349387602,112.3418779990439,4.551608645255522,494718200,264.847,0.07,6.1,22656.793,22.56,0.14,1.53,1.49,19903.46129032258,98.1929,84.9
2021-03-11,119.30622863769531,120.52902944875325,118.62146316885641,119.87361000523832,103026500,122.7437671661377,121.99528459647586,43.365122417773584,119.9114049702217,123.08785950932698,-3.176454539105279,-2.817953070314652,-0.35850146879062716,122.7437671661377,133.11521863485535,112.37231569742006,4.643842252623899,597744700,264.847,0.07,6.1,22656.793,21.91,0.14,1.54,1.5,19913.890322580646,98.1929,84.9
2021-03-12,118.3964614868164,118.5334145770574,116.5671562971472,117.78017258073191,88105100,122.05410766601562,121.65253953841305,42.07081485039721,119.6783367420055,122.74034854469656,-3.0620118026910603,-2.866764816789934,-0.19524698590112655,122.05410766601562,131.6248626972694,112.48335263476183,4.541129625142487,509639600,264.847,0.07,6.1,22656.793,20.69,0.15,1.64,1.6,19924.31935483871,98.1929,84.9
2021-03-15,121.29205322265625,121.30183771867131,117.79973448364598,118.76819807777808,92403800,121.49748840332032,121.61820750834097,47.447134425544554,119.92660081595176,122.63306740973061,-2.706466593778856,-2.8347051721877183,0.1282385784088622,121.49748840332032,129.80215245581212,113.19282435082852,4.209925508038701,602043400,264.847,0.07,6.1,22656.793,20.03,0.14,1.62,1.58,19955.606451612904,98.1929,84.9
2021-03-16,122.83768463134766,124.45178328205833,122.00618152746164,122.96485323576835,115227900,121.12477760314941,121.73434818672256,50.108866375276065,120.3744598644742,122.6482242409615,-2.273764376487293,-2.7225170130476335,0.4487526365603407,121.12477760314941,128.4256460137632,113.82390919253561,4.181978741109895,717271300,264.847,0.07,6.1,22656.793,19.79,0.17,1.62,1.6,19966.035483870968,98.1929,84.9
2021-03-17,122.0453109741211,123.12137424397079,119.67796282439072,121.35076097755098,111932600,120.82739372253418,121.76396369028433,48.745809492027185,120.63151388134295,122.60356399897331,-1.97205011763036,-2.5724236339641786,0.6003735163338186,120.82739372253418,127.43677665701108,114.21801078805728,4.014280794700289,605338700,264.847,0.07,6.1,22656.793,19.23,0.17,1.63,1.61,19976.464516129032,98.1929,84.9
2021-03-18,117.90733337402344,120.49967234787186,117.70190375225354,120.20619719483877,121229700,120.3783805847168,121.39666556492614,42.27800765273104,120.21240918790919,122.25569506379183,-2.0432858758826455,-2.466596082347872,0.42331020646522655,120.3783805847168,126.48064503537958,114.276116134054,4.05480805332151,484109000,264.847,0.07,6.1,22656.793,21.58,0.18,1.71,1.7,19986.893548387096,98.1929,84.9
2021-03-19,117.37908935546875,118.78775822996795,117.0758371529688,117.29105128250436,185549500,119.89513092041015,121.01403925926353,41.52062657008657,119.7765138290722,121.89446501132345,-2.1179511822512467,-2.3968671023285473,0.2789159200773006,119.89513092041015,125.30034537193292,114.48991646888739,3.7110271014406027,298559500,264.847,0.07,6.1,22656.793,20.95,0.19,1.74,1.73,19997.322580645163,98.1929,84.9
2021-03-22,120.70511627197266,121.17467507978692,117.64322564652812,117.71170219523187,111912300,119.76747016906738,120.98461802237868,47.85480237271639,119.91937574336458,121.80636510470487,-1.8869893613402837,-2.2948915541308947,0.407902192790611,119.76747016906738,124.96556078910163,114.56937954903313,3.7229066520233505,410471800,264.847,0.07,6.1,22656.793,18.88,0.16,1.69,1.66,20028.609677419354,98.1929,84.9
2021-03-23,119.87359619140625,121.53660211745228,119.48229848428278,120.6464071105448,95467100,119.60508232116699,120.87880641942893,46.49879889807074,119.912332735371,121.66319703705311,-1.750864301682114,-2.1860861036411388,0.4352218019590248,119.60508232116699,124.57169214869089,114.63847249364309,3.5992287653791655,315004700,264.847,0.07,6.1,22656.793,20.3,0.19,1.63,1.62,20039.03870967742,98.1929,84.9
2021-03-24,117.47692108154297,120.22578250026773,117.45735955159839,120.14752145372104,88530500,119.34780464172363,120.55481733963026,42.73966737684122,119.53765401939745,121.35310252183014,-1.8154485024326874,-2.1119585833994488,0.29651008096676135,119.34780464172363,124.19417737769962,114.50143190574764,3.4489993694512413,226474200,264.847,0.07,6.1,22656.793,21.2,0.18,1.62,1.6,20049.467741935485,98.1929,84.9
2021-03-25,117.96603393554688,119.0127585740185,116.41063491697949,116.93888575254493,98844700,119.3282398223877,120.30826653924137,43.73928889662416,119.29586631418967,121.10220855247583,-1.8063422382861631,-2.050835314376792,0.24449307609062876,119.3282398223877,124.1935710288707,114.4629086159047,3.3295143043825033,325318900,264.847,0.07,6.1,22656.793,19.81,0.17,1.63,1.61,20059.89677419355,98.1929,84.9
2021-03-26,118.57254791259766,118.83667706674994,116.33237593563868,117.731260359211,94071200,119.32579345703125,120.14296000337053,45.02101396116246,119.1845865600986,120.91482628285523,-1.730239722756636,-1.9867161960527608,0.2564764732961249,119.32579345703125,124.19259267435602,114.45899423970648,3.1443475736238335,419390100,264.847,0.07,6.1,22656.793,18.86,0.18,1.67,1.65,20070.325806451612,98.1929,84.9
2021-03-29,118.7486343383789,119.91274312400247,118.10299937711603,119.00297900233532,80819200,119.01275634765625,120.01016708289514,45.409856387897904,119.11751698752633,120.75436762030142,-1.6368506327750936,-1.9167430833972277,0.2798924506221341,119.01275634765625,123.12368871439742,114.90182398091508,2.8753325211466136,500209300,264.847,0.07,6.1,22656.793,20.74,0.17,1.73,1.7,20101.612903225807,98.1929,84.9
2021-03-30,117.29105377197266,117.78017409006814,116.27368261472802,117.49648340996671,85671900,118.75743522644044,119.75120391042633,42.716674245196884,118.83652264667191,120.49782585375854,-1.6613032070866325,-1.8656551081351087,0.20435190104847623,118.75743522644044,122.62274190059219,114.89212855228868,2.862056518996138,414537400,264.847,0.07,6.1,22656.793,19.61,0.18,1.73,1.71,20112.04193548387,98.1929,84.9
2021-03-31,119.49210357666016,120.83228856558793,118.51386287192022,119.00298322429019,118323800,118.76183776855468,119.72652768816289,47.75559331337929,118.93738125128547,120.42332790730681,-1.4859466560213406,-1.7897134177123553,0.3037667616910147,118.76183776855468,122.63027968131274,114.89339585579663,2.8893080508487268,532861200,264.847,0.07,6.1,22656.793,19.4,0.16,1.74,1.71,20122.470967741938,98.1929,84.9
2021-04-01,120.32359313964844,121.47791733984869,119.82468834663912,120.96923551452913,75089100,118.90221481323242,119.78339106449485,49.5606476354269,119.15064461872593,120.41594014673953,-1.2652955280135956,-1.6848298397726034,0.4195343117590078,118.90221481323242,122.78337953892066,115.02105008754418,2.8355038667516146,607950300,266.625,0.07,6.1,23368.861,17.33,0.18,1.69,1.67,20132.9,98.3317,88.3
2021-04-05,123.16049194335938,123.41483658685715,120.3920692786332,121.17466473706477,88651200,119.12134017944337,120.1050197196248,55.24247765762961,119.76754420713108,120.61924027982248,-0.8516960726913965,-1.5182030863563623,0.6665070136649658,119.12134017944337,123.4219069000775,114.82077345880923,2.806156739050427,696601500,266.625,0.06866666666666667,6.1,23368.861,17.91,0.18,1.73,1.7,20173.513333333336,98.3317,88.3
2021-04-06,123.4637451171875,124.36372467715026,122.91593276997253,123.7474357865334,80171300,119.60312309265137,120.4248983289165,55.81545222326366,120.33619050098591,120.82994434184953,-0.4937538408636186,-1.3133132372578136,0.819559396394195,119.60312309265137,123.56973436550567,115.63651181979708,2.683875442462974,776772800,266.625,0.06833333333333334,6.1,23368.861,18.12,0.18,1.67,1.65,20183.666666666668,98.3317,88.3
2021-04-07,125.11697387695312,125.13653540500879,122.41702773888204,123.09201613924569,83466700,119.93621444702148,120.87176266682474,58.90417738019821,121.07169563575009,121.14750208519054,-0.07580644944044934,-1.0658118796943408,0.9900054302538914,119.93621444702148,124.53046582938217,115.3419630646608,2.632168031502022,860239500,266.625,0.068,6.1,23368.861,17.16,0.17,1.68,1.66,20193.82,98.3317,88.3
2021-04-08,127.5234146118164,127.55276062863301,125.72345592216895,126.14409211438253,88844600,120.4439193725586,121.50525332825251,62.962759811114,122.06426778591414,121.61979190197765,0.44447588393649085,-0.7637543269681745,1.2082302109046652,120.4439193725586,125.94586597745322,114.94197276766397,2.495909426488617,949084100,266.625,0.06766666666666667,6.1,23368.861,16.95,0.18,1.64,1.63,20203.973333333335,98.3317,88.3
2021-04-09,130.1060028076172,130.14512586474413,126.65281460393234,126.97563580060692,106686700,120.9839080810547,122.32437232628725,66.75713140454545,123.30145778925306,122.24840011721021,1.0530576720428542,-0.40039192716596883,1.453449599208823,120.9839080810547,127.87719238111559,114.0906237809938,2.623080153903806,1055770800,266.625,0.06733333333333334,6.1,23368.861,16.69,0.17,1.67,1.65,20214.126666666667,98.3317,88.3
2021-04-12,128.38429260253906,129.9592604537893,127.78756528183514,129.63643928749713,91420000,121.48329963684083,122.90150759069219,62.18345272608175,124.08343237591245,122.702910671679,1.3805217042334448,-0.04420920088608615,1.424730905119531,121.48329963684083,128.97555984154954,113.99103943213211,2.5175695682940824,964350800,266.625,0.06633333333333334,6.1,23368.861,16.91,0.17,1.69,1.67,20244.586666666666,98.3317,88.3
2021-04-13,131.5048828125,131.7298889082425,129.05928119869824,129.5581934810451,91266500,121.993941116333,123.72087665943579,66.64413746585653,125.22519398154131,123.35490860803613,1.8702853735051832,0.33868971399216774,1.5315956595130156,121.993941116333,130.66400772068462,113.3238745119814,2.609804759189363,1055617300,266.625,0.066,6.1,23368.861,16.65,0.15,1.64,1.61,20254.74,98.3317,88.3
2021-04-14,129.15711975097656,132.06249585390395,128.79517546483183,132.0038037995852,87222800,122.30991287231446,124.23861409672539,60.830557386680425,125.83010563837752,123.78470202603171,2.045403612345808,0.6800324936628959,1.3653711186829123,122.30991287231446,131.52351951293667,113.09630623169224,2.6454402906467047,968394500,266.625,0.06566666666666666,6.1,23368.861,16.99,0.16,1.64,1.62,20264.893333333333,98.3317,88.3
2021-04-15,131.5733642578125,132.06248457103857,130.73207672199297,130.90816779667338,89347100,122.78631553649902,124.93716173111463,64.28373590658902,126.71368388752137,124.36163996912659,2.3520439183947843,1.0144347786092736,1.3376091397855108,122.78631553649902,132.84270717643332,112.72992389656471,2.6671003737197756,1057741600,266.625,0.06533333333333334,6.1,23368.861,16.57,0.17,1.56,1.54,20275.04666666667,98.3317,88.3
2021-04-16,131.24073791503906,131.73963515402795,130.37988157159393,131.37769097633586,84922400,123.4529857635498,125.53750232005982,63.45439367247369,127.4101537379087,124.87120277993492,2.538950957973782,1.3193380144821751,1.2196129434916068,123.4529857635498,133.88791624783178,113.01805527926784,2.585346977385687,972819200,266.625,0.065,6.1,23368.861,16.25,0.17,1.59,1.57,20285.2,98.3317,88.3
2021-04-19,131.9059600830078,132.52225644299975,130.4385991700877,130.60489828233995,94264200,124.17932929992676,126.14402210700725,64.44240031899085,128.10181625253932,125.39229591349587,2.7095203390434506,1.5973744793944302,1.1121458596490204,124.17932929992676,134.8418611725316,113.51679742732193,2.604912229244658,1067083400,266.625,0.064,6.1,23368.861,17.29,0.17,1.61,1.59,20315.66,98.3317,88.3
2021-04-20,130.213623046875,132.5809638018916,128.9419071234644,132.0820664075215,94812300,124.65475463867188,126.5316031488994,59.99844657621022,128.42670960551405,125.74943125670913,2.6772783488049186,1.8133552532765278,0.8639230955283907,124.65475463867188,135.50159647837805,113.8079127989657,2.688062583157252,972271100,266.625,0.06366666666666666,6.1,23368.861,18.68,0.15,1.58,1.55,20325.813333333335,98.3317,88.3
2021-04-21,130.5951385498047,130.83969873435487,128.44301191111677,129.47994470532655,68847100,125.19083175659179,126.9186065204142,60.65712573308999,128.76031405848184,126.10837253767917,2.6519415208026658,1.9810725067817554,0.6708690140209104,125.19083175659179,136.09909468764218,114.28256882554142,2.60630915670174,1041118200,266.625,0.06333333333333334,6.1,23368.861,17.5,0.14,1.57,1.54,20335.966666666667,98.3317,88.3
2021-04-22,129.0690460205078,131.23094903356164,128.55057978153482,130.1451015482709,84566500,125.77043800354004,127.12341028232788,56.63949691533786,128.8078112834089,126.32768168455536,2.4801295988535514,2.080883925196115,0.3992456736574366,125.77043800354004,136.19893991713067,115.3419360899494,2.655920263047332,956551700,266.625,0.063,6.1,23368.861,18.71,0.15,1.57,1.54,20346.12,98.3317,88.3
2021-04-23,131.3972930908203,132.17987368023367,129.2842896751612,129.2842896751612,78657500,126.4420009613037,127.53044674027954,60.89501984814097,129.20619309993373,126.7032084553898,2.502984644543929,2.165304069065678,0.33768057547825103,126.4420009613037,136.49686147749938,116.38714044510803,2.657319135369985,1035209200,266.625,0.06266666666666666,6.1,23368.861,17.33,0.15,1.58,1.55,20356.273333333334,98.3317,88.3
2021-04-26,131.78857421875,132.12117243879302,130.65381154555584,131.89618128132474,66905100,127.10280227661133,127.93598269061007,61.57749804909452,129.60348250282854,127.0799022156387,2.5235802871898443,2.2369593126905114,0.2866209744993329,127.10280227661133,136.73011225132342,117.47549230189922,2.658716920088518,1102114300,266.625,0.06166666666666667,6.1,23368.861,17.64,0.15,1.58,1.55,20386.733333333334,98.3317,88.3
2021-04-27,131.4657745361328,132.46358428625007,131.1918683187311,132.07227902798383,66015800,127.73865928649903,128.27215334256462,60.637286986103405,129.88998896949073,127.40478164678642,2.485207322704312,2.2866089146932715,0.19859840801104056,127.73865928649903,136.73402041324263,118.74329815975543,2.5553032273308185,1036098500,266.625,0.06133333333333333,6.1,23368.861,17.56,0.17,1.63,1.62,20396.886666666665,98.3317,88.3
2021-04-28,130.67337036132812,132.08203909742446,130.18425010167056,131.38748176093378,107760100,128.40777511596679,128.50084067768495,58.284645159084654,130.01050918361955,127.64689932934508,2.363609854274472,2.302009102609512,0.06160075166495993,128.40777511596679,136.09007109104252,120.72547914089107,2.516874816193248,928338400,266.625,0.061,6.1,23368.861,17.28,0.18,1.63,1.62,20407.04,98.3317,88.3
2021-04-29,130.57557678222656,134.08747257107711,129.56798996025657,133.50052212496433,151101000,128.96194877624512,128.6984345924032,57.98563582553816,130.0974426603283,127.86383839992888,2.2336042603994315,2.288328134167496,-0.054723873768064646,128.96194877624512,135.50650916477898,122.41738838771127,2.590244198336731,777237400,266.625,0.06066666666666666,6.1,23368.861,17.61,0.17,1.65,1.64,20417.193333333333,98.3317,88.3
2021-04-30,128.5995330810547,130.65382966034915,128.21801979298792,128.91256235309382,109839500,129.37574577331543,128.6890154008462,52.16246438025236,129.86699503274775,127.91833430223448,1.948660730513268,2.2203946534366508,-0.27173392292338283,129.37574577331543,134.59574484097703,124.15574670565381,2.598627937020958,667397900,266.625,0.06033333333333333,6.1,23368.861,18.61,0.17,1.65,1.64,20427.346666666668,98.3317,88.3
2021-05-03,129.656005859375,131.1527277481315,128.96146337467013,129.16688554691402,75135100,129.7005214691162,128.7811097302299,54.777286900339675,129.8345351599212,128.04705071387454,1.7874844460466477,2.1338126119586502,-0.34632816591200255,129.7005214691162,134.0727413132077,125.32830162502472,2.5420278199762003,742533000,268.404,0.06129032258064516,5.8,23368.861,18.31,0.1625,1.63,1.59,20440.345161290323,99.1867,82.9
2021-05-04,125.06806945800781,128.6288723998823,123.9430911832169,128.3353972104989,137564700,129.78073768615724,128.42748684716113,43.62523138634368,129.10123274424222,127.82638543566219,1.2748473085800356,1.9620195512829275,-0.6871722427028919,129.78073768615724,133.73080278352094,125.83067258879355,2.7167131261966273,604968300,268.404,0.06193548387096774,5.8,23368.861,19.48,0.16,1.61,1.59,20441.767741935484,99.1867,82.9
2021-05-05,125.3126220703125,127.61147843692302,125.18544602057825,126.38867773337496,84000900,129.7905200958252,128.13083305888983,44.27645885787922,128.51836956363766,127.64018074193258,0.8781888217050806,1.745253405367358,-0.8670645836622775,129.7905200958252,133.69504367098233,125.88599652066806,2.690859137543285,688969200,268.404,0.06258064516129032,5.8,23368.861,19.15,0.15,1.59,1.57,20443.190322580645,99.1867,82.9
2021-05-06,126.91697692871094,126.92675396385664,124.36376017580233,125.10722533308426,78128300,129.76019821166992,128.0152277131585,48.48108565386629,128.27200146595663,127.58661008910136,0.6853913768552786,1.5332809996649424,-0.8478896228096637,129.76019821166992,133.74330294213487,125.77709348120497,2.7768048665161627,767097500,268.404,0.0632258064516129,5.8,23368.861,18.39,0.14,1.58,1.56,20444.612903225807,99.1867,82.9
2021-05-07,127.59308624267578,128.62197170549905,126.87774679152785,128.2202231223944,78973300,129.63455238342286,127.97502376358872,50.18690653975404,128.16755297006728,127.58708980418095,0.5804631658863286,1.3427174329092197,-0.7622542670228911,129.63455238342286,133.72323609468552,125.5458686721602,2.7525596980203884,846070800,268.404,0.06387096774193549,5.8,23368.861,16.69,0.14,1.6,1.58,20446.035483870968,99.1867,82.9
2021-05-10,124.30060577392578,126.936537888107,124.2614087846363,126.80916075602343,88071200,129.43036804199218,127.62507919314463,42.76163996943207,127.57263801681474,127.34364654268056,0.2289914741341761,1.119972241154211,-0.8909807670200349,129.43036804199218,134.11311690267826,124.74761918130609,2.730604039421265,757999600,268.404,0.06580645161290323,5.8,23368.861,19.66,0.15,1.63,1.61,20450.303225806452,99.1867,82.9
2021-05-11,123.37948608398438,123.73224398798311,120.3025863854562,121.01791826059262,126142800,129.02409820556642,127.22073699227222,40.93684718021248,126.92753771945621,127.05000502722159,-0.12246730776537618,0.8714843313702937,-0.9939516391356699,129.02409820556642,134.29001012655763,123.75818628457522,2.8449849369377995,631856800,268.404,0.0664516129032258,5.8,23368.861,21.84,0.15,1.64,1.63,20451.725806451614,99.1867,82.9
2021-05-12,120.3025894165039,122.13500921597532,119.79304356361403,120.91993258519142,112172300,128.58137168884278,126.56186579458,35.48889584153099,125.9083149036174,126.55019646346473,-0.6418815598473344,0.5688111531267681,-1.2106927129741025,128.58137168884278,135.0740757056933,122.08866767199225,2.9097044561051937,519684500,268.404,0.06709677419354838,5.8,23368.861,27.59,0.13,1.69,1.67,20453.148387096775,99.1867,82.9
2021-05-13,122.4583740234375,123.61465887026078,121.76264438757792,122.07621277945914,105861300,128.12562217712403,126.17105705447119,41.375626692713176,125.3775547682051,126.24709850494419,-0.8695437367390895,0.28114017515359657,-1.1506839118926862,128.12562217712403,134.98362415702002,121.26762019722804,2.9240788699645526,625545800,268.404,0.06774193548387096,5.8,23368.861,23.13,0.14,1.66,1.64,20454.570967741936,99.1867,82.9
2021-05-14,124.88853454589844,125.31969391364765,123.32069249416574,123.71265487611407,81918000,127.80801200866699,126.04891205365475,47.22224686016155,125.30232088785023,126.14646413760747,-0.8441432497572379,0.05608349017142969,-0.9002267399286675,127.80801200866699,134.64786904914334,120.96815496819065,3.023647369748336,707463800,268.404,0.06838709677419355,5.8,23368.861,18.81,0.15,1.63,1.62,20455.993548387098,99.1867,82.9
2021-05-17,123.73226165771484,124.37900077220148,122.65437060963178,124.27121091978704,74244600,127.39932708740234,125.82827868261285,44.92642295830394,125.06077331398325,125.96763432428207,-0.9068610102988259,-0.13650540992262145,-0.7703556003762044,127.39932708740234,134.18749792904566,120.61115624575903,3.0923936532303142,633219200,268.404,0.0703225806451613,5.8,23368.861,19.72,0.13,1.64,1.62,20460.261290322578,99.1867,82.9
2021-05-18,122.34078979492188,124.43777993260704,122.27219693905593,124.01642168198467,63342900,127.00568542480468,125.49613688378514,42.2635141133418,124.64231431105073,125.6989791739591,-1.0566648629083772,-0.32053730051977264,-0.7361275623886046,127.00568542480468,134.00519654341778,120.00617430619158,3.1115217959301154,569876300,268.404,0.07096774193548387,5.8,23368.861,21.34,0.14,1.64,1.62,20461.68387096774,99.1867,82.9
2021-05-19,122.18402099609375,122.40939434000599,120.39079798085203,120.68477166324163,92612000,126.58512954711914,125.18069727543357,41.961742863065616,124.2641153395189,125.43861190152462,-1.1744965620057286,-0.4913291528169639,-0.6831674091887647,126.58512954711914,133.68150480071657,119.4887542935217,2.932887063668216,477264300,268.404,0.07161290322580645,5.8,23368.861,22.18,0.14,1.68,1.67,20463.1064516129,99.1867,82.9
2021-05-20,124.75135040283203,125.15311390529939,122.58576737350162,122.7131594479721,76857100,126.36924476623535,125.13980709709057,48.4529135402529,124.33907458002861,125.38770364236221,-1.0486290623336032,-0.6027891347202917,-0.4458399276133115,126.36924476623535,133.41273096030514,119.32575857216558,2.9709787095142457,554121400,268.404,0.07225806451612904,5.8,23368.861,20.67,0.14,1.63,1.62,20464.529032258062,99.1867,82.9
2021-05-21,122.90913391113281,125.42748227973826,122.69355422979483,125.25109958373996,79295400,125.94483680725098,124.92736203176125,44.598382657913255,124.11908370789078,125.20410588449337,-1.0850221766025925,-0.699235743096752,-0.3857864335058405,125.94483680725098,132.74398592596444,119.14568768853752,2.9838882368618616,474826000,268.404,0.07290322580645162,5.8,23368.861,20.15,0.14,1.63,1.62,20465.951612903224,99.1867,82.9
2021-05-24,124.54558563232422,125.368707483583,123.40890280809067,123.47749567269044,63092900,125.58268737792969,124.891002374672,48.51641174450671,124.18469938857285,125.15532660655491,-0.9706272179820559,-0.7535140380738128,-0.21711317990824308,125.58268737792969,131.8489101065811,119.31646464927829,2.7515067294541526,537918900,268.404,0.07483870967741936,5.8,23368.861,18.4,0.12,1.61,1.59,20470.219354838708,99.1867,82.9
2021-05-25,124.349609375,125.74107639005582,123.7812642192773,125.251117740315,72009500,125.22687911987305,124.839441136608,48.07790558476585,124.21007015571548,125.09564384866195,-0.8855736929464655,-0.7799259690483433,-0.10564772389812216,125.22687911987305,130.8961914758049,119.55756676394121,2.709821243158675,465909400,268.404,0.07548387096774194,5.8,23368.861,18.84,0.12,1.56,1.54,20471.64193548387,99.1867,82.9
2021-05-26,124.30060577392578,124.82975391524182,123.87924748414049,124.40839562545654,56575900,124.90824089050292,124.78812348301922,47.96117462513986,124.22399871236323,125.03675213942223,-0.8127534270590075,-0.7864914606504763,-0.02626196640853129,124.90824089050292,130.0046832180379,119.81179856296794,2.5946435748048904,409333500,268.404,0.07612903225806451,5.8,23368.861,17.36,0.12,1.58,1.56,20473.06451612903,99.1867,82.9
2021-05-27,122.76215362548828,125.07472355131192,122.56617616440937,123.89884383271658,94625600,124.51756973266602,124.59517397277818,44.322792490940074,123.99909946822862,124.86826336061232,-0.8691638923836962,-0.8030259469971204,-0.0661379453865758,124.51756973266602,128.97409612342327,120.06104334190877,2.64923803715713,314707900,268.404,0.0767741935483871,5.8,23368.861,16.74,0.11,1.61,1.59,20474.48709677419,99.1867,82.9
2021-05-28,122.10560607910156,123.27169201627994,122.04681434312955,123.04631123495386,71311100,124.19287338256837,124.3580722686185,42.82955483477638,123.70779279297831,124.6636220805004,-0.9558292875220928,-0.833586615102115,-0.12224267241997788,124.19287338256837,128.3485857607479,120.03716100438882,2.4987523382364807,243396800,268.404,0.07741935483870968,5.8,23368.861,16.76,0.12,1.58,1.57,20475.909677419353,99.1867,82.9
2021-06-01,121.7822494506836,122.83074455067667,121.44908627688243,122.56617423477933,67637100,123.79918556213379,124.11275580976756,42.07766584096571,123.41155535570219,124.45018707088434,-1.0386317151821487,-0.8745956351181218,-0.16403608006402692,123.79918556213379,127.24055785043508,120.35781327383249,2.311869401473956,175759700,270.71,0.08,5.9,23368.861,17.9,0.11,1.62,1.6,20481.6,99.6483,85.5
2021-06-02,122.54657745361328,122.72296016407643,121.5568815278501,121.78225486696007,59278900,123.67311096191406,123.96359596632429,44.55538580322012,123.2784818323039,124.30917895108648,-1.0306971187825837,-0.9058159318510142,-0.12488118693156958,123.67311096191406,127.10403738984435,120.24218453398377,2.1389862668922413,235038600,270.71,0.08066666666666666,5.9,23368.861,17.48,0.11,1.59,1.57,20486.656666666666,99.6483,85.5
2021-06-03,121.05713653564453,122.34080621458908,120.65537298589332,122.17422461028026,76229200,123.46033668518066,123.68679030625955,40.885103580828925,122.93673640204861,124.068286920313,-1.1315505182643903,-0.9509628491336894,-0.1805876691307009,123.46033668518066,126.98471318143923,119.9359601889221,2.0374959107467467,158809400,270.71,0.08133333333333334,5.9,23368.861,18.04,0.11,1.63,1.61,20491.713333333333,99.6483,85.5
2021-06-04,123.3598861694336,123.62446394747415,121.36088480359764,121.57646448168688,75169300,123.2824821472168,123.6556565789428,48.015031818586756,123.00183636626168,124.01581279061823,-1.0139764243565423,-0.9635655641782601,-0.050410860178282224,123.2824821472168,126.43002824652444,120.13493604790915,2.0164964480052805,233978700,270.71,0.082,5.9,23368.861,16.42,0.11,1.56,1.54,20496.77,99.6483,85.5
2021-06-07,123.36968994140625,123.7812470760429,122.32119487398776,123.63426024908394,71057600,123.07131233215333,123.62842166108217,48.04376323759758,123.05842922397623,123.96795183882475,-0.9095226148485125,-0.9527569743123107,0.043234359463798167,123.07131233215333,125.52364493406667,120.61897973023999,1.9612027527044578,305036300,270.71,0.084,5.9,23368.861,16.42,0.1,1.57,1.55,20511.94,99.6483,85.5
2021-06-08,124.19281005859375,125.8782506142176,123.67346305813653,124.05562434058848,74403800,123.06592254638672,123.68217293703565,50.51658956166891,123.23294935237892,123.98460800325209,-0.7516586508731677,-0.9125373096244821,0.16087865875131435,123.06592254638672,125.50787626178139,120.62396883099204,1.9857011583659039,379440100,270.71,0.08466666666666667,5.9,23368.861,17.07,0.11,1.53,1.51,20516.996666666666,99.6483,85.5
2021-06-09,124.57498168945312,125.18252383113118,123.97724066446416,124.65337567084285,56877900,123.12569732666016,123.76720234202779,51.66681056994298,123.43941586577495,124.02833938741514,-0.5889235216401971,-0.8478145520276251,0.258891030387428,123.12569732666016,125.65248052506385,120.59891412825647,1.9276073589025506,436318000,270.71,0.08533333333333333,5.9,23368.861,17.89,0.09,1.5,1.47,20522.053333333333,99.6483,85.5
2021-06-10,123.57546997070312,125.61366838929395,123.40888838700712,124.4671771062987,71186400,123.28934135437012,123.74894211618734,48.492081792191236,123.46034726653312,123.99479350469574,-0.5344462381626158,-0.7851408892546233,0.2506946510920075,123.28934135437012,125.46281490891432,121.11586779982592,1.8730135798369207,365131600,270.71,0.08600000000000001,5.9,23368.861,16.1,0.09,1.45,1.42,20527.11,99.6483,85.5
2021-06-11,124.79054260253906,124.87873768733272,123.56566486306369,123.98702310448563,53522400,123.4059497833252,123.84814216250655,52.3270848703819,123.66499270284173,124.05373788231375,-0.3887451794720249,-0.7058617472981037,0.3171165678260788,123.4059497833252,125.63803779368115,121.17386177296925,1.7715239208601778,418654000,270.71,0.08666666666666667,5.9,23368.861,15.65,0.09,1.47,1.44,20532.166666666664,99.6483,85.5
2021-06-14,127.85762786865234,127.91641960509389,124.51616543716321,125.25109204692282,96906500,123.5544044494629,124.22999794404424,60.35170571837499,124.31001349758182,124.33550751093142,-0.025494013349600664,-0.5697882005084031,0.5442941871588024,123.5544044494629,126.45577270837386,120.65303619055193,1.838715391965928,515560500,270.71,0.08866666666666667,5.9,23368.861,16.39,0.09,1.51,1.48,20547.336666666666,99.6483,85.5
2021-06-15,127.0345230102539,127.97523571896205,126.78954745562504,127.32849666623278,62746300,123.71951751708984,124.49709556939754,57.55190872361335,124.72916880722369,124.5354345849553,0.19373422226838954,-0.41708371595304455,0.610817938221434,123.71951751708984,126.9943926102099,120.44464242396978,1.7834208271486776,452814200,270.71,0.08933333333333333,5.9,23368.861,17.02,0.09,1.51,1.48,20552.393333333333,99.6483,85.5
2021-06-16,127.53427124023438,128.25940428449337,125.87824900552074,127.74985093036214,91815000,123.97919158935547,124.78635039519152,58.8015871211258,125.16072302768687,124.75757063349448,0.40315239419238935,-0.2530364939239578,0.6561888881163471,123.97919158935547,127.58271424747544,120.3756689312355,1.8856100305680559,544629200,270.71,0.09,5.9,23368.861,18.15,0.08,1.57,1.53,20557.45,99.6483,85.5
2021-06-17,129.14134216308594,129.8860776224525,127.04435143931097,127.19134578361376,96721700,124.32705764770508,125.20111151594337,62.61334389955314,125.77312597159442,125.08229445050127,0.690831521093159,-0.06426289092053442,0.7550944120136934,124.32705764770508,128.47270169739963,120.18141359801054,1.9094085160136964,641350900,270.71,0.09066666666666667,5.9,23368.861,17.75,0.09,1.52,1.48,20562.506666666664,99.6483,85.5
2021-06-18,127.83806610107422,128.86695159835352,127.62248638968997,128.08304168654513,108953300,124.48139343261718,125.45225004786059,57.932212129987754,126.09080906843748,125.28642568387704,0.8043833845604382,0.10946636417566011,0.6949170203847781,124.48139343261718,128.89959642164624,120.06319044358814,1.9304069517455236,532397600,270.71,0.09133333333333334,5.9,23368.861,20.7,0.08,1.45,1.4,20567.56333333333,99.6483,85.5
2021-06-21,129.64105224609375,129.7488420763639,126.61315831230449,127.68124802454167,79663300,124.81798934936523,125.85118359054947,62.148303128896416,126.63700032653844,125.60899061441161,1.0280097121268312,0.2931750337658944,0.7348346783609369,124.81798934936523,129.7064805502673,119.9294981484632,2.0556944867644638,612060900,270.71,0.09333333333333334,5.9,23368.861,17.89,0.09,1.5,1.45,20582.733333333334,99.6483,85.5
2021-06-22,131.28729248046875,131.38528868125076,128.97472269195052,129.47448238296937,74783600,125.15507469177246,126.36890824673226,65.54387011353424,127.35242988868157,126.02960556745288,1.322824321228694,0.49910489125845436,0.8237194299702397,125.15507469177246,130.79407956430475,119.51606981924017,2.1445864405554573,686844500,270.71,0.094,5.9,23368.861,16.66,0.09,1.48,1.44,20587.79,99.6483,85.5
2021-06-23,131.0128936767578,131.62044308079967,130.55233854316447,131.0814939933907,60214200,125.48823890686035,126.81119257340136,64.50515828004133,127.91557816377022,126.39873801999398,1.5168401437762355,0.7026519417620107,0.8141882020142248,125.48823890686035,131.6597408433786,119.3167369703421,2.0857935884065464,626630300,270.71,0.09466666666666668,5.9,23368.861,16.32,0.1,1.5,1.45,20592.846666666665,99.6483,85.5
2021-06-24,130.728759765625,131.93403531891448,130.2583959308748,131.74785150334102,68711000,125.80964660644531,127.184294210756,63.38501105402014,128.34837533328636,126.7194803715222,1.6288949617641606,0.8879005457624407,0.7409944160017199,125.80964660644531,132.35829087816893,119.26100233472168,2.022101586707265,557919300,270.71,0.09533333333333334,5.9,23368.861,15.97,0.1,1.49,1.44,20597.903333333332,99.6483,85.5
2021-06-25,130.43478393554688,131.19910646414033,130.1408102817522,130.7777556903275,70783700,126.19327812194824,127.49386466073608,62.18186691813455,128.66936127209567,126.99468804293143,1.6746732291642417,1.045255082442801,0.6294181467214406,126.19327812194824,132.8803541352476,119.5062021086489,1.993404728159621,487135600,270.71,0.096,5.9,23368.861,15.62,0.09,1.54,1.48,20602.96,99.6483,85.5
2021-06-28,132.07122802734375,132.53178329485237,130.66997494475694,130.72876668918406,62111300,126.69155921936036,127.92980402898444,66.04555417424902,129.19272538828767,127.37072804177679,1.8219973465108836,1.2006035352564177,0.6213938112544659,126.69155921936036,133.5684841041896,119.8146343345311,1.9640074914806311,549246900,270.71,0.098,5.9,23368.861,15.76,0.1,1.49,1.44,20618.13,99.6483,85.5
2021-06-29,133.59005737304688,133.74684530023828,131.6498553684425,132.09080833056353,64556100,127.28194961547851,128.468875776038,69.19158994492459,129.86923800132755,127.83141910335235,2.0378188979751997,1.3680466078001743,0.6697722901750254,127.28194961547851,134.3949970261589,120.16890220479812,2.027700831846971,613803000,270.71,0.09866666666666667,5.9,23368.861,16.02,0.1,1.49,1.45,20623.186666666665,99.6483,85.5
2021-06-30,134.20742797851562,134.6483810309489,133.13932308886885,133.43329677453198,63261400,127.86499214172363,129.01540455722633,70.39244663480264,130.53665184397187,128.30371605706816,2.2329357869037096,1.5410244436208815,0.6919113432828281,127.86499214172363,135.23678902756163,120.49319525588564,1.9780063989750596,677064400,270.71,0.09933333333333333,5.9,23368.861,15.83,0.1,1.45,1.4,20628.243333333332,99.6483,85.5
2021-07-01,134.5111846923828,134.56997643445254,133.0315227403941,133.85465198573496,52485800,128.53769454956054,129.538812189146,70.99156254544894,131.1481184360351,128.76352854857294,2.3845898874621696,1.7097375323891393,0.6748523550730303,128.53769454956054,135.75560773146117,121.31978136765991,1.9941050325314456,729550200,271.965,0.1,5.4,23921.991,15.48,0.09,1.48,1.43,20633.3,100.0668,81.2
2021-07-02,137.1471405029297,137.18633001828633,134.98154971442102,135.1285290871627,78852600,129.22705726623536,130.26341488569685,75.60483420542029,132.07104490786503,129.38453684148826,2.686508066376774,1.9050916391866664,0.7814164271901078,129.22705726623536,136.95104321142088,121.50307132104986,1.9423115438152192,808402800,271.965,0.09967741935483872,5.4,23921.991,15.07,0.09,1.44,1.39,20640.10322580645,100.0668,81.2
2021-07-06,139.1657257080078,140.27300511470358,137.25491925633426,137.25491925633426,108181800,130.01685905456543,131.11125401163122,78.43336392991404,133.16253426173316,130.10906935011934,3.0534649116138155,2.1347662936720964,0.9186986179417191,130.01685905456543,138.3869538631997,121.64676424593115,2.0808955687035677,916584600,271.965,0.09838709677419355,5.4,23921.991,16.44,0.08,1.37,1.32,20667.316129032257,100.0668,81.2
2021-07-07,141.66448974609375,141.97805072261244,139.79287267133577,140.65517657085456,104911600,130.89044303894042,132.11632408158005,81.32060256244888,134.47052741317324,130.9650264164878,3.5055009966854414,2.4089132342747654,1.096587762410676,130.89044303894042,140.236856361614,121.54402971626683,2.111693406962996,1021496200,271.965,0.09806451612903226,5.4,23921.991,16.2,0.07,1.33,1.28,20674.11935483871,100.0668,81.2
2021-07-08,140.3612060546875,141.16471813821977,137.84285005243268,138.73456470357425,105575500,131.67975425720215,132.9015509361617,75.63323442393961,135.3767856657139,131.6610397230211,3.7157459426927915,2.6702797759583707,1.0454661667344207,131.67975425720215,141.41759042392158,121.94191809048272,2.181687229142964,915920700,271.965,0.09774193548387097,5.4,23921.991,19.0,0.06,1.3,1.24,20680.92258064516,100.0668,81.2
2021-07-09,142.19358825683594,142.72272878930693,139.7830226148444,139.88101880150734,99890800,132.61066017150878,133.786506871464,77.96646043760322,136.42552452588652,132.44122850330368,3.984296022582839,2.9330830252832643,1.051212997299575,132.61066017150878,142.62721478074423,122.59410556227334,2.2831765435048603,1015811500,271.965,0.09741935483870968,5.4,23921.991,16.18,0.07,1.37,1.31,20687.725806451614,100.0668,81.2
2021-07-12,141.5958709716797,143.3793001913862,141.10591986105104,143.27151034896303,76299700,133.45092658996583,134.53025583338933,75.42921236503857,137.22096244062394,133.11935016762783,4.101612272996107,3.166788874825833,0.9348233981702738,133.45092658996583,143.52183173747108,123.38002144246057,2.221583441095985,939511800,271.965,0.0964516129032258,5.4,23921.991,16.17,0.08,1.38,1.33,20708.135483870967,100.0668,81.2
2021-07-13,142.71298217773438,144.496411688261,140.7433837745926,141.13533874616226,100827100,134.1936943054199,135.30956310427933,76.93966137797496,138.06588855402555,133.82998957578388,4.235898978241664,3.3806108955089993,0.855288082732665,134.1936943054199,144.6873329307289,123.70005568011092,2.317473578550854,1040338900,271.965,0.09612903225806452,5.4,23921.991,17.12,0.08,1.42,1.37,20714.93870967742,100.0668,81.2
2021-07-14,146.15243530273438,146.56400746388263,144.71197759508698,145.12354975623524,127050800,135.14958992004395,136.3422175993703,80.84416439431465,139.3099726692115,134.74276333333577,4.567209335875731,3.617930583582346,0.949278752293385,135.14958992004395,146.3215663081236,123.9776135319643,2.5162536320160718,1167389700,271.965,0.09580645161290323,5.4,23921.991,16.33,0.07,1.37,1.31,20721.74193548387,100.0668,81.2
2021-07-15,145.49588012695312,146.98533571546386,144.13381661407468,146.24061539726927,106820300,136.04767036437988,137.2139949829496,78.12487193389072,140.2616507396333,135.53929050323336,4.722360236399936,3.838816514145864,0.8835437222540721,136.04767036437988,147.51054046605682,124.58480026270294,2.600245040112465,1060569400,271.965,0.09548387096774194,5.4,23921.991,17.01,0.08,1.31,1.26,20728.545161290323,100.0668,81.2
2021-07-16,143.44789123535156,146.7501570666892,142.94814646554318,145.47629609045745,93251400,136.76299781799315,137.80769938794026,70.19355128671918,140.75184158512843,136.12511277968656,4.626728805441871,3.9963989724050655,0.6303298330368059,136.76299781799315,148.1981977483565,125.32779788762981,2.796224641452316,967318000,271.965,0.09516129032258065,5.4,23921.991,18.45,0.08,1.31,1.26,20735.348387096776,100.0668,81.2
2021-07-19,139.5870361328125,141.17448753141895,138.82271377323517,140.8609117161473,121434600,137.35044631958007,137.97716003030905,58.198352039075786,140.5726407463106,136.38155154658477,4.1910891997258375,4.03533701786922,0.15575218185661743,137.35044631958007,148.07646942834197,126.62442321081818,2.9768087916530948,845883400,271.965,0.09419354838709677,5.4,23921.991,22.5,0.08,1.19,1.14,20755.75806451613,100.0668,81.2
2021-07-20,143.21273803710938,144.14365733248744,140.0868617606487,140.57681298890034,96350000,138.02903060913087,138.47578650714718,64.3581173078451,140.97880956027964,136.8875653606977,4.091244199581951,4.046518454211767,0.04472574537018392,138.02903060913087,148.4305692750117,127.62749194325005,3.152496739358749,942233400,271.965,0.09387096774193548,5.4,23921.991,19.73,0.09,1.23,1.18,20762.56129032258,100.0668,81.2
2021-07-21,142.477783203125,143.19312262136464,141.72326922538142,142.60517528212256,74993500,138.58855514526368,138.85692904962124,62.35236666065505,141.20942088994815,137.30165557124786,3.907765318700285,4.018767827109471,-0.11100250840918591,138.58855514526368,148.67854073103618,128.4985695594912,3.1510975157621703,867239900,271.965,0.0935483870967742,5.4,23921.991,17.91,0.09,1.3,1.25,20769.364516129033,100.0668,81.2
2021-07-22,143.8496551513672,145.22151233826582,142.87954652855333,143.00693860738033,77338200,139.23039321899415,139.33242677359704,64.57188753137078,141.6156107763203,137.78669257718263,3.828918199137661,3.980797901515109,-0.1518797023774483,139.23039321899415,148.93697294551467,129.52381349247364,3.237188618696627,944578100,271.965,0.09322580645161291,5.4,23921.991,17.69,0.08,1.27,1.22,20776.167741935486,100.0668,81.2
2021-07-23,145.5742645263672,145.73105246266147,143.96722555965206,144.5845687137355,71447400,139.97266845703126,139.9268875119561,67.19056580002339,142.22463443017367,138.3635497586037,3.861084671569955,3.9568552555260785,-0.09577058395612337,139.97266845703126,149.22508361357814,130.7202533004844,3.1804923319388245,1016025500,271.965,0.0929032258064516,5.4,23921.991,17.2,0.08,1.3,1.25,20782.970967741934,100.0668,81.2
2021-07-26,145.99563598632812,146.8187502561115,144.731553759334,145.29010519733632,72434100,140.7507110595703,140.5048635571344,67.81649685909369,142.80478851573588,138.9288894791759,3.8758990365599857,3.9406640117328604,-0.06476497517287472,140.7507110595703,149.25052072840364,132.25090139073697,3.1063017522962264,1088459600,271.965,0.09193548387096774,5.4,23921.991,17.58,0.08,1.29,1.24,20803.38064516129,100.0668,81.2
2021-07-27,143.82025146484375,146.2112152481958,142.62476957316773,146.12301268573492,104818600,141.33816223144532,140.82061478644005,61.31314901936537,142.9610135848294,139.29121258922538,3.669800995604021,3.8864914085070925,-0.21669041290307156,141.33816223144532,148.9331671299047,133.74315733298596,3.1615960851836156,983641000,271.965,0.09161290322580645,5.4,23921.991,19.36,0.08,1.25,1.2,20810.183870967743,100.0668,81.2
2021-07-28,142.06622314453125,144.0162339928002,139.67525927689903,141.89964155731053,118931200,141.76197052001953,140.9392441538773,56.60007872628371,142.82335351709122,139.49676892665545,3.326584590435772,3.774510044892829,-0.447925454457057,141.76197052001953,148.4750200733186,135.04892096672046,3.1986914439150524,864709800,271.965,0.09129032258064516,5.4,23921.991,18.31,0.08,1.26,1.21,20816.987096774195,100.0668,81.2
2021-07-29,142.71298217773438,143.60469693299768,141.67428804616338,141.78207790616358,56699500,142.18724822998047,141.10817158472082,57.8855776827991,142.80637331103634,139.7350069452539,3.0713663657824384,3.633881309070751,-0.5625149432883125,142.18724822998047,147.9412252732987,136.43327118666224,3.1265987805130373,921409300,271.965,0.09096774193548388,5.4,23921.991,17.7,0.07,1.28,1.22,20823.790322580644,100.0668,81.2
2021-07-30,142.9285430908203,143.38909834548167,141.21371414962817,141.4782919442919,70440600,142.60811614990234,141.28154029958745,58.32860753851352,142.82516866177232,139.97156517825883,2.8536034835134956,3.4778257439593,-0.6242222604458045,142.60811614990234,147.1606150151904,138.0556172846143,3.1195990566214897,991849900,271.965,0.09064516129032257,5.4,23921.991,18.24,0.06,1.24,1.18,20830.593548387096,100.0668,81.2
2021-08-02,142.59536743164062,143.99662035248164,142.33078966013647,143.418481662853,62880000,142.8805274963379,141.40666669311634,57.3248404873427,142.78981462636744,140.16592090073158,2.6238937256358668,3.3070393402946134,-0.6831456146587467,142.8805274963379,146.68368350870168,139.0773714839741,2.970513540812687,928969900,272.752,0.08967741935483871,5.1,23921.991,19.46,0.07,1.2,1.15,20848.377419354838,100.0412,70.3
2021-08-03,144.3983612060547,145.06468739775013,142.2621670430232,142.87951009577253,64786600,143.14215927124025,141.69158998006284,61.214620310331455,143.0372833309347,140.47943499742217,2.5578483335125384,3.1572011389381984,-0.59935280542566,143.14215927124025,146.59049282247605,139.69382572000444,2.8956203314254503,993756500,272.752,0.08935483870967742,5.1,23921.991,18.04,0.07,1.19,1.14,20852.55483870968,100.0412,70.3
2021-08-04,143.99661254882812,144.8197267354332,143.34007992721791,144.31018840207938,56368300,143.25876541137694,141.91111593899288,59.90437298146992,143.18487244137984,140.73996666789668,2.444905773483157,3.0147420658471904,-0.5698362923640334,143.25876541137694,146.65669609762037,139.86083472513351,2.7976294533415995,937388200,272.752,0.08903225806451613,5.1,23921.991,17.97,0.07,1.19,1.14,20856.732258064516,100.0412,70.3
2021-08-05,144.10440063476562,144.86872307766274,143.23228836263334,144.0260066724019,46397700,143.44592514038087,142.12000019573316,60.150817153583596,143.32633831728535,140.98918399877587,2.3371543185094765,2.879224516379648,-0.5420701978701716,143.44592514038087,146.58752785762096,140.30432242314077,2.642945461476125,983785900,272.752,0.08870967741935483,5.1,23921.991,17.28,0.08,1.23,1.18,20860.909677419357,100.0412,70.3
2021-08-06,143.41746520996094,144.36939566640558,142.91697171230874,143.62355957636092,54126800,143.50711898803712,142.24356829232627,57.71610085319776,143.34035783923542,141.16905668108586,2.1713011581495607,2.7376398447336308,-0.56633868658407,143.50711898803712,146.59599926162443,140.4182387144498,2.4163202109033,929659100,272.752,0.08838709677419354,5.1,23921.991,16.15,0.07,1.31,1.25,20865.087096774194,100.0412,70.3
2021-08-09,143.36839294433594,143.9670294656135,142.80901962336827,143.47634428340314,48908700,143.59574508666992,142.35069444966055,57.536933687031066,143.3446709323278,141.33197047836364,2.0127004539641575,2.5926519665797363,-0.5799515126155788,143.59574508666992,146.5593641900898,140.63212598325003,2.1735622568011785,880750400,272.752,0.08741935483870968,5.1,23921.991,16.72,0.07,1.33,1.27,20877.61935483871,100.0412,70.3
2021-08-10,142.88754272460938,144.9582349617114,142.59312859632232,143.71189030419347,69023100,143.60447311401367,142.40182285679853,55.71191253875384,143.27434351575573,141.44719805215962,1.8271454635961106,2.4395506659830115,-0.6124052023869009,143.60447311401367,146.55865481505327,140.65029141297407,2.2361077963484024,811727300,272.752,0.08709677419354839,5.1,23921.991,16.79,0.07,1.36,1.31,20881.79677419355,100.0412,70.3
2021-08-11,143.1427001953125,143.9866794152509,142.81884613683928,143.32916298423876,48493500,143.45398635864257,142.47238260332367,56.500390750519784,143.25409069722602,141.57279080350426,1.6812998937217571,2.2879005115307605,-0.6066006178090033,143.45398635864257,146.17075448478954,140.7372182324956,2.1235438065820307,860220800,272.752,0.0867741935483871,5.1,23921.991,16.06,0.07,1.35,1.3,20885.974193548387,100.0412,70.3
2021-08-12,146.11622619628906,146.27324904121383,143.12304372844764,143.46652932990523,72282600,143.48500366210936,142.81941532646323,64.44468671915706,143.6944192355434,141.90934157334016,1.7850776622032356,2.1873359416652556,-0.40225827946202,143.48500366210936,146.30646054060458,140.66354678361415,2.21417294954431,932503400,272.752,0.08645161290322581,5.1,23921.991,15.59,0.06,1.36,1.3,20890.151612903228,100.0412,70.3
2021-08-13,146.3223419189453,146.6560042822418,145.5078026382922,146.19475896699817,59375000,143.62872619628905,143.1530273828901,64.92289584157497,144.09871503298984,142.23623048782943,1.862484545160413,2.1223656623642873,-0.2598811172038742,143.62872619628905,146.70895613254066,140.54849626003744,2.1471018886280313,991878400,272.752,0.08612903225806451,5.1,23921.991,15.45,0.06,1.29,1.23,20894.329032258065,100.0412,70.3
2021-08-16,148.3046875,148.37339061458732,143.7413212084629,145.77275011469712,103296000,144.06460876464843,143.6436616797577,69.21183669781686,144.74578772022218,142.6857458220643,2.060041898157891,2.109900909523008,-0.049859011365116945,144.06460876464843,147.20048394001824,140.9287335892786,2.2217892979920566,1095174400,272.752,0.08516129032258064,5.1,23921.991,16.12,0.06,1.26,1.2,20906.86129032258,100.0412,70.3
2021-08-17,147.39205932617188,148.85429200112037,146.31254562863546,147.43130756311518,92229700,144.27357482910156,144.00065193179717,65.25593466632354,145.15290642882982,143.03436163718337,2.118544791646457,2.111629685947698,0.006915105698758861,144.27357482910156,147.6982346007748,140.84891505742831,2.093272987748037,1002944700,272.752,0.08483870967741935,5.1,23921.991,17.91,0.06,1.26,1.19,20911.03870967742,100.0412,70.3
2021-08-18,143.6333770751953,147.91215275914686,143.4272826956147,147.00929375834372,86326000,144.33135452270508,143.96567337402558,52.058652542207085,144.9191326821168,143.07873315111016,1.8403995310066534,2.057383654959489,-0.21698412395283562,144.33135452270508,147.67080622916546,140.9919028162447,2.2757345003693126,916618700,272.752,0.08451612903225807,5.1,23921.991,21.57,0.06,1.27,1.2,20915.21612903226,100.0412,70.3
2021-08-19,143.967041015625,145.24282558662867,141.80802903559353,142.3281541725026,86960300,144.33722381591798,143.9658036256065,52.967972107584345,144.77265704111807,143.1445337336668,1.6281233074512613,1.9715315854578437,-0.34340827800658236,144.33722381591798,147.67367970724766,141.0007679245883,2.3656925257394295,1003579000,272.752,0.08419354838709678,5.1,23921.991,21.67,0.07,1.24,1.18,20919.3935483871,100.0412,70.3
2021-08-20,145.42929077148438,145.7335132179683,144.04555482987226,144.6932629269492,60549600,144.32997512817383,144.10518335378535,56.83220368192746,144.87367761502057,143.31377499572736,1.5599026192932115,1.8892057922249175,-0.32930317293170597,144.32997512817383,147.65626372721613,141.00368652913153,2.37288120502501,1064128600,272.752,0.08387096774193549,5.1,23921.991,18.56,0.08,1.26,1.21,20923.570967741936,100.0412,70.3
2021-08-23,146.92095947265625,147.39201304068925,145.13485827480818,145.54703201865243,60131800,144.37624130249023,144.37335250796352,60.406034152284654,145.18864405465683,143.58097384587023,1.607670208786601,1.8328986755372543,-0.22522846675065322,144.37624130249023,147.81766373578265,140.9348188691978,2.3339265201074477,1124260400,272.752,0.08290322580645161,5.1,23921.991,17.15,0.08,1.25,1.2,20936.10322580645,100.0412,70.3
2021-08-24,146.83265686035156,148.04956173285944,146.37141150401135,146.6658256638388,48606400,144.52686157226563,144.60757197009573,60.08889188880415,145.44156910168678,143.82183925435035,1.6197298473364299,1.7902649098970895,-0.17053506256065964,144.52686157226563,148.11818626384763,140.93553688068363,2.348105335866935,1075654000,272.752,0.08258064516129032,5.1,23921.991,17.22,0.07,1.29,1.24,20940.280645161292,100.0412,70.3
2021-08-25,145.5961151123047,147.51960771111226,145.04655007679514,147.01909921664708,58991300,144.7033561706543,144.7017189360204,55.680343437646016,145.4653454110126,143.9532670956803,1.5120783153323032,1.7346275909841324,-0.22254927565182925,144.7033561706543,148.1371185385961,141.2695938027125,2.4078641158160576,1016662700,272.752,0.08225806451612903,5.1,23921.991,16.79,0.06,1.35,1.29,20944.45806451613,100.0412,70.3
2021-08-26,144.79141235351562,146.3419797050803,144.76197243335207,145.58633512151286,48597200,144.80727767944336,144.71026116625802,52.957394944474714,145.36166340216693,144.01535192959403,1.3463114725728929,1.6569643673018846,-0.3106528947289917,144.80727767944336,148.1173771237904,141.49717823509633,2.416977209932585,968065500,272.752,0.08193548387096775,5.1,23921.991,18.84,0.07,1.34,1.29,20948.635483870967,100.0412,70.3
2021-08-27,145.83164978027344,145.97884935283636,144.0946199514099,144.73250473188153,55802400,144.95243301391602,144.81706008187854,55.955913859327225,145.4339689987987,144.14989251112584,1.2840764876728485,1.5823867913760774,-0.29831030370322886,144.95243301391602,148.17367764235652,141.73118838547552,2.4688500355883867,1023867900,272.752,0.08161290322580646,5.1,23921.991,16.39,0.07,1.31,1.26,20952.812903225808,100.0412,70.3
2021-08-30,150.26744079589844,150.63055805059383,145.84146538996188,146.22419927229765,90956700,145.3360366821289,145.33614395940424,65.92889385470494,146.17758004450636,144.60304423592382,1.5745358085825387,1.5808165948173698,-0.006280786234831082,145.3360366821289,149.12107562140915,141.55099774284866,2.6426930287977655,1114824600,272.752,0.08064516129032258,5.1,23921.991,16.19,0.0775,1.29,1.24,20965.345161290323,100.0412,70.3
2021-08-31,149.00144958496094,149.95337994286723,148.47150125451728,149.81598870433032,86453100,145.56619110107422,145.68522068564772,61.63908607592654,146.6120215122686,144.9288520395562,1.6831694727123931,1.6012871703963747,0.08188230231601845,145.56619110107422,149.64367057197168,141.48871163017677,2.6875577618670183,1028371500,272.752,0.08032258064516129,5.1,23921.991,16.48,0.08,1.3,1.26,20969.522580645164,100.0412,70.3
2021-09-01,149.6688232421875,152.09280979667415,149.50199203888408,149.9828690186599,80313700,145.84980163574218,146.06461140531817,63.00562130992906,147.08229870148688,145.2799610175289,1.8023376839579726,1.6414972731086945,0.16084041084927803,145.84980163574218,150.22903693711797,141.4705663343664,2.6833545403632337,1108685200,273.942,0.08,4.7,23921.991,16.11,0.07,1.31,1.26,20973.7,98.9955,72.8
2021-09-02,150.78758239746094,151.83765609727,149.56086918246524,151.00348512126232,71115500,146.18396072387696,146.51441816647463,65.24100135935191,147.65234234702135,145.68793297159795,1.9644093754234007,1.7060796935716358,0.25832968185176486,146.18396072387696,150.97959451717279,141.38832693058114,2.763967773995745,1179800700,273.942,0.08,4.7,23921.991,16.41,0.07,1.29,1.24,20979.693333333333,98.9955,72.8
2021-09-03,151.4254913330078,151.74934543812722,150.23802628090334,150.89554280662063,57808700,146.5843620300293,146.98213942043017,66.48456291324914,148.2328268064039,146.11293729466536,2.119889511738535,1.7888416572050159,0.3310478545335189,146.5843620300293,151.71474679095255,141.45397726910605,2.54105704193142,1237609400,273.942,0.08,4.7,23921.991,16.41,0.07,1.33,1.28,20985.68666666667,98.9955,72.8
2021-09-07,153.77093505859375,154.33030841689003,151.5137800748948,152.08297672118582,82278300,147.1044891357422,147.62869138596955,70.6432732843086,149.08484346058694,146.6801963882897,2.4046470722972515,1.912002740223463,0.49264433207378855,147.1044891357422,152.89237250686102,141.31660576462338,2.566990664174085,1319887700,273.942,0.08,4.7,23921.991,18.14,0.07,1.38,1.33,21009.66,98.9955,72.8
2021-09-08,152.22036743164062,154.11440516674327,151.11141405800635,154.05552533708556,74420200,147.57113037109374,148.06599386650964,64.90911284993597,149.567231763826,147.09057942853792,2.4766523352880654,2.0249326592363834,0.45171967605168195,147.57113037109374,153.4283048168796,141.71395592530789,2.461142167402997,1245467500,273.942,0.08,4.7,23921.991,17.96,0.07,1.35,1.3,21015.653333333335,98.9955,72.8
2021-09-09,151.19972229003906,153.20171102031637,151.08194767683096,152.5932662544077,57305700,147.97398147583007,148.36444419256006,61.37747019811743,149.81838415247415,147.39496038124173,2.4234237712324216,2.1046308816355914,0.31879288959683016,147.97398147583007,153.6633112726084,142.28465167905173,2.3672112240065877,1188161800,273.942,0.08,4.7,23921.991,18.8,0.07,1.3,1.26,21021.646666666667,98.9955,72.8
2021-09-10,146.19476318359375,152.58347968661215,145.92978895826295,152.11242604398817,140893200,147.9779083251953,148.15780790599183,47.67810337387125,149.26090400341565,147.30605688511966,1.9548471182959872,2.0746741289676707,-0.11982701067168344,147.9779083251953,153.66220990643455,142.29360674395605,2.716298261578438,1047268600,273.942,0.08,4.7,23921.991,20.95,0.07,1.35,1.3,21027.64,98.9955,72.8
2021-09-13,146.76394653320312,148.5991043920851,145.97884721713058,147.82382836372247,102404300,147.9999885559082,148.02505920382146,49.07029497269889,148.87675670030603,147.2659005627555,1.6108561375505417,1.9819105306842448,-0.37105439313370314,147.9999885559082,153.6617811114076,142.3381960004088,2.7422341479408283,1149672900,273.942,0.08,4.7,23921.991,19.37,0.06,1.33,1.27,21045.62,98.9955,72.8
2021-09-14,145.36061096191406,148.25566626096335,144.17316090137567,147.5490782189375,109296300,147.8527847290039,147.7713022284017,45.83226488814539,148.3358112020919,147.1247679997302,1.2110432023616795,1.8277370650197318,-0.6166938626580523,147.8527847290039,153.62720362637506,142.07836583163274,2.9139738001365134,1040376600,273.942,0.08,4.7,23921.991,19.46,0.08,1.28,1.24,21051.613333333335,98.9955,72.8
2021-09-15,146.25363159179688,146.65599705539884,143.64318269682568,145.79238629928224,83281300,147.79586334228514,147.62676216777268,48.175841272501934,148.01547587743113,147.06023937692032,0.9552365005108072,1.653236952117947,-0.6980004516071399,147.79586334228514,153.60963647142754,141.98209021314275,2.9525278518690885,1123657900,273.942,0.08,4.7,23921.991,18.18,0.08,1.31,1.27,21057.606666666667,98.9955,72.8
2021-09-16,146.0181121826172,146.19476666188248,144.47736826246071,145.67464148744824,68034100,147.91510009765625,147.4735574072817,47.591033059742955,147.70818915515207,146.98304476993488,0.7251443852171917,1.467618438737796,-0.7424740535206042,147.91510009765625,153.47476823831087,142.35543195700163,2.966546141698227,1055623800,273.942,0.08,4.7,23921.991,18.69,0.08,1.34,1.3,21063.6,98.9955,72.8
2021-09-17,143.33897399902344,146.04756618473306,143.04455985172558,146.04756618473306,129868800,147.88369674682616,147.07978755887615,41.43001674534933,147.03600220805535,146.71311360171921,0.3228886063361358,1.238672472257464,-0.9157838659213282,147.88369674682616,153.53849268156267,142.22890081208965,3.046458779668299,925755000,273.942,0.08,4.7,23921.991,20.81,0.08,1.37,1.33,21069.593333333334,98.9955,72.8
2021-09-20,140.277099609375,142.14169754222866,138.63821269534515,141.12107882598275,123478900,147.6260871887207,146.43191251606652,35.736097645408265,145.99617103902762,146.23637182450852,-0.2402007854809085,0.9428978207097896,-1.183098606190698,147.6260871887207,154.11288212842254,141.13929224901887,3.039448282051006,802276100,273.942,0.08,4.7,23921.991,25.71,0.09,1.31,1.27,21087.573333333334,98.9955,72.8
2021-09-21,140.75796508789062,141.9061817623882,140.1200802460814,141.24865034298253,75834000,147.31793746948242,145.89153657052594,37.19593624449877,145.19029320039115,145.83056391809237,-0.6402707177012132,0.626264113027589,-1.2665348307288022,147.31793746948242,154.46170837923765,140.17416655972718,3.038745565974267,878110100,273.942,0.08,4.7,23921.991,24.36,0.1,1.33,1.3,21093.566666666666,98.9955,72.8
2021-09-22,143.1328582763672,143.7020398490534,141.02290323463595,141.7589309289446,76404300,147.1329475402832,145.6288053044156,43.96602476833632,144.8737647505413,145.63073387055718,-0.7569691200158672,0.3496174664188978,-1.106586586434765,147.1329475402832,154.50535934593097,139.76053573463543,3.0282251766492356,954514400,273.942,0.08,4.7,23921.991,20.87,0.1,1.32,1.29,21099.56,98.9955,72.8
2021-09-23,144.09461975097656,144.33996235458966,142.92678656185444,143.9179652896226,64838200,147.0578727722168,145.48269239456428,46.4820447823841,144.75389628906981,145.51694763947714,-0.7630513504073235,0.12708370305365352,-0.8901350534609771,147.0578727722168,154.52137244178007,139.59437310265352,2.9665386679299814,1019352600,273.942,0.08,4.7,23921.991,18.63,0.1,1.41,1.38,21105.553333333333,98.9955,72.8
2021-09-24,144.1829376220703,144.7226943379148,142.8482732767658,142.94641630674622,53477900,147.02744903564454,145.35890622575533,46.71863885890926,144.66605649414683,145.41813208263218,-0.7520755884853543,-0.04874815525414804,-0.7033274332312063,147.02744903564454,154.53250111808774,139.52239695320134,2.992474518210346,1072830500,273.942,0.08,4.7,23921.991,17.75,0.1,1.47,1.44,21111.546666666665,98.9955,72.8
2021-09-27,142.6617889404297,143.24080877055397,141.1406770273248,142.75993195557527,74150700,146.86895599365235,145.10203791286716,43.178052721405464,144.3577076397288,145.21395851654313,-0.8562508768143289,-0.21024869956618422,-0.6460021772481447,146.86895599365235,154.5988419581609,139.1390700291438,3.002291911843437,998679800,273.942,0.08,4.7,23921.991,18.76,0.09,1.48,1.44,21129.52666666667,98.9955,72.8
2021-09-28,139.26626586914062,142.05335398733837,139.0503632005245,140.58129850560428,108972300,146.31889724731445,144.54625009917893,36.52404168452312,143.57440890579215,144.7733886908096,-1.1989797850174568,-0.4079949166564388,-0.7909848683610181,146.31889724731445,154.5524334355064,138.0853610591225,3.045751528355457,889707500,273.942,0.08,4.7,23921.991,23.25,0.09,1.54,1.5,21135.52,98.9955,72.8
2021-09-29,140.1691436767578,141.7589590196526,139.38404431901697,139.81584971450067,74602000,145.8772819519043,144.1293828208531,39.20680529581064,143.05052194747918,144.43233350458354,-1.3818115571043563,-0.6027582447460222,-0.7790533123583341,145.8772819519043,154.42922315098767,137.32534075282095,3.072389371714497,964309500,273.942,0.08,4.7,23921.991,22.56,0.09,1.55,1.51,21141.513333333332,98.9955,72.8
2021-09-30,138.86390686035156,141.6902583077313,138.64800418175875,140.98367044588636,89056700,145.3370361328125,143.62790891985296,36.786309244719966,142.4064273186903,144.01985745686264,-1.6134301381723333,-0.8048926234312845,-0.8085375147410487,145.3370361328125,154.22132367071748,136.45274859490752,2.81442961440188,875252800,273.942,0.08,4.7,23921.991,23.14,0.09,1.52,1.48,21147.506666666668,98.9955,72.8
2021-10-01,139.99246215820312,140.2574363223273,136.5184180127203,139.25643446026405,94639600,144.79728012084962,143.28167589493393,40.22266174619473,142.03504806323073,143.72153187918417,-1.6864838159534372,-0.9812108619357152,-0.705272954017722,144.79728012084962,153.60275694631312,135.99180329538612,2.894341124019913,969892400,276.528,0.08,4.5,24777.038,21.15,0.09,1.48,1.44,21153.5,100.3542,71.7
2021-10-04,136.5478973388672,139.56071210655347,135.69410975464882,139.1190833806911,98322000,144.05340042114258,142.64036365149897,34.125094199384534,141.19087102871327,143.1901515428644,-1.9992805141511383,-1.1848247923787998,-0.8144557217723385,144.05340042114258,153.00587608854147,135.1009247537437,2.9097587700175285,871570400,276.528,0.08,4.5,24777.038,22.96,0.09,1.49,1.45,21170.31935483871,100.3542,71.7
2021-10-05,138.4811553955078,139.59010856039754,136.76375747265385,136.89134039591275,80861100,143.28891143798828,142.2442485794998,39.65441124232551,140.77399170052783,142.8413370134306,-2.0673453129027735,-1.3613288964835946,-0.7060164164191789,143.28891143798828,151.35940919172342,135.21841368425314,2.9118585459430415,952431500,276.528,0.08,4.5,24777.038,21.3,0.08,1.54,1.5,21175.925806451614,100.3542,71.7
2021-10-06,139.35459899902344,139.50179857153668,135.79221959896122,136.87173304580557,83221100,142.64562301635743,141.9690438575497,42.02219992782133,140.55562359260406,142.58306012347452,-2.0274365308704603,-1.4945504233609677,-0.5328861075094926,142.64562301635743,149.76034266365187,135.530903369063,3.0499525204601343,1035652600,276.528,0.08,4.5,24777.038,21.0,0.08,1.53,1.49,21181.532258064515,100.3542,71.7
2021-10-07,140.62057495117188,141.53325731976742,140.06120154260262,140.3948639248738,61732700,142.11666564941407,141.8406182474185,45.368143713211865,140.5656161093068,142.4376908514521,-1.872074742145287,-1.5700552871178317,-0.3020194550274553,142.11666564941407,148.09041599001978,136.14291530880837,2.99107051958417,1097385300,276.528,0.08,4.5,24777.038,19.54,0.07,1.58,1.53,21187.13870967742,100.3542,71.7
2021-10-08,140.23782348632812,141.49397639424066,139.90416114584096,141.34677682476803,58773200,141.81881866455078,141.68797112731465,44.531386974707765,140.5151864750024,142.27473771329477,-1.7595512382923744,-1.6079544773527403,-0.15159676093963403,141.81881866455078,147.53814340628563,136.09949392281592,2.768860087064271,1038612100,276.528,0.08,4.5,24777.038,18.77,0.07,1.61,1.56,21192.745161290324,100.3542,71.7
2021-10-11,140.14950561523438,142.1122464318601,139.16813520692153,139.61957218353604,64452200,141.48809661865235,141.54145060235462,44.3282238180212,140.45892788119193,142.11731311343846,-1.6583852322465304,-1.6180406283314985,-0.04034460391503192,141.48809661865235,146.77389178103877,136.20230145626593,2.851575066252252,974159900,276.528,0.08,4.5,24777.038,20.0,0.07,1.5950000000000002,1.5375,21209.56451612903,100.3542,71.7
2021-10-12,138.87371826171875,140.58130812824112,138.41247298124185,140.5616765276079,73035900,141.16375198364258,141.2873808556274,41.390608489408145,140.21504947819605,141.87704682812588,-1.661997349929834,-1.6268319726511655,-0.03516537727866842,141.16375198364258,146.2516350503568,136.07586891692836,2.7962008080977165,901124000,276.528,0.08,4.5,24777.038,19.85,0.07,1.59,1.53,21215.170967741935,100.3542,71.7
2021-10-13,138.28488159179688,138.76574341693856,136.6067319231947,138.60873556203663,78762700,140.76531448364258,141.0014285447864,40.07070311494111,139.9181005725962,141.61096051432375,-1.692859941727562,-1.640037566466445,-0.052822375261116994,140.76531448364258,145.42661777740514,136.10401118988003,2.857187275654062,822361300,276.528,0.08,4.5,24777.038,18.64,0.07,1.56,1.51,21220.77741935484,100.3542,71.7
2021-10-14,141.08181762695312,141.1995922695785,138.8737340029269,139.4625622924774,69907100,140.51849975585938,141.0090846478499,48.47549865994558,140.0971339655742,141.5717647448889,-1.4746307793147082,-1.6069562090360978,0.1323254297213896,140.51849975585938,144.51671641728657,136.5202830944322,2.931493676842107,892268400,276.528,0.08,4.5,24777.038,16.86,0.07,1.52,1.47,21226.38387096774,100.3542,71.7
2021-10-15,142.1416778564453,142.2005576815035,140.83645349440351,141.09161936901995,67940300,140.45863494873046,141.11695066771614,51.26471515255606,140.41167917955437,141.6139805309301,-1.2023013513757235,-1.5260252375040229,0.3237238861282994,140.45863494873046,144.31963582015717,136.59763407730375,2.8116253620102856,960208700,276.528,0.08,4.5,24777.038,16.3,0.07,1.59,1.54,21231.990322580645,100.3542,71.7
2021-10-18,143.81982421875,144.10441502439815,140.49297941378114,140.7775702194293,85589200,140.63577117919922,141.37436719638603,55.38315916749423,140.93600918558448,141.7773763596575,-0.8413671740730138,-1.389093624817821,0.5477264507448072,140.63577117919922,144.76308827368936,136.5084540847091,2.811626067061129,1045797900,276.528,0.08,4.5,24777.038,16.31,0.07,1.59,1.53,21248.809677419355,100.3542,71.7
2021-10-19,145.98867797851562,146.39104349887026,143.81985744353068,144.27127951188243,76378900,140.89730682373047,141.81382536611267,60.07864029973099,141.71334284603543,142.08932462772106,-0.37598178168562413,-1.1864712561913815,0.8104894745057574,140.89730682373047,145.6395508911734,136.15506275628755,2.817235076318864,1122176800,276.528,0.08,4.5,24777.038,15.7,0.08,1.65,1.6,21254.41612903226,100.3542,71.7
2021-10-20,146.47933959960938,146.96021648343887,145.36057794956784,145.92977457496073,58418800,141.06463088989258,142.2581600550171,61.0766348443798,142.44657311581602,142.414510921935,0.03206219388101772,-0.9427645661769016,0.9748267600579194,141.06463088989258,146.31907370958803,135.81018807019714,2.7141911054544687,1180595600,276.528,0.08,4.5,24777.038,15.49,0.08,1.65,1.6,21260.02258064516,100.3542,71.7
2021-10-21,146.6952362060547,146.852259056455,145.1152293383939,146.0377198663419,61421000,141.19466171264648,142.6807387360683,61.532322453421784,143.10021359123735,142.73160168372164,0.3686119075157137,-0.6804892714383787,1.0491011789540923,141.19466171264648,146.8555904378297,135.53373298746325,2.5711919203440488,1242016600,276.528,0.08,4.5,24777.038,15.01,0.06,1.68,1.62,21265.629032258064,100.3542,71.7
2021-10-22,145.91998291015625,147.38221538017035,145.87091138995885,146.90135341600217,58883400,141.2815139770508,142.98923818121955,58.867226191889976,143.5340242556864,142.96777807086494,0.5662461848214662,-0.4311421801864097,0.9973883650078759,141.2815139770508,147.17182078315471,135.39120717094687,2.3721170336767057,1183133200,276.528,0.08,4.5,24777.038,15.43,0.06,1.66,1.6,21271.23548387097,100.3542,71.7
2021-10-25,145.8708953857422,146.5872915835432,144.86989338673706,145.91014361287867,50720600,141.4419692993164,143.26368172450742,58.693879880767284,143.8935428910796,143.18282379789287,0.7107190931867251,-0.20276992551178277,0.9134890186985078,141.4419692993164,147.6406936177744,135.24324498085844,2.27748753191069,1132412600,276.528,0.08,4.5,24777.038,15.24,0.07,1.64,1.58,21288.054838709675,100.3542,71.7
2021-10-26,146.53822326660156,148.02989537029094,146.2339858890175,146.54803157896646,60893400,141.80556716918946,143.5755428237545,60.40105273025225,144.30041679500604,143.4313719066861,0.8690448883199338,0.01159303725456054,0.8574518510653732,141.80556716918946,148.29733066988283,135.3138036684961,2.1667318899087826,1193306000,276.528,0.08,4.5,24777.038,15.98,0.08,1.63,1.57,21293.66129032258,100.3542,71.7
2021-10-27,146.07699584960938,146.9405916533393,145.72370189255298,146.57748938272076,56094900,142.10095977783203,143.81377644526447,58.598410841724935,144.5737366495604,143.62734405060635,0.9463925989540485,0.19855294959445813,0.7478396493595904,142.10095977783203,148.80225893553552,135.39966062012854,2.0980341356260936,1137211100,276.528,0.08,4.5,24777.038,16.98,0.07,1.54,1.48,21299.267741935484,100.3542,71.7
2021-10-28,149.72769165039062,150.3165049156438,146.9307799732344,147.02892300470535,100077900,142.64414901733397,144.37700646480027,66.99479960713533,145.3666528035343,144.0792216505904,1.2874311529438955,0.41632859026434565,0.8711025626795499,142.64414901733397,149.94242947881662,135.34586855585133,2.28729797974286,1237289000,276.528,0.08,4.5,24777.038,16.53,0.07,1.57,1.51,21304.874193548385,100.3542,71.7
2021-10-29,147.00929260253906,147.14668386300448,143.68244746206824,144.47735511008415,124953200,142.99499053955077,144.62770038268016,57.623544829894854,145.6193666187658,144.29626394332735,1.323102675438463,0.5976834072991692,0.7254192681392937,142.99499053955077,150.42312258359297,135.56685849550857,2.5088074771274194,1112335800,276.528,0.08,4.5,24777.038,16.26,0.08,1.55,1.5,21310.48064516129,100.3542,71.7
2021-11-01,146.18495178222656,146.9111563462423,145.0465584432789,146.214391698361,74588300,143.47684326171876,144.7760100397798,55.106240536942195,145.7063797208367,144.43616674620878,1.270212974627924,0.7321893207649203,0.5380236538630038,143.47684326171876,150.40292338532237,136.55076313811514,2.4940859780031963,1037747500,278.824,0.08,4.2,24777.038,16.41,0.09,1.58,1.53,21327.3,101.2684,67.4
2021-11-02,147.2252197265625,148.7463471320613,145.88073183903717,145.89055512860912,69122000,143.91404647827147,145.0092681051877,57.6221650340256,145.9400474140253,144.64276326327203,1.2972841507532564,0.8452082867625876,0.4520758639906688,143.91404647827147,150.6240900728718,137.20400288367114,2.536845189038916,1106869500,278.824,0.08,4.2,24777.038,16.03,0.1,1.56,1.51,21333.309999999998,101.2684,67.4
2021-11-03,148.66783142089844,149.1388850965005,147.02894438379172,147.58831781584547,54511500,144.37970809936525,145.35770270668397,60.895060695558485,146.35970649200578,144.94091646013325,1.4187900318725326,0.9599246357845767,0.45886539608795596,144.37970809936525,151.0519868744871,137.70742932424338,2.479361620105142,1161381000,278.824,0.08,4.2,24777.038,15.1,0.09,1.6,1.55,21339.32,101.2684,67.4
2021-11-04,148.14767456054688,149.59027519786,147.83362886091194,148.7561193854356,60394600,144.75606307983398,145.62341431181378,59.12204568070805,146.63477850255057,145.17845409720093,1.4563244053496476,1.059204589697591,0.39711981565205656,144.75606307983398,151.38675155185516,138.1253746078128,2.5074003450942888,1100986400,278.824,0.08,4.2,24777.038,15.44,0.1,1.53,1.49,21345.329999999998,101.2684,67.4
2021-11-05,148.67840576171875,149.58258253436696,147.47938515102905,149.27791606706361,65463900,145.1780921936035,145.9143658784714,60.3893114675073,146.94918269626876,145.4377097760541,1.5114729202146577,1.1496582558010044,0.3618146644136533,145.1780921936035,151.67791157105384,138.67827281615317,2.399669043145782,1166450300,278.824,0.08,4.2,24777.038,16.48,0.09,1.45,1.4,21351.34,101.2684,67.4
2021-11-08,147.8528289794922,148.96340074214248,147.5776454448072,148.80614872335738,55020900,145.5632583618164,146.09898141190192,57.40792719365132,147.08820520138005,145.6166074948273,1.4715977065527568,1.214046145951355,0.25755156060140183,145.5632583618164,151.729922517619,139.3965942060138,2.314993044375427,1111429400,278.824,0.08,4.2,24777.038,17.22,0.09,1.51,1.45,21369.37,101.2684,67.4
2021-11-09,148.21644592285156,148.82577868756664,147.47934403145373,147.61693578465963,56787900,146.03039474487304,146.30064469865903,58.38248005077058,147.26178069699105,145.8091881191254,1.4525925778656585,1.2617554323342157,0.19083714553144282,146.03039474487304,151.4721566567543,140.58863283299178,2.2969070531069895,1168217300,278.824,0.08,4.2,24777.038,17.78,0.11,1.46,1.42,21375.379999999997,101.2684,67.4
2021-11-10,145.3761749267578,147.54817551221967,145.30738653523977,147.4400666143663,65187100,146.38495941162108,146.21259995847794,48.95903281411848,146.97168750157056,145.7771130678389,1.1945744337316455,1.2483192326137018,-0.0537447988820563,146.38495941162108,150.53187564023764,142.23804318300452,2.3806234580748957,1103030200,278.824,0.08,4.2,24777.038,18.73,0.1,1.56,1.51,21381.39,101.2684,67.4
2021-11-11,145.3270263671875,146.86019613669237,145.14029146001317,146.39829267733833,41000000,146.59721984863282,146.12825961645026,48.812210711385625,146.71866271166547,145.7437733122351,0.9748893994303671,1.193633265977035,-0.2187438665466679,146.59721984863282,150.00542731625032,143.18901238101532,2.395523507108302,1062030200,278.824,0.08,4.2,24777.038,17.66,0.10500000000000001,1.57,1.52,21387.399999999998,101.2684,67.4
2021-11-12,147.41058349609375,147.81352120891913,144.9437391025949,145.8773986754407,63804000,146.86066513061525,146.25038570022582,54.976427001209686,146.82511206311597,145.86724073326167,0.9578713298542993,1.1464808787524878,-0.18860954889818848,146.86066513061525,149.5993154682269,144.1220147930036,2.4778366435024526,1125834200,278.824,0.08,4.2,24777.038,16.29,0.11,1.58,1.53,21393.41,101.2684,67.4
2021-11-15,147.42041015625,149.26808409571646,146.86020539939403,147.78404236912726,59222800,147.04069442749022,146.36181660079956,55.00394843833535,146.9166963851366,145.9822903201497,0.9344060649868879,1.1040659159993678,-0.16965985101247982,147.04069442749022,149.40371869508812,144.67767015989233,2.495613694343429,1185057000,278.824,0.08,4.2,24777.038,16.49,0.11,1.63,1.58,21411.44,101.2684,67.4
2021-11-16,148.4031982421875,148.8847769331927,146.77174226503004,147.3614298460006,59256200,147.16142044067382,146.55623389997936,57.783363520802,147.14538897852904,146.16161683289326,0.9837721456357826,1.0800071619266507,-0.09623501629086806,147.16142044067382,149.5437554749311,144.77908540641656,2.5596240448703105,1244313200,278.824,0.08,4.2,24777.038,16.37,0.11,1.63,1.58,21417.449999999997,101.2684,67.4
2021-11-17,150.85037231445312,152.3343988008495,148.39336588218137,148.40318850921466,88807000,147.379972076416,146.96519946326256,63.782480965181584,147.71538641482505,146.50893205374953,1.2064543610755152,1.1052966017564236,0.10115775931909154,147.379972076416,150.22832024266413,144.5316239101679,2.538304320058432,1333120200,278.824,0.08,4.2,24777.038,17.11,0.11,1.6,1.55,21423.46,101.2684,67.4
2021-11-18,155.1550750732422,155.94132032182262,150.4179733193019,151.06662677410932,137827700,147.8029640197754,147.74518761659397,71.46417712660482,148.85995390073538,147.14938709223046,1.7105668085049217,1.2263506431061233,0.4842161653987984,147.8029640197754,152.2068340473079,143.3990939922429,2.5010259496440272,1470947900,278.824,0.08,4.2,24777.038,17.59,0.11,1.59,1.54,21429.469999999998,101.2684,67.4
2021-11-19,157.78895568847656,158.25087409630834,153.8380851561955,154.9388192362829,117305600,148.39641265869142,148.70173695677326,74.96325702888905,150.23364648346478,147.93750328454496,2.2961431989198218,1.440309154268863,0.8558340446509587,148.39641265869142,154.49725099624055,142.29557432114228,2.676029862562077,1588253500,278.824,0.08,4.2,24777.038,17.91,0.11,1.54,1.49,21435.48,101.2684,67.4
2021-11-22,158.25088500976562,162.85039415850727,158.23122475801478,158.89952335376228,117467900,149.0154121398926,149.6111796284868,75.52996864252498,151.46706779520338,148.70145748641318,2.765610308790201,1.7053693851731309,1.0602409236170702,149.0154121398926,156.3525822043263,141.67824207545888,2.8328743752054044,1705721400,278.824,0.08,4.2,24777.038,19.17,0.12,1.63,1.58,21453.51,101.2684,67.4
2021-11-23,158.63418579101562,159.01747824025801,156.32459347097884,158.34916461294523,96041900,149.62021026611328,150.47051354872764,76.01511281550478,152.56970133302065,149.43721513860595,3.132486194414696,1.9907927470214442,1.1416934473932518,149.62021026611328,157.9657366023018,141.27468392992475,2.8745132363890042,1801763300,278.824,0.08,4.2,24777.038,19.38,0.12,1.67,1.61,21459.52,101.2684,67.4
2021-11-24,159.1550750732422,159.35163261820963,156.89462581516804,157.9855374355737,69463600,150.27411422729492,151.29761464630045,76.69141774415903,153.5828357545932,150.15705661524566,3.425779139347526,2.2777900254866608,1.147989113860865,150.27411422729492,159.41792655935853,141.1303018952313,2.9245389839671145,1871226900,278.824,0.08,4.2,24777.038,18.58,0.12,1.64,1.58,21465.53,101.2684,67.4
2021-11-26,154.11329650878906,157.69069791152225,153.67103827148128,156.82584169085234,76959800,150.49339447021484,151.56577482368033,59.270640668919775,153.66444510139254,150.4501114221748,3.214333679217731,2.4650987562328748,0.749234922984856,150.49339447021484,159.78344922009956,141.20333972033012,3.166027513854471,1794267100,278.824,0.08,4.2,24777.038,28.62,0.12,1.48,1.42,21477.55,101.2684,67.4
2021-11-29,157.48431396484375,158.417973553797,156.05923801728514,156.6292653970327,88748200,151.01714553833008,152.12944521807685,64.99597281601075,154.25211723423118,150.97116346237252,3.2809537718586625,2.6282697593580324,0.6526840125006301,151.01714553833008,160.6376784987047,141.39661257795547,3.3745219244025173,1883015300,278.824,0.08,4.2,24777.038,22.96,0.11,1.52,1.46,21495.579999999998,101.2684,67.4
2021-11-30,162.45729064941406,162.673508444908,157.1698072809554,157.23861066878493,174048100,151.83076248168945,153.11304954487088,71.38610921296885,155.51445160579777,151.82198769844965,3.6924639073481273,2.8411085889560512,0.8513553183920761,151.83076248168945,162.38595689263198,141.2755680707469,3.6714695321053523,2057063400,278.824,0.08,4.2,24777.038,27.19,0.12,1.43,1.38,21501.59,101.2684,67.4
2021-12-01,161.93643188476562,167.37133051574247,161.70055379902215,164.59981924468755,152052500,152.56632308959962,153.9533716724799,69.94584466161011,156.50244857179283,152.5712057863249,3.93124278546793,3.059135428258427,0.872107357209503,152.56632308959962,163.7659051096639,141.36674106953535,3.868735055613105,1905010900,280.806,0.08,3.9,24777.038,31.12,0.11,1.43,1.37,21507.6,101.1948,70.6
2021-12-02,160.94378662109375,161.3762222672704,155.08629013119497,156.01012719413941,136739200,153.18012084960938,154.61912547710978,67.16467023102834,157.18573134860836,153.19139695927075,3.9943343893376095,3.2461752204742638,0.7481591688633458,153.18012084960938,164.79564400827465,141.5645976909441,4.235180561105352,1768271700,280.806,0.08,3.9,24777.038,27.95,0.13,1.44,1.39,21509.490322580645,101.1948,70.6
2021-12-03,159.0568084716797,162.12316353860186,156.9732712438897,161.199326466995,118023100,153.725577545166,155.04176195278308,62.109004442136474,157.47358936754242,153.62587188611585,3.847717481426571,3.3664836726647254,0.4812338087618455,153.725577545166,165.3691283168849,142.0820267734471,4.398045574561631,1650248600,280.806,0.08,3.9,24777.038,30.67,0.13,1.35,1.29,21511.380645161287,101.1948,70.6
2021-12-06,162.47694396972656,164.9929163957049,161.45482079893625,161.46464342690166,107497000,154.4155044555664,155.7498745258253,66.96299827507903,158.24333622941688,154.2815068552722,3.961829374144685,3.4855528129607176,0.4762765611839672,154.4155044555664,166.41095243652467,142.42005647460815,4.650061947968973,1757745600,280.806,0.08,3.9,24777.038,27.18,0.13,1.43,1.38,21517.051612903226,101.1948,70.6
2021-12-07,168.2361602783203,168.62929035916358,165.44500418803963,166.17228359031526,120405400,155.4346710205078,156.9390445974915,73.19099832577776,159.78069377540203,155.3151848866091,4.465508888792925,3.6815440281271594,0.7839648606657659,155.4346710205078,168.4471394223463,142.4222026186693,4.938584213774283,1878151000,280.806,0.08,3.9,24777.038,21.89,0.14,1.48,1.42,21518.94193548387,101.1948,70.6
2021-12-08,172.069091796875,172.93396293794615,167.76441134011625,169.16982694435688,116998900,156.62730331420897,158.38000147362325,76.38210629193128,161.67121654793633,156.5562150281103,5.1150015198260235,3.9682355264669322,1.1467659933590912,156.62730331420897,171.06873963328357,142.18586699513438,5.026335548000124,1995149900,280.806,0.08,3.9,24777.038,19.9,0.13,1.52,1.45,21520.832258064514,101.1948,70.6
2021-12-09,171.55804443359375,173.7103848403719,170.92905127787418,171.90203139222558,108923700,157.93639678955077,159.63505318409665,75.09857248102041,163.1922669918836,157.6674616507387,5.524805341144912,4.2795494894025286,1.2452558517423835,157.93639678955077,172.80138949475545,143.07140408434609,4.830477445141336,1886226200,280.806,0.08,3.9,24777.038,21.58,0.14,1.49,1.43,21522.72258064516,101.1948,70.6
2021-12-10,176.36395263671875,176.54086493199145,171.68581688842568,172.19687852363788,115402700,159.48824310302734,161.228281703394,78.72004640427178,165.2186801680121,159.05238690895945,6.166293259052651,4.656898243332553,1.5093950157200977,159.48824310302734,175.21881266085347,143.75767354520121,4.871193985018826,2001628900,280.806,0.08,3.9,24777.038,18.69,0.14,1.48,1.42,21524.612903225807,101.1948,70.6
2021-12-13,172.71774291992188,178.99785124666644,172.5113477652422,178.00521097357498,153237000,160.75360107421875,162.3225161049681,70.35949901972769,166.37238212984437,160.06463550236407,6.307746627480299,4.987067920162103,1.320678707318196,160.75360107421875,176.465897411719,145.0413047367185,4.972984342975508,1848391900,280.806,0.08,3.9,24777.038,20.31,0.15,1.42,1.37,21530.28387096774,101.1948,70.6
2021-12-14,171.33201599121094,174.6833771787867,169.24847882890847,172.23619277855693,139380400,161.9491813659668,163.18056371318167,67.42851363056386,167.13540272390077,160.8992562793157,6.236146444585074,5.236883625046697,0.9992628195383775,161.9491813659668,177.04833311967678,146.85002961225683,5.168842455875441,1709011500,280.806,0.08,3.9,24777.038,21.89,0.16,1.44,1.39,21532.174193548388,101.1948,70.6
2021-12-15,176.21652221679688,176.41307975206385,169.34672613583356,172.09857661870694,131063300,163.33984756469727,164.42208357066883,71.87583264022875,168.53249803050016,162.03386857098099,6.498629459519179,5.489232791941193,1.0093966675779864,163.33984756469727,178.31520215179145,148.36449297760308,5.498081513960348,1840074800,280.806,0.08,3.9,24777.038,19.29,0.16,1.47,1.42,21534.06451612903,101.1948,70.6
2021-12-16,169.29757690429688,178.02486912244925,167.81355032065514,176.19685561719783,150185800,164.26220779418946,164.8864162691096,59.48567072380956,168.65020247262274,162.57192104011548,6.078281432507254,5.607042520054406,0.471238912452848,164.26220779418946,178.28931586424076,150.23509972413817,5.835744513962719,1689889000,280.806,0.08,3.9,24777.038,20.57,0.16,1.44,1.39,21535.954838709677,101.1948,70.6
2021-12-17,168.1968231201172,170.48675479737042,166.77176246160374,167.00762546934996,195432700,164.9142951965332,165.20169311206269,57.77919332822848,168.5804518030065,162.98858045344895,5.59187134955755,5.604008285955035,-0.01213693639748481,164.9142951965332,178.38898091312527,151.43960947994114,5.7936241775883435,1494456300,280.806,0.08,3.9,24777.038,21.57,0.16,1.41,1.36,21537.845161290323,101.1948,70.6
2021-12-20,166.8307647705078,167.64649284258897,164.5801530989622,165.38604354598067,107499100,165.36638565063475,165.35684279381937,55.64573669272876,168.31126918262208,163.273186699157,5.038082483465075,5.490823125457044,-0.4527406419919684,165.36638565063475,178.45569772387793,152.27707357739158,5.658836238817086,1386957200,280.806,0.08,3.9,24777.038,22.87,0.14,1.43,1.36,21543.516129032258,101.1948,70.6
2021-12-21,170.01502990722656,170.22141005857458,166.21157358651485,168.60961436850548,91185900,165.9545928955078,165.8004796617629,59.40822408379506,168.57338621717662,163.77258249234734,4.800803724829279,5.352819245331491,-0.5520155205022119,165.9545928955078,178.7663862246983,153.1427995663173,5.540197649912757,1478143100,280.806,0.08,3.9,24777.038,21.01,0.15,1.48,1.41,21545.406451612904,101.1948,70.6
2021-12-22,172.61949157714844,172.83570940336168,169.18950423983955,170.06419817447264,92135300,166.65385818481445,166.44990936799007,62.23034811317483,169.19586396486457,164.4279090912215,4.7679548736430775,5.235846370993809,-0.4678914973507311,166.65385818481445,179.31690139656965,153.99081497305926,5.311345036337863,1570278400,280.806,0.08,3.9,24777.038,18.63,0.13,1.46,1.38,21547.29677419355,101.1948,70.6
2021-12-23,173.24847412109375,173.80867890803833,172.2558487047577,172.82587612087696,68356600,167.35852813720703,167.0973917254285,62.90116444637312,169.81934245043828,165.08128427861942,4.738058171818864,5.136288731158819,-0.39823055933995555,167.35852813720703,179.84123083550452,154.87582543890954,5.05441202980704,1638635000,280.806,0.08,3.9,24777.038,17.96,0.14,1.5,1.43,21549.187096774192,101.1948,70.6
2021-12-27,177.22882080078125,177.3172694486978,174.02488925086175,174.0445345083678,74919600,168.51430435180663,168.06228973260497,66.90675859667066,170.95926219664491,165.98110179877958,4.978160397865338,5.104663064500123,-0.12650266663478504,168.51430435180663,180.12774033328841,156.90086837032484,4.9210325586341,1713554600,280.806,0.08,3.9,24777.038,17.68,0.16,1.48,1.42,21556.748387096774,101.1948,70.6
2021-12-28,176.20668029785156,178.2116060992947,175.45975568348982,177.0617287998104,79144300,169.45042266845704,168.83794597691417,64.96688647845185,171.76655728913823,166.7385520579701,5.028005231168123,5.089331497833723,-0.06132626666560004,169.45042266845704,180.35312954503863,158.54771579187545,4.6781399890889475,1634410300,280.806,0.08,3.9,24777.038,17.54,0.165,1.49,1.43,21558.63870967742,101.1948,70.6
2021-12-29,176.29513549804688,177.5236387502155,175.07645487319965,176.2459923686846,62348900,170.14231491088867,169.54815450273634,65.06129417037532,172.46326162897034,167.44644712760544,5.016814501364905,5.07482809853996,-0.058013597175055054,170.14231491088867,180.93784164157057,159.34678818020677,4.483685151887944,1696759200,280.806,0.08,3.9,24777.038,16.95,0.17,1.55,1.5,21560.529032258066,101.1948,70.6
2021-12-30,175.13540649414062,177.46465866978764,175.0272976168205,176.38356989658638,59773000,170.80226364135743,170.08027374001293,62.67649835417617,172.87436083899655,168.01599967327473,4.858361165721817,5.031534711976332,-0.17317354625451475,170.80226364135743,181.1134302848339,160.49109699788096,4.459115686921474,1636986200,280.806,0.08,3.9,24777.038,17.33,0.16,1.52,1.47,21562.419354838712,101.1948,70.6
2021-12-31,174.5163116455078,176.14775300143924,174.21163016090497,175.02735833706146,64062300,171.48088989257812,170.50275354053625,61.38301141102166,173.1269686553829,168.4975042638105,4.629464391572412,4.951120647895548,-0.321656256323136,171.48088989257812,180.85099874348109,162.11078104167515,4.241494425645515,1572923900,280.806,0.08,3.9,24777.038,17.22,0.15,1.52,1.46,21564.309677419355,101.1948,70.6
2022-01-03,178.87989807128906,179.7349465415521,174.65385883537695,174.77179035001552,104487900,172.4720443725586,171.30057682917936,66.61305263105544,174.01203471936847,169.26657047177187,4.745464247596601,4.909989367835759,-0.16452512023915755,172.4720443725586,180.46872466128653,164.47536408383067,4.15093238383266,1677411800,282.542,0.08,4.0,25215.491,16.6,0.14250000000000002,1.63,1.55,21569.729032258067,101.2146,67.2
2022-01-04,176.609619140625,179.7939048717263,176.0395918494563,179.48923847391032,99310400,173.1786781311035,171.80619990645988,61.9147483503107,174.41166309186946,169.81050000279802,4.601163089071434,4.848224112082894,-0.24706102301145982,173.1786781311035,179.91611600799678,166.44124025421024,4.0308905747177874,1578101400,282.542,0.08,4.0,25215.491,16.91,0.14,1.66,1.58,21571.493548387098,101.2146,67.2
2022-01-05,171.911865234375,177.07157997213048,171.63668164807183,176.52121279952414,94537600,173.36246337890626,171.81626327102322,53.505185765187974,174.0270788061011,169.96615668661855,4.060922119482541,4.6907637135628235,-0.6298415940802826,173.36246337890626,179.74158773212304,166.98333902568947,3.914358053848385,1483563800,282.542,0.08,4.0,25215.491,19.73,0.14,1.71,1.62,21573.25806451613,101.2146,67.2
2022-01-06,169.04205322265625,172.28530491748282,168.68824367419558,169.73001206789144,96904000,173.21111145019532,171.55205279022636,49.11631362567413,173.26015179326342,169.8977045781769,3.362447215086519,4.425100413867563,-1.0626531987810441,173.21111145019532,179.8443779654433,166.57784493494734,3.441911085383609,1386659800,282.542,0.08,4.0,25215.491,19.61,0.13,1.73,1.63,21575.022580645164,101.2146,67.2
2022-01-07,169.20913696289062,171.14525945761193,168.08874249862777,169.91675609783337,86709100,173.09366607666016,171.3289179495277,49.37667296429857,172.63691874243685,169.84669956963717,2.790219172799681,4.098124165653987,-1.307904992854306,173.09366607666016,179.92020874820213,166.26712340511818,3.394877129899143,1473368900,282.542,0.08,4.0,25215.491,18.76,0.14,1.76,1.66,21576.787096774195,101.2146,67.2
2022-01-10,169.228759765625,169.53342613200735,165.27788963591132,166.1722434830422,106765600,172.73690643310547,171.1289028843941,49.40941275102234,172.1125865921581,169.80092625082145,2.3116603413366477,3.740831400790519,-1.4291710594538714,172.73690643310547,179.5882654512086,165.88554741500235,3.440510449537789,1580134500,282.542,0.08,4.0,25215.491,19.4,0.11,1.78,1.65,21582.08064516129,101.2146,67.2
2022-01-11,172.069091796875,172.1673630652104,167.88235785704865,169.35656184948618,76138300,172.70447387695313,171.21844468558277,54.04253717275546,172.10589508519146,169.9689385134921,2.1369565716993577,3.420056434972287,-1.2830998632729291,172.70447387695313,179.5620269931728,165.84692076073347,3.4601653592593613,1656272800,282.542,0.08,4.0,25215.491,18.41,0.12,1.75,1.64,21583.845161290323,101.2146,67.2
2022-01-12,172.51136779785156,174.13298635832638,171.81358623406135,173.09121782891782,74805200,172.76344146728516,171.34158022008455,54.73764209354826,172.16827550252378,170.15726660862984,2.011008893893944,3.1382469267566186,-1.1272380328626745,172.76344146728516,179.59299898566553,165.9338839489048,3.3653935707409977,1731078000,282.542,0.08,4.0,25215.491,17.62,0.12,1.74,1.62,21585.609677419357,101.2146,67.2
2022-01-13,169.228759765625,173.58256751092873,168.83562977966744,172.75701703498126,84505800,172.41405334472657,171.14035922442176,48.83391591045334,171.71604231223168,170.0884883239628,1.627553988268886,2.8361083390590722,-1.2085543507901861,172.41405334472657,179.21615664223734,165.6119500472158,3.593544108453902,1646572200,282.542,0.08,4.0,25215.491,20.31,0.12,1.7,1.58,21587.37419354839,101.2146,67.2
2022-01-14,170.0936737060547,170.79145523828697,168.14771352583708,168.39341420548664,80440800,172.45385818481446,171.0406748893392,50.35330504290621,171.4664471420506,170.08887242633995,1.377574715710665,2.544401614389391,-1.166826898678726,172.45385818481446,179.19155948582144,165.71615688380749,3.4917545645143195,1727013000,282.542,0.08,4.0,25215.491,19.19,0.11,1.78,1.65,21589.13870967742,101.2146,67.2
2022-01-18,166.87989807128906,169.57276781693594,166.4966056259258,168.56048225619764,90956700,172.38801193237305,170.64441043047725,45.00545377204745,170.76082420808729,169.85117062226212,0.9096535858251684,2.2174520086765463,-1.307798422851378,172.38801193237305,179.3139496065635,165.46207425818258,3.5521272548231764,1636056300,282.542,0.08,4.0,25215.491,22.79,0.08,1.87,1.71,21596.196774193548,101.2146,67.2
2022-01-19,163.37130737304688,168.13790701368765,163.08630115574192,167.07647817629606,94815000,172.2150390625,169.9517339488172,40.00952158808821,169.62397546423492,169.37118075194988,0.2527947122850378,1.8245205493982448,-1.571725837113207,172.2150390625,179.82638107494077,164.60369705005925,3.7381573963181682,1541241300,282.542,0.08,4.0,25215.491,23.85,0.09,1.83,1.66,21597.961290322582,101.2146,67.2
2022-01-20,161.68084716796875,166.7619347111161,161.35652051674097,164.10837074224375,91420500,171.7983299255371,169.16403044587923,37.830552823774035,168.40195572634784,168.8015264123957,-0.3995706860478663,1.3797023023090227,-1.779272988356889,171.7983299255371,180.65630785103102,162.9403520000432,3.950161192133026,1449820800,282.542,0.08,4.0,25215.491,25.59,0.08,1.83,1.66,21599.725806451614,101.2146,67.2
2022-01-21,159.6170196533203,163.46960515091857,159.50891073645278,161.59244804730136,122848900,171.1482063293457,168.2547913227784,35.30271676528547,167.0504270997282,168.12119257839012,-1.0707654786619116,0.8896087461148359,-1.9603742247767475,171.1482063293457,181.45912931738258,160.83728334130882,4.094773447413849,1326971900,282.542,0.08,4.0,25215.491,28.85,0.09,1.75,1.58,21601.490322580645,101.2146,67.2
2022-01-24,158.840576171875,159.50888984216238,152.03958291935942,157.26810076459748,162294600,170.42781143188478,167.35819940364476,34.37217814106165,165.7873731108277,167.43373951124084,-1.646366400413143,0.38241371680924013,-2.028780117222383,170.42781143188478,181.98863253988932,158.86699032388023,4.263259292979321,1164677300,282.542,0.08,4.0,25215.491,29.9,0.09,1.75,1.56,21606.78387096774,101.2146,67.2
2022-01-25,157.03221130371094,159.9609590965899,154.31968130054574,156.24596615896806,115798400,169.41798095703126,166.37477196555582,32.240650503817974,164.44042514050204,166.6632559403127,-2.2228307998106516,-0.13863518651473822,-2.0841956132959134,169.41798095703126,181.91643002926168,156.91953188480085,4.398042491106046,1048878900,282.542,0.08,4.0,25215.491,31.16,0.09,1.78,1.59,21608.548387096776,101.2146,67.2
2022-01-26,156.9437713623047,161.5629412237311,155.10593504422843,160.6882473882618,108275300,168.4548355102539,165.47658143191285,32.135691757299966,163.28709379001015,165.9432941197195,-2.6562003297093497,-0.6421482151536606,-2.014052114555689,168.4548355102539,181.66106607991952,155.24860494058828,4.471050195066332,940603600,282.542,0.08,4.0,25215.491,31.96,0.09,1.85,1.66,21610.312903225808,101.2146,67.2
2022-01-27,156.4818572998047,161.02240127110773,155.55802030212934,159.65630602886313,121954600,167.46417160034179,164.61994103837876,31.557835959143063,162.24013432997853,165.24244694787396,-3.002312617895427,-1.114181095702014,-1.8881315221934132,167.46417160034179,181.13367219822115,153.79467100246242,4.604430175472842,818649000,282.542,0.08,4.0,25215.491,30.49,0.09,1.81,1.61,21612.07741935484,101.2146,67.2
2022-01-28,167.40078735351562,167.42044760669708,160.00028414870977,162.86024363325143,179935700,167.07744064331055,164.88478354458226,53.049689564266,163.03408094898424,165.40232401495854,-2.3682430659742977,-1.3649934897564708,-1.0032495762178268,167.07744064331055,180.28684024421227,153.86804104240883,5.167435414609145,998584700,282.542,0.08,4.0,25215.491,27.66,0.09,1.78,1.59,21613.841935483873,101.2146,67.2
2022-01-31,171.7742462158203,171.9904639988434,166.59487204384064,167.23370276509192,115541600,166.94033737182616,165.54092284660493,58.65049062556412,164.3787217592667,165.87431825205942,-1.4955964927927141,-1.3911140903637196,-0.10448240242899454,166.94033737182616,179.89246788181643,153.9882068618359,5.248867947388198,1114126300,282.542,0.08,4.0,25215.491,24.83,0.09,1.79,1.57,21619.13548387097,101.2146,67.2
2022-02-01,171.60714721679688,171.8331875955671,169.34669843996613,171.017459711058,86213900,166.57669982910156,166.11865850090894,58.364013261407095,165.49078721427136,166.2989722494474,-0.8081850351760238,-1.2745282793261805,0.4663432441501567,166.57669982910156,178.53805245263447,154.61534720556864,5.120402515062428,1027912400,284.525,0.08,3.8,25215.491,21.96,0.09,1.81,1.62,21620.9,101.8458,62.8
2022-02-02,172.81602478027344,172.8553452866124,170.34919537896823,171.74477342641566,84914300,166.38702011108398,166.75650290846747,59.89038497294159,166.61774683981017,166.78171688136044,-0.16397004155027162,-1.0524166317709989,0.8884465902207273,166.38702011108398,177.81435506678318,154.9596851553848,5.133741785303793,1112826700,284.525,0.08428571428571428,3.8,25215.491,22.09,0.09,1.78,1.59,21624.539285714287,101.8458,62.8
2022-02-03,169.9265899658203,173.2091625575225,169.160005018323,171.4794201148579,89418100,166.28775634765626,167.0584159615487,54.726197630364375,167.1267996284271,167.0146704431723,0.11212918525481541,-0.819507468365836,0.9316366536206514,166.28775634765626,177.5547656773261,155.02074701798642,5.083900343013665,1023408600,284.525,0.08857142857142858,3.8,25215.491,24.35,0.09,1.82,1.62,21628.178571428572,101.8458,62.8
2022-02-04,169.64122009277344,171.32396054369477,167.9584796418521,168.9425345214472,82465400,166.3177146911621,167.30439730737962,54.22885552637042,167.51363354601887,167.20922967647607,0.30440386954279575,-0.5947252007841096,0.8991290703269054,166.3177146911621,177.61699886266257,155.01843051966165,5.135453142256005,940943200,284.525,0.09285714285714286,3.8,25215.491,23.22,0.09,1.93,1.7,21631.817857142858,101.8458,62.8
2022-02-07,168.9228515625,171.1763304609041,168.22416604358875,170.1037143263292,77251200,166.30340042114258,167.45853580786726,52.92495544013082,167.7304363177852,167.33616463099634,0.39427168678886915,-0.39692582326951387,0.791197510058383,166.30340042114258,177.58871327759488,155.0180875646903,5.089388594912181,863692000,284.525,0.10571428571428572,3.8,25215.491,22.86,0.09,1.92,1.65,21642.735714285714,101.8458,62.8
2022-02-08,172.04229736328125,172.55401004838063,168.69650213361186,168.9917215679186,74829200,166.4440773010254,167.8950845274305,57.68314842280507,168.3937995555538,167.68476705561002,0.7090324999437883,-0.17573415862685343,0.8847666585706417,166.4440773010254,177.9399273563062,154.9482272457446,5.004095884685256,938521200,284.525,0.11,3.8,25215.491,21.44,0.09,1.96,1.71,21646.375,101.8458,62.8
2022-02-09,173.46920776367188,173.8333032952092,172.11120710909282,173.24287932640442,71285000,166.51408309936522,168.42595340707254,59.690232423063016,169.17463158757198,168.11324414509608,1.0613874424759047,0.07169016159369818,0.9896972808822064,166.51408309936522,178.162142990782,154.86602320794844,4.7459238659390275,1009806200,284.525,0.1142857142857143,3.8,25215.491,19.96,0.09,1.94,1.68,21650.014285714286,101.8458,62.8
2022-02-10,169.37550354003906,172.68192819387235,168.8146001247778,171.36329839541398,90865900,166.3572898864746,168.51638675306936,52.061179234795716,169.2055349648746,168.20674484101778,0.9987901238568213,0.2571101540463228,0.7416799698104986,166.3572898864746,177.7600537367137,154.9545260362355,4.795489096255333,918940300,284.525,0.11857142857142858,3.8,25215.491,23.91,0.09,2.03,1.63,21653.65357142857,101.8458,62.8
2022-02-11,165.9510040283203,170.32020982591467,165.36056513089437,169.5821687118747,98670700,166.1934020996094,168.27206458880755,46.68570676906129,168.70483789771242,168.03965292896612,0.6651849687463027,0.3387251169863188,0.32645985175998393,166.1934020996094,177.52034044957492,154.86646374964386,4.60850395061672,820269600,284.525,0.12285714285714286,3.8,25215.491,27.36,0.09,1.92,1.56,21657.292857142857,101.8458,62.8
2022-02-14,166.1872100830078,166.87604556697002,163.90419531846183,164.70127745101004,86185500,165.99807891845703,168.07350701682662,47.091501754286114,168.317510541604,167.9024349403766,0.4150756012274144,0.3539952138345379,0.06108038739287647,165.99807891845703,177.1830917369988,154.81306609991526,4.4178305543641505,906455100,284.525,0.13571428571428573,3.8,25215.491,28.33,0.09,1.98,1.55,21668.210714285713,101.8458,62.8
2022-02-15,170.03482055664062,170.19227292675632,167.5353279968633,168.24384864689935,62527400,166.15582504272462,168.2602987825232,53.32373719623224,168.58171208237886,168.06038943047022,0.5213226519086334,0.387460701449357,0.13386195045927635,166.15582504272462,177.4743281239225,154.83732196152673,4.242691744667425,968982500,284.525,0.14,3.8,25215.491,25.7,0.09,2.05,1.65,21671.850000000002,101.8458,62.8
2022-02-16,169.7986602783203,170.57605697053586,167.33852325607717,169.1098249151892,61177400,166.4771926879883,168.40680940117053,52.911761991539784,168.76893488175446,168.18915023401468,0.5797846477397854,0.42592549070744273,0.1538591570323427,166.4771926879883,177.82614617831442,155.12823919766217,4.083631226487447,907805100,284.525,0.1442857142857143,3.8,25215.491,24.29,0.09,2.03,1.65,21675.489285714288,101.8458,62.8
2022-02-17,166.1872100830078,169.16889547575568,165.7837439368702,168.30292228706756,69589300,166.70251083374023,168.19541898991696,46.939383271164346,168.37174645117804,168.0408583709771,0.3308880802009355,0.40691800860614136,-0.07602992840520584,166.70251083374023,177.83855609995214,155.56646556752833,3.589083086098713,838215800,284.525,0.14857142857142858,3.8,25215.491,28.11,0.09,1.97,1.61,21679.128571428573,101.8458,62.8
2022-02-18,164.63235473632812,167.8206823626154,163.54005341590076,167.11217679103845,82772700,166.95327758789062,167.8560795371942,44.60500234151866,167.7964554181242,167.78837662026237,0.008078797861827525,0.32715016645727857,-0.31907136859545104,166.95327758789062,177.65730675970906,156.2492484160722,3.5094428712209895,755443100,284.525,0.15285714285714286,3.8,25215.491,27.75,0.09,1.92,1.57,21682.76785714286,101.8458,62.8
2022-02-22,161.69989013671875,164.03209518170536,159.5644780309518,162.3493548856938,91162800,167.09624328613282,167.26977578476797,40.512825862529766,166.858522297908,167.33737762148138,-0.47885532357338434,0.165949068451146,-0.6448043920245303,167.09624328613282,177.43311490364775,156.7593716686179,3.6938276962049446,664280300,284.525,0.17,3.8,25215.491,28.81,0.09,1.94,1.57,21697.325,101.8458,62.8
2022-02-23,157.5177001953125,163.5007417287701,157.20279536961024,162.90046754332764,90009200,167.1205177307129,166.3410066810103,35.50937665532206,165.42147274366255,166.60999410843183,-1.1885213647692865,-0.10494501819294053,-1.083576346576346,167.1205177307129,177.36460419277702,156.87643126864876,3.964670299884637,574271100,284.525,0.1742857142857143,3.8,25215.491,31.02,0.09,1.99,1.65,21700.964285714286,101.8458,62.8
2022-02-24,160.1450958251953,160.25334246210673,149.5763410580208,150.14709468760051,141147500,167.28058395385742,165.75091993283746,40.48248743779439,164.60972244851376,166.13111275411802,-1.5213903056042568,-0.3882340756752038,-1.133156229929053,167.28058395385742,176.96856059925096,157.59260730846387,4.438087718805098,715418600,284.525,0.17857142857142858,3.8,25215.491,30.32,0.09,1.96,1.64,21704.60357142857,101.8458,62.8
2022-02-25,162.22145080566406,162.48713480856267,158.30490162446958,161.22754578023935,91974200,167.56756362915038,165.4147800159638,44.14797141012962,164.2422960419215,165.84150816534367,-1.599212123422177,-0.6304296852245985,-0.9687824381975785,167.56756362915038,176.24649952694367,158.8886277313571,4.496427167537271,807392800,284.525,0.18285714285714286,3.8,25215.491,27.59,0.09,1.97,1.64,21708.242857142857,101.8458,62.8
2022-02-28,162.48712158203125,162.78234102115098,159.84001180321536,160.4599711238184,95056600,167.32188034057617,165.13595540320833,44.617954689736905,163.9722692019384,165.5930350850983,-1.620765883159919,-0.8284969248116627,-0.7922689583482563,167.32188034057617,176.27950852098596,158.3642521601664,4.495724653295862,902449400,284.525,0.19571428571428573,3.8,25215.491,30.15,0.09,1.83,1.48,21719.160714285714,101.8458,62.8
2022-03-01,160.5977325439453,163.9435277104657,159.38734940316522,162.07381467213503,83474400,166.76305465698243,164.70374370232614,41.9165404959216,163.4531097160933,165.22301267464252,-1.7699029585492099,-1.0167781315591722,-0.7531248269900377,166.76305465698243,175.93191927484415,157.59419003912072,4.545629681333842,818975000,287.467,0.2,3.7,25215.491,33.32,0.09,1.72,1.4,21722.8,102.6732,59.4
2022-03-02,163.9041748046875,164.69142169446647,160.35173616541616,161.7687775639212,79724800,166.37790603637694,164.6275942835034,47.86537649365458,163.5225043451078,165.1253209805718,-1.602816635463995,-1.1339858323401368,-0.46883080312385816,166.37790603637694,175.34542034064333,157.41039173211055,4.72767822398544,898699800,287.467,0.20419354838709677,3.7,25215.491,30.74,0.09,1.86,1.52,21722.812903225808,102.6732,59.4
2022-03-03,163.57943725585938,166.21671212228483,162.91028714997404,165.78372557589515,76678400,165.91607666015625,164.52776980468016,47.35242301920462,163.5312632544542,165.01081107503754,-1.479547820583349,-1.2030982299887794,-0.27644959059456964,165.91607666015625,174.45068726739933,157.38146605291317,4.631379462086634,822021400,287.467,0.20838709677419356,3.7,25215.491,30.48,0.09,1.86,1.48,21722.825806451612,102.6732,59.4
2022-03-04,160.5682373046875,162.91029278730187,159.5153063627005,161.8671969888056,83737200,165.44815902709962,164.15067147134752,42.77483589927152,163.07541310833625,164.6817315364931,-1.6063184281568397,-1.2837422696223915,-0.3225761585344482,165.44815902709962,174.07757524903286,156.81874280516638,4.567414190525104,738284200,287.467,0.21258064516129033,3.7,25215.491,31.98,0.09,1.74,1.4,21722.83870967742,102.6732,59.4
2022-03-07,156.75994873046875,162.3887439653584,156.50408484630077,160.75520922600182,96418800,164.80409545898436,163.44679311507335,37.798153412573484,162.10380320404894,164.09493281012092,-1.9911296060719792,-1.4252197369123092,-0.56590986915967,164.80409545898436,173.99040049549802,155.6177904224707,4.77547196699292,641865400,287.467,0.22516129032258064,3.7,25215.491,36.45,0.09,1.78,1.4,21722.877419354838,102.6732,59.4
2022-03-08,154.92958068847656,160.28284087725882,153.31573151528343,156.28758103481016,131148300,164.10443191528321,162.63563002682602,35.65121691903279,161.00007666319163,163.41601783814727,-2.415941174955634,-1.6233640245209742,-0.7925771504346599,164.10443191528321,174.03108603179632,154.1777777987701,4.987046718294841,510717100,287.467,0.22935483870967743,3.7,25215.491,35.13,0.09,1.86,1.5,21722.890322580646,102.6732,59.4
2022-03-09,160.3517303466797,160.80440217190915,156.8681828813347,158.9051685561548,91454900,163.51990356445313,162.418115771574,45.522691218963104,160.90033107603594,163.18903357952004,-2.288702503484103,-1.7564317203136002,-0.5322707831705029,163.51990356445313,172.8679718470283,154.17183528187797,5.17542441607869,602172000,287.467,0.2335483870967742,3.7,25215.491,32.45,0.09,1.94,1.56,21722.90322580645,102.6732,59.4
2022-03-10,155.99237060546875,157.83254827067594,153.49286301272676,157.64557545679153,105342000,162.64606170654298,161.80614004146875,40.185129116699045,160.14526023441022,162.65594743329405,-2.5106871988838293,-1.9072828160276463,-0.603404382856183,162.64606170654298,171.3562282907793,153.93589512230665,5.378563772686034,496830000,287.467,0.237741935483871,3.7,25215.491,30.23,0.09,1.98,1.59,21722.91612903226,102.6732,59.4
2022-03-11,152.2628173828125,156.74027038411012,152.03648894987714,156.3958451472846,96970100,161.79042739868163,160.8972521692158,36.26727125344796,158.93257671877979,161.88608594807317,-2.953509229293388,-2.116528098680795,-0.8369811306125934,161.79042739868163,171.0340109412893,152.54684385607396,5.408788950365915,399859900,287.467,0.24193548387096775,3.7,25215.491,30.75,0.09,2.0,1.6,21722.929032258064,102.6732,59.4
2022-03-14,148.21835327148438,151.6625456315132,147.7066555034308,149.03512069014965,108732100,160.90379486083984,159.68973798847946,32.559983133063724,157.2842346499651,160.8736613053629,-3.5894266553978014,-2.4111078100241965,-1.1783188453736049,160.90379486083984,171.65914363831513,150.14844608336455,5.372237891366298,291127800,287.467,0.25451612903225806,3.7,25215.491,31.77,0.09,2.14,1.69,21722.967741935485,102.6732,59.4
2022-03-15,152.6170654296875,153.08942257610076,147.98217542358523,148.4938731423045,92964300,160.22528762817382,159.0161501257374,39.77099764368976,156.56620861607624,160.26206161086844,-3.6958529947922045,-2.668056846977798,-1.0277961478144064,160.22528762817382,171.2700656122294,149.18050964411825,5.287187948034561,384092100,287.467,0.25870967741935486,3.7,25215.491,29.83,0.09,2.15,1.69,21722.98064516129,102.6732,59.4
2022-03-16,157.04530334472656,157.44876942008187,151.99711238572482,154.54581073699606,102300200,159.57581176757813,158.8284504323078,46.02762532260201,156.63991549740703,160.02378322078388,-3.383867723376852,-2.811219022257609,-0.5726487011192432,159.57581176757813,169.7284920982472,149.42313143690907,4.913949064482499,486392300,287.467,0.26290322580645165,3.7,25215.491,26.67,0.09,2.19,1.75,21722.993548387098,102.6732,59.4
2022-03-17,158.0588836669922,158.4328293113158,155.1165693039783,156.08093884327653,75615400,158.98882293701172,158.7551583594206,47.375152098578376,156.85821829272783,159.87823510568822,-3.0200168129603924,-2.8529785803981658,-0.1670382325622266,158.98882293701172,168.0031216998479,149.97452417417554,4.852093837571384,562007700,287.467,0.2670967741935484,3.7,25215.491,25.67,0.09,2.2,1.8,21723.006451612902,102.6732,59.4
2022-03-18,161.36532592773438,161.8573534009996,157.21261285213674,157.9506540620346,123511700,158.74772872924805,159.00374574687905,51.61871579029485,157.5516194673442,159.98838998139533,-2.436770514051119,-2.7697369671287566,0.3329664530776375,158.74772872924805,167.22070189749638,150.27475556099972,4.97369464692333,685519400,287.467,0.27129032258064517,3.7,25215.491,23.87,0.09,2.14,1.72,21723.01935483871,102.6732,59.4
2022-03-21,162.74301147460938,163.69754597170976,160.41079104635503,160.90281851844856,95811400,158.65326156616212,159.35986629237718,53.30820072550758,158.35029516076963,160.1924360179297,-1.842140857160075,-2.5842177451350206,0.7420768879749455,158.65326156616212,166.9008230436345,150.40570008868974,4.883021548212919,781330800,287.467,0.2838709677419355,3.7,25215.491,23.53,0.09,2.32,1.78,21723.058064516128,102.6732,59.4
2022-03-22,166.1281280517578,166.71855188517935,162.28047042303692,162.87089425645846,81532000,158.87467346191406,160.00446265041342,57.257708259976354,159.54688483630628,160.6321169093244,-1.085232073018119,-2.2844206107116403,1.1991885376935212,158.87467346191406,167.65786844326757,150.09147848056054,4.8900498291480705,862862800,287.467,0.2880645161290323,3.7,25215.491,22.94,0.09,2.38,1.87,21723.070967741936,102.6732,59.4
2022-03-23,167.49598693847656,169.88723307812018,164.9767938445975,165.31138391398235,98062700,159.37358779907225,160.71794115403847,58.77515588084458,160.76982362125554,161.1405517262986,-0.37072810504307085,-1.9016821095779266,1.5309540045348558,159.37358779907225,168.89440635317575,149.85276924496875,5.004622276377491,960925500,287.467,0.292258064516129,3.7,25215.491,23.57,0.09,2.32,1.82,21723.08387096774,102.6732,59.4
2022-03-24,171.29444885253906,171.36332488957797,167.49599622256298,168.33243390367338,90131400,159.93105545043946,161.72522760151472,62.73195233927971,162.38899673376068,161.89269225416828,0.4963044795923963,-1.4220847917438622,1.9183892713362585,159.93105545043946,170.7802603031102,149.08185059776872,4.990565637659101,1051056900,287.467,0.2964516129032258,3.7,25215.491,21.67,0.09,2.34,1.82,21723.09677419355,102.6732,59.4
2022-03-25,171.93406677246094,172.48513509296794,169.99547749215097,171.10746429170044,80546200,160.41668624877929,162.69749799874768,63.36951790390926,163.85746904740688,162.6364977740418,1.2209712733650804,-0.8934735787220738,2.1144448520871544,160.41668624877929,172.43863163331235,148.39474086424622,4.748065529213339,1131603100,287.467,0.3006451612903226,3.7,25215.491,20.81,0.09,2.48,1.93,21723.109677419354,102.6732,59.4
2022-03-28,172.800048828125,172.92796575635768,169.25744513309817,169.42473266654576,90371900,160.93233261108398,163.65964569678363,64.26098184484374,165.23325055213274,163.3893534076776,1.8438971444551555,-0.3459994340866279,2.1898965785417834,160.93233261108398,174.09575919405754,147.76890602811042,4.5125949050193475,1221975000,287.467,0.3132258064516129,3.7,25215.491,19.63,0.09,2.46,1.87,21723.148387096775,102.6732,59.4
2022-03-29,176.10646057128906,176.15565130084448,173.52822668291532,173.8726518827145,100589400,161.70776901245117,164.8450566372127,67.5119826705565,166.9060520935414,164.33136134572288,2.574690747818522,0.2381386022944021,2.33655214552412,161.70776901245117,176.4352614461488,146.98027657875355,4.332650689968411,1322564400,287.467,0.3174193548387097,3.7,25215.491,18.9,0.09,2.41,1.86,21723.16129032258,102.6732,59.4
2022-03-30,174.9354248046875,176.7460820205957,173.88247896845155,175.7029863422026,92633200,162.25933151245118,165.80604408173411,65.2481688895966,168.1413402029485,165.1168475278684,3.024492675080097,0.7954094168515411,2.229083258228556,162.25933151245118,178.06159351792803,146.45706950697434,4.047274669839213,1229931200,287.467,0.3216129032258065,3.7,25215.491,19.33,0.09,2.35,1.8,21723.174193548388,102.6732,59.4
2022-03-31,171.82579040527344,175.1912556507319,171.6191323130994,175.00428285673703,103049300,162.67164916992186,166.3793532554045,59.538851997228896,168.7081786956139,165.61380625952802,3.0943724360858766,1.2552020206984085,1.8391704153874682,162.67164916992186,179.0113661932348,146.33193214660892,3.9664419486534643,1126881900,287.467,0.3258064516129032,3.7,25215.491,20.56,0.09,2.32,1.8,21723.187096774192,102.6732,59.4
2022-04-01,171.53060913085938,172.09152763755276,169.19840379678678,171.2550749570232,78751300,163.21976776123046,166.86994905306688,59.01099905949404,169.14239876257474,166.05208795370072,3.0903108088740225,1.6222237783335314,1.4680870305404912,163.21976776123046,179.9707672079598,146.46876831450112,3.84765351732377,1048130600,288.582,0.33,3.7,25805.791,19.63,0.09,2.39,1.86,21723.2,102.9024,65.2
2022-04-04,175.59475708007812,175.64396282770502,171.65853751770197,171.7864694584347,76468400,164.16150817871093,167.70088315087747,63.773201286695546,170.13506927295987,166.75895233343238,3.376116939527492,1.9730024105723234,1.4031145289551685,164.16150817871093,181.46268450157808,146.86033185584378,3.7766611276330644,1124599000,288.582,0.374,3.7,25805.791,18.57,0.09,2.42,1.76,21720.54,102.9024,65.2
2022-04-05,172.2686309814453,175.4569739407951,171.638836509714,174.66972709725982,73401800,165.02846069335936,168.13590675378867,57.84948955664256,170.46330953580377,167.16707667772963,3.2962328580741485,2.2376485000726882,1.0585843580014602,165.02846069335936,182.12886029380874,147.92806109290999,3.6698228087764266,1051197200,288.582,0.38866666666666666,3.7,25805.791,21.03,0.09,2.54,1.89,21719.653333333335,102.9024,65.2
2022-04-06,169.0901641845703,170.86146610106397,167.4172737694601,169.61171210783138,89058800,165.46538238525392,168.22678841386312,52.80206053147558,170.25205640484478,167.30952760416227,2.94252880068251,2.3786245601946527,0.5639042404878571,165.46538238525392,182.51194186036938,148.41882291013846,3.779472609108406,962138400,288.582,0.4033333333333333,3.7,25805.791,22.1,0.09,2.61,1.94,21718.766666666666,102.9024,65.2
2022-04-07,169.39520263671875,170.59575076458447,167.14172361896223,168.4308330803216,77594700,166.1355239868164,168.33806595889698,53.22387023674544,170.12023274821001,167.4640220510183,2.6562106971917103,2.4341417875940645,0.2220689095976458,166.1355239868164,182.68635290502598,149.5846950686068,3.694421651734075,1039733100,288.582,0.41800000000000004,3.7,25805.791,21.55,0.09,2.66,1.98,21717.88,102.9024,65.2
2022-04-08,167.37786865234375,169.04092358061774,166.50206052636017,169.04092358061774,76575500,166.89127655029296,168.24661859636808,50.03887376829331,169.6983305796152,167.45764031778316,2.240690261832043,2.3954514824416604,-0.1547612206096174,166.89127655029296,182.17079147978183,151.6117616208041,3.6663064506629217,963157600,288.582,0.4326666666666667,3.7,25805.791,21.16,0.09,2.72,2.02,21716.993333333332,102.9024,65.2
2022-04-11,163.10707092285156,166.33476922464124,162.8610572412183,166.0198795202021,72246700,167.63571243286134,167.75713786555698,44.03153393438524,168.6842906324208,167.13537591815862,1.548914714262196,2.2261441288057675,-0.6772294145435716,167.63571243286134,180.45660425201132,154.81482061371136,3.6719300184474224,890910900,288.582,0.4766666666666667,3.7,25805.791,24.37,0.09,2.79,2.02,21714.333333333332,102.9024,65.2
2022-04-12,164.9866485595703,167.1614014854587,163.98290835466773,165.34090892509556,79265200,168.25419158935546,167.4932817411773,47.044680230893995,168.11542262121304,166.97621092863355,1.1392116925794937,2.008757641560513,-0.8695459489810191,168.25419158935546,179.16917017339497,157.33921300531594,3.610779399096312,970176100,288.582,0.49133333333333334,3.7,25805.791,24.26,0.09,2.72,1.98,21713.446666666667,102.9024,65.2
2022-04-13,167.68295288085938,168.31274743098942,164.11084372073287,164.72095296806577,70618900,168.78607406616212,167.51134565924227,51.110825066581945,168.0488888150048,167.02856218435397,1.0203266306508283,1.811071439378576,-0.7907448087277478,168.78607406616212,178.42674775682318,159.14540037550105,3.634676953321679,1040795000,288.582,0.506,3.7,25805.791,21.82,0.09,2.7,1.95,21712.56,102.9024,65.2
2022-04-14,162.65443420410156,168.53909354843174,162.40842046943686,167.89944882901148,75329400,169.01585159301757,167.0487826635146,44.281859239379685,167.21897272101967,166.70455270433527,0.5144200166843973,1.5517411548397404,-1.037321138155343,169.01585159301757,177.80426880375614,160.227434382279,3.894749487477244,965465600,288.582,0.5206666666666667,3.7,25805.791,22.7,0.09,2.83,2.04,21711.673333333332,102.9024,65.2
2022-04-18,162.4379425048828,163.9435452353402,160.9618602189061,161.30627040967605,69023900,169.069482421875,166.6096550293592,44.0092304673073,166.48342961084478,166.38850750437584,0.0949221064689425,1.2603773451655809,-1.1654552386966384,169.069482421875,177.6818247867669,160.4571400569831,3.845546944132571,896441700,288.582,0.5793333333333334,3.7,25805.791,22.17,0.09,2.85,2.04,21708.126666666667,102.9024,65.2
2022-04-19,164.73077392578125,165.14409017149563,161.2964321500132,162.3887336211493,67723800,169.1688705444336,166.4307139718756,47.68293932451486,166.21379027468114,166.26571242447994,-0.0519221497987985,0.997917446172705,-1.0498395959715034,169.1688705444336,177.52907152096427,160.8086695679029,3.88069376904421,964165500,288.582,0.5940000000000001,3.7,25805.791,21.37,0.09,2.93,2.12,21707.239999999998,102.9024,65.2
2022-04-20,164.56349182128906,166.18719136722032,163.45152002793873,166.06909457220715,67929800,169.09063873291015,166.25288329086735,47.438382260767376,165.9598982049285,166.13962200942876,-0.17972380450027003,0.76238919603811,-0.94211300053838,169.09063873291015,177.59129512862535,160.58998233719495,3.871555789554027,896235700,288.582,0.6086666666666667,3.7,25805.791,20.32,0.09,2.85,2.03,21706.353333333333,102.9024,65.2
2022-04-21,163.7664031982422,168.7949239860417,163.26454063992998,166.21670513338208,87227800,168.90415954589844,166.01607566299828,46.22189722623913,165.62243743466905,165.96382802341495,-0.34139058874589523,0.541633239081309,-0.8830238278272042,168.90415954589844,177.6952331518857,160.11308593991117,4.011431504445402,809007900,288.582,0.6233333333333333,3.7,25805.791,22.68,0.09,2.9,2.07,21705.466666666667,102.9024,65.2
2022-04-22,159.210205078125,165.19325952257165,158.92483581876152,163.8057537918965,84882400,168.29994735717773,165.36789751205797,39.920290868350385,164.6359401490469,165.46355965709716,-0.827619508050276,0.267782689654992,-1.095402197705268,168.29994735717773,177.96817055074635,158.6317241636091,4.252524351805698,724125500,288.582,0.638,3.7,25805.791,28.21,0.09,2.9,2.07,21704.579999999998,102.9024,65.2
2022-04-25,160.28285217285156,160.5682214607871,155.9333317168137,158.55090609825874,96046400,167.71738662719727,164.8836074797526,41.92759089160136,163.9662343065553,165.07980354715306,-1.1135692405977693,-0.00848769639556024,-1.105081544202209,167.71738662719727,177.83323705898007,157.60153619541447,4.2897769266005366,820171900,288.582,0.6819999999999999,3.7,25805.791,27.02,0.09,2.81,1.9,21701.92,102.9024,65.2
2022-04-26,154.2998046875,159.7514619922399,154.22107849702726,159.66290065876512,95623200,166.79237442016603,163.87562626144285,34.9194592613528,162.4790912882391,164.2812851131047,-1.8021938248656113,-0.3672289220895705,-1.434964902776041,166.79237442016603,178.18304822102286,155.4017006193092,4.440195005561977,724548700,288.582,0.6966666666666668,3.7,25805.791,33.52,0.09,2.77,1.94,21701.033333333333,102.9024,65.2
2022-04-27,154.07345581054688,157.24209821717469,152.9024282829644,153.42397608702464,88063200,165.69072418212892,162.94208621850038,34.6832684832996,161.18591659936337,163.52514960921152,-2.339233009848158,-0.761629739641288,-1.57760327020687,165.69072418212892,177.5185158020035,153.86293256225434,4.4036459142923405,636485500,288.582,0.7113333333333334,3.7,25805.791,31.6,0.09,2.82,2.0,21700.146666666664,102.9024,65.2
2022-04-28,161.0307159423828,161.89668891256514,156.39581154213602,156.71071626419635,130216800,164.99548873901367,162.76005095410824,46.6319805095065,161.1620395752125,163.340376745002,-2.1783371697895006,-1.0449712256709305,-1.1333659441185702,164.99548873901367,176.18537179275808,153.80560568526926,4.715732054034914,766702300,288.582,0.726,3.7,25805.791,29.99,0.09,2.85,2.03,21699.26,102.9024,65.2
2022-04-29,155.13624572753906,163.54991794930683,154.7426297819827,159.25943807460507,131747600,164.16101150512696,162.03397426586355,39.96186154438904,160.2349943678781,162.73266333630104,-2.4976689684229427,-1.335510774221333,-1.1621581942016097,164.16101150512696,175.67354398596794,152.648479024286,5.138171058103881,634954700,288.582,0.7406666666666667,3.7,25805.791,33.4,0.09,2.89,2.04,21698.373333333333,102.9024,65.2
2022-05-02,155.44131469726562,155.70699870242646,150.8260949299853,154.21124610323508,123055300,163.35654678344727,161.40610192599706,40.436722266936776,159.49750518778387,162.19256343711322,-2.6950582493293496,-1.6074202692429365,-1.087637980086413,163.35654678344727,174.94508330968205,151.7680102572125,5.164177655340718,758010000,291.299,0.7841935483870968,3.6,25805.791,32.34,0.09,2.99,2.09,21695.170967741935,102.9659,58.4
2022-05-03,156.9370574951172,158.14745572719883,153.8274556953841,155.6282627909498,88966500,162.4236618041992,160.98047864686563,42.82449299446525,159.10359015814285,161.80326670066907,-2.6996765425262197,-1.8258715238995933,-0.8738050186266264,162.4236618041992,172.86877030404443,151.978553304354,5.183154045998405,846976500,291.299,0.7983870967741936,3.6,25805.791,29.25,0.09,2.97,2.06,21693.74193548387,102.9659,58.4
2022-05-04,163.372802734375,163.82545959087432,156.72058183628712,157.12404795896134,108256500,161.9788703918457,161.20831903615226,51.78135084125774,159.7603920929478,161.91952862909173,-2.159136536143933,-1.8925245263484614,-0.2666120097954716,161.9788703918457,171.41838436516068,152.53935641853073,5.390509334879165,955233000,291.299,0.8125806451612904,3.6,25805.791,25.42,0.09,2.93,2.04,21692.312903225804,102.9659,58.4
2022-05-05,154.27027893066406,161.46371729012728,152.47929194392455,161.23738888499025,130525300,161.23787612915038,160.54755331182005,41.805930330798645,158.9157592987503,161.3529175403193,-2.4371582415690227,-2.0014512693925735,-0.43570697217644927,161.23787612915038,170.65480294445555,151.8209493138452,5.730712028554564,824707700,291.299,0.8267741935483871,3.6,25805.791,31.2,0.09,3.05,2.2,21690.88387096774,102.9659,58.4
2022-05-06,154.99954223632812,157.12822726592017,151.94448418251287,153.74795219056614,116124600,160.51809310913086,160.01917130463036,42.75737728899101,158.31326436606997,160.88229714743107,-2.569032781361102,-2.1149675717862793,-0.45406520957482277,160.51809310913086,169.5225990401986,151.51358717806312,5.888001890481222,940832300,291.299,0.8409677419354838,3.6,25805.791,30.19,0.09,3.12,2.27,21689.454838709677,102.9659,58.4
2022-05-09,149.855224609375,153.5705662251753,149.29349706523496,152.68360662844097,131577900,159.64196090698243,159.05117638127268,38.0334841825485,157.0120274804246,160.06547695942692,-3.0534494790023246,-2.302663953229488,-0.7507855257728364,159.64196090698243,169.19909150921012,150.08483030475475,6.020743829739132,809254400,291.299,0.8835483870967742,3.6,25805.791,34.75,0.09,3.05,2.13,21685.167741935482,102.9659,58.4
2022-05-10,152.26971435546875,154.46739183893223,150.71262137734965,153.26507972972064,115366700,159.10009307861327,158.40532285500564,41.310879853168906,156.28244084581598,159.4880130628374,-3.2055722170214267,-2.483245605987876,-0.7223266110335507,159.10009307861327,169.03150127348667,149.16868488373987,6.154779250473106,924621100,291.299,0.8977419354838709,3.6,25805.791,32.99,0.09,2.99,2.1,21683.73870967742,102.9659,58.4
2022-05-11,144.3758544921875,153.1960828683304,143.6958565940324,151.27435948498825,142689800,158.06955337524414,157.06918301092773,34.82572067259349,154.45065832987314,158.36859390945594,-3.917935579582803,-2.7701836007068614,-1.1477519788759416,158.06955337524414,169.506998619539,146.6321081309493,6.438339459629268,781931300,291.299,0.9119354838709678,3.6,25805.791,32.56,0.09,2.91,2.0,21682.309677419355,102.9659,58.4
2022-05-12,140.49295043945312,144.08017169792242,136.78747393168032,140.6999121632787,182602000,156.71005325317384,155.4904941945968,32.151999515835186,152.30331865442392,157.0444721709372,-4.741153516513293,-3.1643775838681476,-1.5767759326451456,156.71005325317384,169.62229920537712,143.79780730097056,6.532622092250485,599329300,291.299,0.9261290322580645,3.6,25805.791,31.77,0.09,2.84,1.88,21680.88064516129,102.9659,58.4
2022-05-13,144.97702026367188,145.95267144882655,141.03501714594583,142.49355408899086,113990900,155.82618255615233,154.48921096308015,38.06555456881266,151.17619582507743,156.1505868444731,-4.974391019395682,-3.5263802709736547,-1.4480107484220275,155.82618255615233,169.39330699512533,142.25905811717934,6.591538611207631,713320200,291.299,0.9403225806451613,3.6,25805.791,28.87,0.09,2.93,1.9,21679.451612903224,102.9659,58.4
2022-05-16,143.42974853515625,145.38105052063565,142.08946713795373,143.43961316503615,86643800,154.87577285766602,153.4359288270874,36.87134784616112,149.9844347035511,155.20830252526446,-5.223867821713355,-3.865877781121595,-1.3579900405917602,154.87577285766602,169.10408943153126,140.64745628380078,6.3936678759831755,626676400,291.299,0.9829032258064516,3.6,25805.791,27.47,0.09,2.88,1.81,21675.164516129033,102.9659,58.4
2022-05-17,147.07611083984375,147.59842494021692,144.55321674293847,146.7016158103138,78336300,153.99303970336913,152.83023187592136,41.52700112459914,149.53700026298074,154.60591795597404,-5.0689176929932955,-4.106485763495936,-0.9624319294973596,153.99303970336913,167.85200277956258,140.1340766271757,6.381454052472487,705012700,291.299,0.9970967741935484,3.6,25805.791,26.1,0.09,2.98,1.92,21673.735483870965,102.9659,58.4
2022-05-18,138.77821350097656,145.2233813560545,137.87153963890293,144.72078142086878,109742900,152.70377578735352,151.4919444116409,35.17040765448007,147.88180229959548,153.433495403752,-5.551693104156527,-4.395527231628055,-1.1561658725284722,152.70377578735352,167.17351481212842,138.23403676257863,6.4801210595383845,595269800,291.299,1.011290322580645,3.6,25805.791,30.96,0.09,2.89,1.86,21672.3064516129,102.9659,58.4
2022-05-19,135.35853576660156,139.6060416476657,134.6194101946053,137.85185149313176,136095600,151.28338241577148,149.95542930258955,32.93308756025536,145.9551459099041,152.09460950470384,-6.139463594799736,-4.744314504262391,-1.3951490905373447,151.28338241577148,166.67813487737448,135.8886299541685,6.207217008519548,459174200,291.299,1.0254838709677419,3.6,25805.791,29.35,0.09,2.84,1.79,21670.877419354838,102.9659,58.4
2022-05-20,135.5950469970703,138.65995498562737,130.68725738522548,137.07329814838306,137426100,150.10262451171874,148.58777384492106,33.249357156250866,144.3612845386989,150.87241968932358,-6.511135150624682,-5.09767863353485,-1.4134565170898323,150.10262451171874,166.4757584994426,133.72949052399488,6.428059424802456,596600300,291.299,1.0396774193548386,3.6,25805.791,29.43,0.09,2.78,1.75,21669.448387096774,102.9659,58.4
2022-05-23,141.03501892089844,141.1828380246541,135.65417798096212,135.79214749031698,117726300,149.1402328491211,147.86846385215702,40.230957771709484,143.8495513667296,150.14372333610692,-6.294171969377317,-5.336977300703343,-0.9571946686739734,149.1402328491211,165.26758889140677,133.01287680683544,6.518615924500245,714326600,291.299,1.082258064516129,3.6,25805.791,28.48,0.09,2.86,1.79,21665.16129032258,102.9659,58.4
2022-05-24,138.32485961914062,139.9115161270146,135.33879411636306,138.76833186496543,104132700,148.34148559570312,146.9595491632983,38.093333500507114,142.99959879017746,149.26825194966497,-6.2686531594875134,-5.523312472460178,-0.7453406870273351,148.34148559570312,164.94298695928336,131.73998423212288,6.417997856639401,610193900,291.299,1.0964516129032258,3.6,25805.791,29.45,0.09,2.76,1.7,21663.732258064516,102.9659,58.4
2022-05-25,138.48257446289062,139.73414963230113,136.33417493293138,136.42286639453397,92482700,147.56194152832032,146.15221823944995,38.298793409371044,142.30467197059485,148.46931287657057,-6.164640905975716,-5.651578159163287,-0.5130627468124294,147.56194152832032,164.4748839378823,130.64899911875833,5.882745278705065,702676600,291.299,1.1106451612903225,3.6,25805.791,28.37,0.09,2.75,1.69,21662.303225806452,102.9659,58.4
2022-05-26,141.6952667236328,142.24714462113738,135.15154372635268,135.397918861849,90601500,146.5951690673828,145.72774666651497,42.48618061465999,142.21091731721606,147.96753168005668,-5.756614362840622,-5.672585399898755,-0.08402896294186757,146.5951690673828,162.49834556749326,130.69199256727237,6.019306550946307,793278100,291.299,1.1248387096774193,3.6,25805.791,27.5,0.09,2.75,1.68,21660.874193548385,102.9659,58.4
2022-05-27,147.47030639648438,147.50971980321964,143.15380903801713,143.28192892561134,90978500,146.21187210083008,145.8937047360359,49.164770585503504,143.02005409864196,147.93070017756986,-4.910646078927897,-5.520197535704583,0.6095514567766864,146.21187210083008,161.63544274777877,130.7883014538814,6.027049972981568,884256600,291.299,1.1390322580645162,3.6,25805.791,25.72,0.09,2.74,1.66,21659.44516129032,102.9659,58.4
2022-05-31,146.68191528320312,148.47553371046925,144.71091395436392,146.9085912630533,103718400,145.77390213012694,145.96877240719465,48.33951907360674,143.58341735780522,147.83819759280198,-4.254780234996758,-5.267114075563019,1.012333840566261,145.77390213012694,160.61057718591175,130.93722707434213,5.966510867735004,780538200,291.299,1.1958064516129032,3.6,25805.791,26.19,0.09,2.85,1.69,21653.729032258063,102.9659,58.4
2022-06-01,146.5537872314453,149.53985256911304,145.53870787317794,147.72652020499015,74286600,145.25473861694337,146.02448810474232,48.19792410198771,144.04039733836524,147.74305608455333,-3.702658746188092,-4.954223009688034,1.251564263499942,145.25473861694337,159.19199947806433,131.3174777558224,5.573719326423368,706251600,295.072,1.21,3.6,25805.791,25.69,0.09,2.94,1.79,21652.3,102.8224,50.0
2022-06-02,149.01756286621094,149.07669050037924,144.73062893844732,145.68656579095972,72348100,144.53697662353517,146.3095428439298,51.160428264981704,144.80611511187996,147.83746399430575,-3.031348882425789,-4.569648184235586,1.538299301809797,144.53697662353517,155.91086914051078,133.16308410655955,5.3421251122394215,778599700,295.072,1.2256666666666667,3.6,25805.791,24.72,0.09,2.92,1.75,21652.04,102.8224,50.0
2022-06-03,143.27207946777344,145.82452236693706,142.36542073655667,144.77002952584698,88570300,143.98706665039063,146.0202606176292,44.735423423881585,144.57010962817125,147.49928736271076,-2.9291777345395076,-4.2415540942963705,1.312376359756863,143.98706665039063,154.4526476316835,133.52148566909776,5.427298049402339,690029400,295.072,1.2413333333333334,3.6,25805.791,24.79,0.09,2.96,1.75,21651.78,102.8224,50.0
2022-06-06,144.02108764648438,146.41586243222446,142.79906122963087,144.89818276511863,71598400,143.43814392089843,145.82986319180588,45.692926888762415,144.48564470791172,147.24164293928658,-2.7559982313748606,-3.944442921712069,1.1884446903372083,143.43814392089843,152.60702762632567,134.26926021547118,5.450527893681744,761627800,295.072,1.2883333333333333,3.6,25805.791,25.07,0.09,3.04,1.78,21651.0,102.8224,50.0
2022-06-07,146.5537872314453,146.83957576238276,142.01062928588593,142.257004413004,67808200,143.27307205200196,145.8988083384382,48.91593053402087,144.80382048076305,147.1906906646317,-2.3868701838686377,-3.6329283741433827,1.246058190274745,143.27307205200196,152.08585227456928,134.46029182943465,5.49769004164147,829436000,295.072,1.304,3.6,25805.791,24.02,0.09,2.98,1.72,21650.739999999998,102.8224,50.0
2022-06-08,145.81468200683594,147.69697680968412,145.32193168448424,146.42568759453718,53950200,142.9503204345703,145.89079630685703,48.02028450474598,144.9593376386204,147.08876409738758,-2.1294264587671705,-3.33222799106814,1.2028015323009695,142.9503204345703,150.84667798158222,135.05396288755838,5.0098667505171175,775485800,295.072,1.3196666666666665,3.6,25805.791,23.96,0.09,3.03,1.75,21650.48,102.8224,50.0
2022-06-09,140.57180786132812,145.80481374848975,140.4634021916062,144.94743302094574,69473000,142.76011810302734,145.3842259787114,42.12774929420157,144.28433305749851,146.60602659842021,-2.3216935409217,-3.1301211010388523,0.8084275601171522,142.76011810302734,150.69313705831064,134.82709914774404,5.035913062100641,706012800,295.072,1.3353333333333333,3.6,25805.791,26.09,0.09,3.04,1.74,21650.22,102.8224,50.0
2022-06-10,135.14170837402344,138.71906549283727,135.07271611079338,138.2460293933542,91437900,142.49255599975587,144.40874811159827,37.05598710755341,142.87777541388698,145.75681784105748,-2.8790424271705035,-3.0799053662651827,0.20086293909467923,142.49255599975587,151.04980178010493,133.9353102194068,4.8592269299672735,614574900,295.072,1.351,3.6,25805.791,27.75,0.09,3.15,1.76,21649.96,102.8224,50.0
2022-06-13,129.96783447265625,133.23968891028474,129.53421176750797,130.94347052169286,122207100,141.7420967102051,143.0334230031276,32.98166018624413,140.89163065369763,144.5872635174722,-3.695632863774563,-3.203050865767059,-0.4925819980075037,141.7420967102051,151.7975885477412,131.68660487266897,4.860634471319536,492367800,295.072,1.398,3.6,25805.791,34.02,0.09,3.43,1.7,21649.18,102.8224,50.0
2022-06-14,130.83506774902344,131.94868835400084,129.57362805380447,131.19971323419813,84784300,141.11236267089845,141.8716748836891,34.2859099383798,139.3444671299016,143.56858234943897,-4.224115219537367,-3.407263736521121,-0.8168514830162463,141.11236267089845,152.19160807251635,130.03311726928055,4.623408435295322,577152100,295.072,1.4136666666666666,3.6,25805.791,32.69,0.09,3.49,1.66,21648.92,102.8224,50.0
2022-06-15,133.46632385253906,135.34863339335774,130.24374808427632,132.34285389788312,91533000,140.4318733215332,141.07116526167482,38.21474512280877,138.44013739492274,142.82026690522417,-4.38012951030143,-3.6018368912771828,-0.778292619024247,140.4318733215332,151.63350441386646,129.23024222919994,4.745187764560441,668685100,295.072,1.4293333333333333,3.6,25805.791,29.62,0.09,3.33,1.59,21648.66,102.8224,50.0
2022-06-16,128.17420959472656,130.47042786825955,127.16899474112004,130.16492507881696,108123900,139.90167312622071,139.84288376958452,33.83345121741415,136.86076388720025,141.73537377111325,-4.874609883912996,-3.856391489804346,-1.0182183941086498,139.90167312622071,152.30551269257117,127.49783355987026,4.688168351462893,560561200,295.072,1.4449999999999998,3.6,25805.791,32.95,0.09,3.28,1.69,21648.4,102.8224,50.0
2022-06-17,129.65249633789062,131.1504619203318,127.92786975836931,128.1841096170733,134520300,139.61637115478516,138.87237068085176,36.039413148684396,135.75179964884492,140.84034581309675,-5.088546164251824,-4.102822424693842,-0.9857237395579821,139.61637115478516,152.67051810823094,126.56222420133939,4.50303542877544,695081500,295.072,1.4606666666666666,3.6,25805.791,31.13,0.09,3.25,1.62,21648.14,102.8224,50.0
2022-06-21,133.8999786376953,135.07272690596213,131.3869638200352,131.48550486996535,81000500,139.5316177368164,138.39880953388447,42.02064315190225,135.46690410866805,140.32624454084478,-4.859340432176737,-4.254126026190421,-0.6052144059863158,139.5316177368164,152.71051143850215,126.35272403513065,4.62129334391588,776082000,295.072,1.5233333333333332,3.6,25805.791,30.19,0.09,3.31,1.61,21647.1,102.8224,50.0
2022-06-22,133.3875274658203,135.76257275465719,131.96840403366457,132.8356344352228,73409200,139.1492431640625,137.92154457502122,41.51621259520913,135.1470000097684,139.81226549825038,-4.665265488481992,-4.336353918648736,-0.32891156983325676,139.1492431640625,152.57296559758848,125.72552073053654,4.606509345705703,702672800,295.072,1.539,3.6,25805.791,28.95,0.09,3.16,1.55,21646.84,102.8224,50.0
2022-06-23,136.2651824951172,136.58053489148253,133.66346131552876,134.83620952437622,72433800,139.04625930786133,137.76379580550656,45.47451654021063,135.31902808443743,139.54951860912942,-4.230490524691987,-4.315181239857386,0.08469071516539906,139.04625930786133,152.5251888208605,125.56732979486215,4.524148335972153,775106600,295.072,1.5546666666666666,3.6,25805.791,29.05,0.09,3.09,1.44,21646.579999999998,102.8224,50.0
2022-06-24,139.60601806640625,139.85239321545572,137.74342254109405,137.87152739306867,89116800,139.1024314880371,137.93924554463987,49.72850678217801,135.97856500474032,139.5537037541129,-3.57513874937257,-4.167172741760423,0.5920339923878526,139.1024314880371,152.5808600838995,125.6240028921747,4.305224663878172,864223400,295.072,1.5703333333333331,3.6,25805.791,27.23,0.09,3.13,1.4,21646.32,102.8224,50.0
2022-06-27,139.60601806640625,141.40948596195392,138.92602024902237,140.63093206993196,70207900,138.9979690551758,138.09798578480812,49.72850678217801,136.53663470653507,139.55757888835683,-3.0209441818217613,-3.9379270297726907,0.9169828479509294,138.9979690551758,152.42669009594647,125.56924801440509,4.224272128902312,864223400,295.072,1.6173333333333333,3.6,25805.791,26.95,0.09,3.2,1.41,21645.54,102.8224,50.0
2022-06-28,135.4472198486328,141.34050987783795,135.32896457557,140.06922057977073,67083400,138.3968147277832,137.84553188612477,44.69429824449652,136.36903242070395,139.25310784837728,-2.884075427673338,-3.7271567093528204,0.8430812816794826,138.3968147277832,151.3216151776948,125.47201427787161,4.308743473600247,797140000,295.072,1.633,3.6,25805.791,28.36,0.09,3.2,1.41,21645.28,102.8224,50.0
2022-06-29,137.21127319335938,138.63039676191534,134.68839353261495,135.4669475914292,66242400,137.92328262329102,137.7851262963376,47.13880535658762,136.4986079241894,139.10186083689447,-2.6032529127050736,-3.5023759500232714,0.8991230373181978,137.92328262329102,150.28071194970767,125.56585329687437,4.420669052464569,863382400,295.072,1.6486666666666667,3.6,25805.791,28.16,0.09,3.1,1.32,21645.02,102.8224,50.0
2022-06-30,134.73765563964844,136.36372576433453,131.8304316095035,135.25996980273172,98964500,137.33247604370118,137.49489099570056,44.18933276123641,136.22769218810618,138.77858637783922,-2.550894189733043,-3.312079597965226,0.761185408232183,137.33247604370118,149.09862969716607,125.56632239023628,4.422780607366436,764417900,295.072,1.6643333333333332,3.6,25805.791,28.71,0.09,2.98,1.26,21644.76,102.8224,50.0
2022-07-01,136.9156036376953,137.02400931509246,133.69302720857007,134.06750724522163,71051600,136.72737808227538,137.43972077112863,47.31506571441423,136.33352471881219,138.6405876563471,-2.3070629375349085,-3.111076265879163,0.8040133283442543,136.72737808227538,147.20136029230036,126.25339587225038,4.267915632794124,835469500,294.94,1.68,3.5,26272.011,26.7,0.09,2.88,1.15,21644.5,103.0505,51.5
2022-07-05,139.50747680664062,139.5567548491927,134.94460374967946,135.77243576693132,73353800,136.53914794921874,137.63664991736786,50.843382501239624,136.82182504001656,138.70480166747993,-1.8829766274633641,-2.865456338196003,0.9824797107326391,136.53914794921874,146.66543786914175,126.41285802929575,4.196819525151109,908823300,294.94,1.7638709677419355,3.5,26272.011,27.54,0.09,2.82,0.92,21642.190322580645,103.0505,51.5
2022-07-06,140.84774780273438,142.03034554759492,139.03443025811183,139.30051963790794,74064300,136.38048095703124,137.94246876359324,52.610740805591334,137.44119777274238,138.86353841823953,-1.422340645497144,-2.5768331996562317,1.1544925541590878,136.38048095703124,146.12511891323743,126.63584300082505,4.241166310100161,982887600,294.94,1.7848387096774192,3.5,26272.011,26.73,0.09,2.93,1.03,21641.612903225807,103.0505,51.5
2022-07-07,144.22801208496094,144.42510918824107,141.20251816632623,141.21236775834944,66253700,136.26419219970703,138.54109193705682,56.826736977557786,138.48532305154524,139.26090683799669,-0.775583786451449,-2.216583317015275,1.440999530563826,136.26419219970703,145.56587986632826,126.9625045330858,4.132057458416251,1049141300,294.94,1.805806451612903,3.5,26272.011,26.08,0.09,3.01,1.06,21641.035483870968,103.0505,51.5
2022-07-08,144.9080352783203,145.41065032513728,142.89762020370028,143.1538450057202,64547800,136.21885986328124,139.14746749336763,57.64313482502429,139.47343262489525,139.67921264839103,-0.20578002349577673,-1.8144226583113752,1.6086426348155984,136.21885986328124,145.341031035036,127.09668869152648,3.86175038770325,1113689100,294.94,1.826774193548387,3.5,26272.011,24.64,0.09,3.09,1.11,21640.45806451613,103.0505,51.5
2022-07-11,142.76947021484375,144.51381052529135,141.6952781464939,143.5578737194986,63141600,136.32874298095703,139.4924201335082,54.17369873918698,139.98051533104118,139.90812061627642,0.07239471476475501,-1.4370591836961493,1.5094538984609043,136.32874298095703,145.7073450958488,126.95014086606527,3.8610478855506734,1050547500,294.94,1.8896774193548387,3.5,26272.011,26.17,0.09,2.99,0.81,21638.725806451614,103.0505,51.5
2022-07-12,143.74513244628906,146.29757564571045,142.946879286725,143.6465763614465,77588800,136.7589141845703,139.89744035377305,55.48992730761745,140.55968719492546,140.19234371479587,0.36734348012959117,-1.0761786509310012,1.4435221310605924,136.7589141845703,146.65521373947792,126.86261462966269,3.725896090036045,1128136300,294.94,1.9106451612903226,3.5,26272.011,27.29,0.09,2.96,0.74,21638.148387096775,103.0505,51.5
2022-07-13,143.3804931640625,144.32656535504097,140.05934579014044,140.91674157030096,71185600,137.42954711914064,140.22915966903872,54.85578376512355,140.99365734402346,140.42850293326006,0.5651544107633981,-0.7479120385921213,1.3130664493555195,137.42954711914064,147.2113189246142,127.64777531366707,3.7596854360294674,1056950700,294.94,1.9316129032258065,3.5,26272.011,26.82,0.09,2.91,0.52,21637.570967741936,103.0505,51.5
2022-07-14,146.31729125976562,146.79032738889836,141.17297636311127,141.99094375492155,78140700,138.20365829467772,140.80898172529842,58.92700848000426,141.81267794644532,140.8647094759642,0.9479684704811291,-0.4087359367774712,1.3567044072586003,138.20365829467772,148.2229913441003,128.18432524525514,3.9328528360383865,1135091400,294.94,1.9525806451612904,3.5,26272.011,26.4,0.09,2.96,0.56,21636.993548387098,103.0505,51.5
2022-07-15,147.99266052246094,148.67265851350987,146.0512226491225,147.60831579328757,76259900,138.92997512817382,141.49314161074247,61.083171222132336,142.76344449660155,141.39270584977876,1.3707386468227867,-0.05284102005741964,1.4235796668802063,138.92997512817382,149.55792580478806,128.3020244515596,3.8638689177561605,1211351300,294.94,1.9735483870967743,3.5,26272.011,24.23,0.09,2.93,0.56,21636.41612903226,103.0505,51.5
2022-07-18,144.93760681152344,149.37236031781808,144.57296129769512,148.5543928665957,81420900,139.76814498901368,141.82118591557875,55.374583674558785,143.09793100658953,141.6552911062043,1.4426399003852453,0.24625516403111333,1.196384736354132,139.76814498901368,149.4750626237997,130.06122735422767,4.02929272541269,1129930400,294.94,2.036451612903226,3.5,26272.011,25.3,0.09,2.96,0.46,21634.68387096774,103.0505,51.5
2022-07-19,148.81056213378906,149.03722301791794,144.7798690598378,145.77521906191922,82982400,140.7260482788086,142.48684079350355,60.424063184941815,143.976797333851,142.18531118232167,1.791486151529341,0.5553013615307589,1.236184789998582,140.7260482788086,150.02345260235768,131.42864395525953,3.90399334368499,1212912800,294.94,2.05741935483871,3.5,26272.011,24.5,0.09,3.01,0.49,21634.1064516129,103.0505,51.5
2022-07-20,150.82101440429688,151.49116267268522,148.18972944635095,148.9288549414216,64823400,141.57210006713868,143.2805716135791,62.778536343314656,145.0297538062273,142.82499290246798,2.2047609037593077,0.8851932699764686,1.319567633782839,141.57210006713868,151.30046763355423,131.84373250072312,3.8582383434731247,1277736200,294.94,2.0783870967741938,3.5,26272.011,23.88,0.09,3.04,0.53,21633.529032258062,103.0505,51.5
2022-07-21,153.09751892089844,153.3143302483906,149.73695838231532,152.25983742490192,65086600,142.55759963989257,144.21551897618093,65.29620699056234,146.27094843925363,143.58592075568507,2.6850276835685634,1.2451601526948877,1.4398675308736757,142.55759963989257,152.75200536525787,132.36319391452727,3.729419077917368,1342822800,294.94,2.0993548387096777,3.5,26272.011,23.11,0.09,2.91,0.43,21632.951612903224,103.0505,51.5
2022-07-22,151.8557891845703,154.01403798046638,151.18565597102892,153.13694301712763,66675400,143.33712997436524,144.9431637579323,62.800951929481876,147.1301547077639,144.19850360226917,2.9316511054947227,1.5824583432548547,1.349192762239868,143.33712997436524,153.86649847304,132.80776147569048,3.693519070982731,1276147400,294.94,2.120322580645161,3.5,26272.011,23.03,0.09,2.77,0.28,21632.374193548385,103.0505,51.5
2022-07-25,150.73233032226562,152.7920231935369,150.07204665223094,151.7769586670234,53623900,143.8934455871582,145.49451295453548,60.54655089319958,147.68433557153338,144.68249076671333,3.0018448048200526,1.8663356355678944,1.1355091692521582,143.8934455871582,154.746242975846,133.0406481984704,3.558363745396495,1222523500,294.94,2.183225806451613,3.5,26272.011,23.36,0.09,2.81,0.19,21630.64193548387,103.0505,51.5
2022-07-26,149.4019317626953,150.8703183745743,148.61352809160934,150.05235088160816,55138700,144.38324127197265,145.86664807912214,57.896077992753,147.94858113940444,145.03207898863792,2.9165021507665188,2.0763689386076196,0.8401332121588991,144.38324127197265,155.30184415643237,133.46463838751293,3.505569102073772,1167384800,294.94,2.2041935483870967,3.5,26272.011,24.69,0.09,2.81,0.26,21630.06451612903,103.0505,51.5
2022-07-27,154.51661682128906,155.04879551246128,149.95375973055502,150.36766813616438,78620700,145.33671112060546,146.6904546259952,64.3561880641023,148.9590481673867,145.7346373466121,3.224410820774608,2.3059773150410177,0.9184335057335904,145.33671112060546,156.29782576139547,134.37559647981544,3.6533906995208634,1246005500,294.94,2.2251612903225806,3.5,26272.011,23.24,0.09,2.78,0.34,21629.48709677419,103.0505,51.5
2022-07-28,155.0685272216797,155.35431578247076,152.17115301810267,154.70388176992367,81378700,146.22957382202148,147.48836630177468,64.98058479341924,149.8989680218933,146.4260365966171,3.4729314252761867,2.5393681370880516,0.933563288188135,146.22957382202148,157.30632061777962,135.15282702626334,3.7012573168730847,1327384200,294.94,2.2461290322580645,3.5,26272.011,22.33,0.09,2.68,0.26,21628.909677419353,103.0505,51.5
2022-07-29,160.15370178222656,161.25747271207914,157.18735030288008,158.90212681060993,101786900,147.5003761291504,148.6945887284844,70.16626849586962,151.47661936963686,147.44290068444005,4.033718685196817,2.8382382467098046,1.1954804384870124,147.5003761291504,158.84048180548695,136.16027045281385,3.9138421996283017,1429171100,294.94,2.2670967741935484,3.5,26272.011,21.33,0.09,2.67,0.26,21628.332258064514,103.0505,51.5
2022-08-01,159.168212890625,161.2180561543135,158.55720726769144,158.6754625398599,67829400,148.61300659179688,149.69207674392638,68.0627930246172,152.65994144978887,148.31144232934264,4.348499120446235,3.140290421457091,1.2082086989891438,148.61300659179688,159.94730903015417,137.27870415343958,3.8518953036108274,1361341700,295.162,2.33,3.6,26272.011,22.84,0.09,2.6,0.04,21626.6,103.1703,58.2
2022-08-02,157.68997192382812,160.0551827813026,157.31549185882793,157.77867842117527,59907000,149.52213134765626,150.45378104677417,64.91896457728852,153.43379229194875,149.00614822523045,4.427644066718301,3.397761150509333,1.029882916208968,149.52213134765626,160.704997969028,138.3392647262845,3.742786114866123,1301434700,295.162,2.3374193548387097,3.6,26272.011,23.93,0.09,2.75,0.19,21622.767741935484,103.1703,58.2
2022-08-03,163.7212371826172,164.17455908657996,158.41923856963987,158.50793002421338,82507500,150.6658058166504,151.71734829780684,70.83758442398167,155.01647612128238,150.0961548146665,4.920321306615875,3.7022731817306416,1.2180481248852337,150.6658058166504,162.71148869612523,138.62012293717555,3.8047315532207477,1383942200,295.162,2.3448387096774193,3.6,26272.011,21.95,0.09,2.73,0.21,21618.935483870966,103.1703,58.2
2022-08-04,163.40586853027344,164.76586430720064,162.04587275334626,163.60296566260632,55474100,151.62469863891602,152.8305407008989,70.17093108556229,156.30715187651177,151.0820595343411,5.2250923421706545,4.006837013818645,1.2182553283520097,151.62469863891602,164.4930076271846,138.75638965064744,3.811771245325535,1328468100,295.162,2.3522580645161293,3.6,26272.011,21.44,0.09,2.68,0.18,21615.10322580645,103.1703,58.2
2022-08-05,163.1788787841797,163.67231353700947,160.85972942250632,161.0669786444056,56697000,152.538240814209,153.8160967088304,69.6627606485286,157.3643406315376,151.97812021951432,5.3862204120232775,4.282713693459572,1.1035067185637057,152.538240814209,165.9521232283098,139.12435840010818,3.66985589492412,1271771100,295.162,2.359677419354839,3.6,26272.011,21.15,0.09,2.83,0.25,21611.270967741933,103.1703,58.2
2022-08-08,162.7051544189453,165.6065528867567,162.0439537228382,164.18545853040564,60276900,153.53502502441407,154.66267363360325,68.5470663930807,158.1860042911388,152.7727153453981,5.413288945740703,4.508828743915799,0.9044602018249046,153.53502502441407,166.859640479169,140.21040956965913,3.620230552484003,1211494200,295.162,2.3819354838709677,3.6,26272.011,21.29,0.09,2.77,0.12,21599.774193548386,103.1703,58.2
2022-08-09,162.75454711914062,163.64273887329983,161.10647654738344,161.8663704234178,63135500,154.48549575805663,155.43332825127348,68.60352720330063,158.88885703390832,153.51211029160123,5.376746742307091,4.6824123435940574,0.6943343987130337,154.48549575805663,167.59134623590933,141.37964528020393,3.5655754881684407,1274629700,295.162,2.3893548387096777,3.6,26272.011,21.77,0.09,2.8,0.13,21595.94193548387,103.1703,58.2
2022-08-10,167.017822265625,167.11650019395563,164.7085358778416,165.4782929876242,70170500,155.66736221313477,156.53661339549743,73.09318745706831,160.13946706955704,154.5125334007882,5.6269336687688565,4.871316608629018,0.7556170601398389,155.66736221313477,168.81740816336665,142.51731626290288,3.6216170030784207,1344800200,295.162,2.3967741935483873,3.6,26272.011,19.74,0.09,2.78,0.13,21592.109677419354,103.1703,58.2
2022-08-11,166.27767944335938,168.74485366768013,165.9816155247536,167.82705702584587,57149200,156.66538162231444,157.46433397148428,71.18988519921989,161.0838074347574,155.3840257002379,5.69978173451949,5.037009633807112,0.6627721007123784,156.66538162231444,169.85517079831732,143.47559244631157,3.616963869756211,1287651000,295.162,2.404193548387097,3.6,26272.011,20.2,0.09,2.87,0.25,21588.277419354836,103.1703,58.2
2022-08-12,169.8402862548828,169.90935930547295,167.17572594186316,167.59022447915197,68039400,157.75776290893555,158.6429960937127,74.61618110828178,162.430958022469,156.45485981539682,5.976098207072198,5.2248273484601295,0.7512708586120684,157.75776290893555,171.50075221862525,144.01477359924584,3.682085535528184,1355690400,295.162,2.4116129032258065,3.6,26272.011,19.53,0.09,2.84,0.21,21584.44516129032,103.1703,58.2
2022-08-15,170.91595458984375,171.11332550526615,169.10011807446065,169.26788410549148,54091700,159.05668029785156,159.8118492838204,75.56123025052901,163.73634210975743,157.5260520209114,6.210290088846023,5.421919896537308,0.7883701923087143,159.05668029785156,172.616817864382,145.4965427313211,3.6646867603739355,1409782100,295.162,2.4338709677419357,3.6,26272.011,19.95,0.09,2.79,0.07,21572.948387096774,103.1703,58.2
2022-08-16,170.758056640625,171.4291358420734,169.40605002056787,170.5113392247935,56377100,160.15405502319337,160.8543452225637,75.11911987084704,164.81660588373705,158.50620051126054,6.3104053724765095,5.599616991725148,0.7107883807513611,160.15405502319337,173.77199392188905,146.53611612449768,3.405845479783904,1353405000,295.162,2.4412903225806453,3.6,26272.011,19.69,0.09,2.82,0.12,21569.116129032256,103.1703,58.2
2022-08-17,172.25808715820312,173.83706944158646,170.3040896179902,170.50146052110878,79542000,161.22590866088868,161.9404158831008,76.52438099582957,165.96144915673182,159.52485878140445,6.43659037532737,5.767011668445592,0.6695787068817776,161.22590866088868,175.1087458461444,147.34307147563297,3.4308324125859166,1432947000,295.162,2.448709677419355,3.6,26272.011,19.9,0.09,2.89,0.21,21565.28387096774,103.1703,58.2
2022-08-18,171.8633270263672,172.60347919281742,170.84685258911696,171.46858522763415,62290100,162.1641990661621,162.88545503960233,75.31875583018254,166.86943036744495,160.43881939214242,6.430610975302528,5.899731529816981,0.5308794454855477,162.1641990661621,176.25775797501163,148.07064015731257,3.1142382063931313,1370656900,295.162,2.4561290322580644,3.6,26272.011,19.56,0.09,2.88,0.17,21561.451612903224,103.1703,58.2
2022-08-19,169.26788330078125,171.4587350859564,169.06063405258988,170.758051022337,70346300,163.03480377197266,163.4933053501908,67.76002231138366,167.23842312641978,161.0928241261157,6.145599000304088,5.948905023914402,0.19669397638968622,163.03480377197266,176.6155399665148,149.45406757743052,3.12436992690422,1300310600,295.162,2.4635483870967745,3.6,26272.011,20.6,0.09,2.98,0.24,21557.61935483871,103.1703,58.2
2022-08-22,165.36973571777344,167.62966033417896,164.94537398602955,167.4618943197239,69026800,163.76667404174805,163.6720130042463,58.297120289586964,166.9509327558588,161.4096323921644,5.541300363694376,5.867384091870397,-0.3260837281760214,163.76667404174805,176.1406010683947,151.3927470151014,3.237428383495437,1231283800,295.162,2.4858064516129033,3.6,26272.011,23.8,0.09,3.03,0.21,21546.122580645162,103.1703,58.2
2022-08-23,165.03421020507812,166.494788154392,164.46182399117447,164.88618577839446,54147100,164.54828796386718,163.80174607099218,57.55210705775157,166.656052363431,161.6781196375654,4.9779327258656,5.689493818669438,-0.7115610928038381,164.54828796386718,175.0231413854727,154.07343454226165,2.9194553121001303,1177136700,295.162,2.493225806451613,3.6,26272.011,24.11,0.09,3.05,0.25,21542.290322580644,103.1703,58.2
2022-08-24,165.33026123046875,165.90264739975865,164.06706935977206,165.12302704926418,53841500,165.08897018432617,163.94731894332327,58.06138709195019,166.4520844968214,161.94864864444713,4.503435852374281,5.452282225410406,-0.9488463730361252,165.08897018432617,174.49899762346826,155.6789427451841,2.8562829182524303,1230978200,295.162,2.5006451612903224,3.6,26272.011,22.82,0.09,3.11,0.29,21538.45806451613,103.1703,58.2
2022-08-25,167.79742431640625,167.9059805666135,166.13949074062336,166.56383740879377,51218200,165.7254150390625,164.31399564552166,62.138174245352936,166.65905985368062,162.38189128681447,4.277168566866152,5.2172594937015555,-0.9400909268354036,165.7254150390625,173.99062269020536,157.46020738791967,2.839364005512544,1282196400,295.162,2.5080645161290325,3.6,26272.011,21.78,0.09,3.03,0.15,21534.62580645161,103.1703,58.2
2022-08-26,161.4716033935547,168.80405254539968,161.4123936253421,168.3303593412636,78961000,165.79131011962892,164.0432916215248,48.98881410645384,165.86098962904583,162.3144625539804,3.546527075065427,4.8831130099743305,-1.3365859349089035,165.79131011962892,173.89726310800418,157.68535713125365,3.112868273808193,1203235400,295.162,2.515483870967742,3.6,26272.011,25.56,0.09,3.04,0.15,21530.793548387097,103.1703,58.2
2022-08-29,159.26100158691406,160.7610323552504,157.72148760663381,159.03401076431982,73314000,165.79594955444335,163.58783542775234,45.37519058554933,164.84560685333327,162.08828026012364,2.7573265932096263,4.45795572662139,-1.7006291334117636,165.79594955444335,173.88682653273503,157.70507257615168,3.19957209245137,1129921400,295.162,2.537741935483871,3.6,26272.011,26.21,0.09,3.12,0.15,21519.296774193546,103.1703,58.2
2022-08-30,156.82345581054688,160.42552392043874,155.64907854678992,160.00117720950024,77906200,165.75262374877929,162.9436087975423,41.720718103533706,163.61142976982768,161.69829326385872,1.9131365059689642,3.9489918824909047,-2.0358553765219405,165.75262374877929,174.02393174107107,157.4813157564875,3.2291786852252136,1052015200,295.162,2.545161290322581,3.6,26272.011,26.21,0.09,3.11,0.14,21515.464516129032,103.1703,58.2
2022-08-31,155.15562438964844,158.47150652042689,155.07667302243541,158.2050475383872,87991100,165.32434310913087,162.2018959967905,39.3834727914945,162.31053663441548,161.21365112502835,1.0968855093871355,3.378570607870151,-2.2816850984830155,165.32434310913087,174.77499448802573,155.873691730236,3.274292639158424,964024100,295.162,2.5525806451612905,3.6,26272.011,25.87,0.09,3.15,0.19,21511.632258064514,103.1703,58.2
2022-09-01,155.88592529296875,156.3398768664933,152.6391159459931,154.58325022090398,74229900,164.94834594726564,161.60037497737892,40.943578478128515,161.3221348895775,160.81900476709802,0.5031301224794902,2.8034825107920187,-2.3003523883125285,164.94834594726564,175.23571457364577,154.6609773208855,3.2792270004717556,1038254000,296.421,2.56,3.5,26272.011,25.56,0.09,3.26,0.29,21507.8,103.5326,58.6
2022-09-02,153.76414489746094,158.2544044411162,152.93517807481416,157.65241340262483,76957800,164.47760925292968,160.85406735072004,37.89220007528445,160.15936719848264,160.2964225545323,-0.13705535604967167,2.2153749374236806,-2.3524302934733523,164.47760925292968,175.8501485001557,153.10507000570365,3.515371210150081,961296200,296.421,2.5773333333333333,3.5,26272.011,25.47,0.09,3.2,0.26,21505.31333333333,103.5326,58.6
2022-09-06,152.5009765625,155.0273606352828,151.67200961207504,154.4155062278411,73714800,163.96740036010743,160.05853489469908,36.1642347187294,158.9811532544853,159.71898211067807,-0.7378288561927775,1.6247341787003893,-2.3625630348931668,163.96740036010743,176.47152061564836,151.4632801045665,3.6105330102716686,887581400,296.421,2.6466666666666665,3.5,26272.011,26.91,0.09,3.33,0.29,21495.366666666665,103.5326,58.6
2022-09-07,153.91220092773438,154.61286996329966,151.59305117128892,152.78717010211398,87449600,163.5252830505371,159.47316975498813,39.484489638680074,158.20131443498514,159.28885017120075,-1.0875357362156137,1.0822801957171888,-2.1698159319328028,163.5252830505371,176.77286234003287,150.27770376104132,3.5738786508727025,975031000,296.421,2.664,3.5,26272.011,24.64,0.09,3.27,0.2,21492.88,103.5326,58.6
2022-09-08,152.431884765625,154.30693097885487,150.6752430270464,152.60951406525444,84923800,162.7959861755371,158.8025711845726,37.29329377177298,157.3137098704682,158.78092680782476,-1.467216937356568,0.5723807691024375,-2.0395977064590056,162.7959861755371,176.77969070515633,148.8122816459179,3.7078116043089886,890107200,296.421,2.6813333333333333,3.5,26272.011,23.61,0.09,3.29,0.23,21490.393333333333,103.5326,58.6
2022-09-09,155.30364990234375,155.74775322839724,152.71805660596894,153.42860385753409,68028800,162.24728469848634,158.4693405862651,43.80818074570673,157.00446987537214,158.52335074075208,-1.5188808653799413,0.15412844220596178,-1.673009307585903,162.24728469848634,176.50008379522188,147.9944856017508,3.744466996380055,958136000,296.421,2.6986666666666665,3.5,26272.011,22.79,0.09,3.33,0.25,21487.906666666666,103.5326,58.6
2022-09-12,161.28408813476562,162.10319169268726,157.20832701154205,157.49451256385936,104956000,161.81947479248046,158.73741178136038,54.426862375597224,157.6628726845096,158.7278498069753,-1.0649771224657059,-0.08969267072837175,-0.9752844517373341,161.81947479248046,175.6421015987783,147.99684798618262,3.921397887493756,1063092000,296.421,2.7506666666666666,3.5,26272.011,23.87,0.09,3.37,0.2,21480.446666666667,103.5326,58.6
2022-09-13,151.82000732421875,158.4320302699307,151.35617743298022,157.80043436290458,122656600,160.86467742919922,158.0786113568707,41.16843581293154,156.76397032138792,158.21615777121556,-1.4521874498276475,-0.3621916265482269,-1.0899958232794207,160.86467742919922,174.68014487679102,147.04920998160742,4.4853226402486035,940435400,296.421,2.7680000000000002,3.5,26272.011,27.27,0.09,3.42,0.14,21477.96,103.5326,58.6
2022-09-14,153.27073669433594,155.03724195917457,151.59306115038453,152.75756021389577,87965400,159.99031143188478,157.6207185318674,43.4427961136783,156.22654976337992,157.84983028403929,-1.623280520659364,-0.6144094053704543,-1.0088711152889096,159.99031143188478,173.39802838665156,146.582594477118,4.6002228380202785,1028400800,296.421,2.7853333333333334,3.5,26272.011,26.16,0.09,3.41,0.17,21475.47333333333,103.5326,58.6
2022-09-15,150.36932373046875,153.2016498653033,149.39233241450626,152.61938532747467,90481100,158.89587326049804,156.93010950316278,40.103613262498364,155.32543806600899,157.29571868747848,-1.9702806214694988,-0.8855836485902633,-1.0846969728792355,158.89587326049804,171.67823262452393,146.11351389647214,4.693271762569203,937919700,296.421,2.8026666666666666,3.5,26272.011,26.27,0.09,3.45,0.23,21472.986666666668,103.5326,58.6
2022-09-16,148.72122192382812,149.36269609630034,146.42181431655243,149.2245349767334,162278800,157.7387680053711,156.14831068608328,38.30262793450558,154.30940481336577,156.66057077905992,-2.3511659656941504,-1.1787001120110407,-1.1724658536831096,157.7387680053711,169.7847995160348,145.6927364947074,4.447261083559113,775640900,296.421,2.8200000000000003,3.5,26272.011,26.3,0.09,3.45,0.25,21470.5,103.5326,58.6
2022-09-19,152.45159912109375,152.53055048964774,147.14225134713436,147.34948551345897,81474200,156.89795379638673,155.79624291798905,44.39003935382077,154.02358855301622,156.3487951006921,-2.3252065476758617,-1.408001399144005,-0.9172051485318566,156.89795379638673,167.9109339599477,145.88497363282576,4.564274180387149,857115100,296.421,2.872,3.5,26272.011,25.76,0.09,3.49,0.12,21463.04,103.5326,58.6
2022-09-20,154.83984375,156.0043577800845,151.07000947628035,151.38579993733708,107689800,156.37145919799804,155.70515728294245,47.93202976995301,154.1491662756291,156.23702092656674,-2.0878546509376292,-1.54397204950273,-0.5438826014348992,156.37145919799804,166.69957090548644,146.04334749050963,4.575552961112529,964804900,296.421,2.8893333333333335,3.5,26272.011,27.16,0.09,3.57,0.22,21460.553333333333,103.5326,58.6
2022-09-21,151.70159912109375,156.6556888275703,151.5831795854477,155.27406232514645,101696800,155.70482864379883,155.32386602943308,43.96894378513699,153.77261748262367,155.90106375579097,-2.128446273167299,-1.660866894235644,-0.4675793789316549,155.70482864379883,165.41282400250356,145.9968332850941,4.69538694283618,863108100,296.421,2.9066666666666667,3.5,26272.011,27.99,0.09,3.51,0.2,21458.066666666666,103.5326,58.6
2022-09-22,150.73446655273438,152.44174672656402,148.92849339656019,150.37919289810281,86652500,154.97503890991212,154.88678036498558,42.79463871329318,153.3052096472561,155.51835285186087,-2.213143204604762,-1.7713221563094677,-0.44182104829529445,154.97503890991212,163.83652360656657,146.11355421325766,4.68199354351501,776455600,296.421,2.924,3.5,26272.011,27.35,0.09,3.7,0.41,21455.58,103.5326,58.6
2022-09-23,148.4547882080078,149.48114103515752,146.60934685596038,149.20481874902532,96029900,154.00790710449218,154.27420968336864,40.0775236440638,152.55899096429482,154.9951258412051,-2.4361348769102733,-1.9042847004296288,-0.5318501764806445,154.00790710449218,161.10752368945128,146.90829051953307,4.596700209977292,680425700,296.421,2.9413333333333336,3.5,26272.011,29.92,0.09,3.69,0.45,21453.093333333334,103.5326,58.6
2022-09-26,148.7903289794922,151.750937683408,147.67516154898482,147.69490315670595,93339400,153.37384338378905,153.7519353306185,40.67458077679074,151.97919681278674,154.535511258856,-2.5563144460692513,-2.0346906495575534,-0.5216237965116979,153.37384338378905,159.93887805885385,146.80880870872426,4.64815914649268,773765100,296.421,2.993333333333333,3.5,26272.011,32.26,0.09,3.88,0.49,21445.633333333335,103.5326,58.6
2022-09-27,149.76731872558594,152.68845924345578,147.98108723466274,150.7344617346572,84442700,152.89915924072267,153.3724480349011,42.471941495557935,151.6389078762943,154.1823118119471,-2.5434039356528046,-2.1364333067766035,-0.40697062887620117,152.89915924072267,159.05286201404627,146.74545646739907,4.7686986619771305,858207800,296.421,3.010666666666667,3.5,26272.011,32.6,0.09,3.97,0.62,21443.146666666667,103.5326,58.6
2022-09-28,147.87252807617188,148.6620267188795,142.93818038229188,145.7014181025515,146691400,152.4516128540039,152.84864613406975,39.944356493323006,151.0594648301216,153.71492042411188,-2.6554555939902684,-2.2402377642193367,-0.4152178297709317,152.4516128540039,158.69983261715657,146.20339309085125,4.997087975654673,711516400,296.421,3.028,3.5,26272.011,30.18,0.09,3.72,0.32,21440.66,103.5326,58.6
2022-09-29,140.6091766357422,144.79350916804302,138.83280834097133,144.18165483368003,128138200,151.7242904663086,151.6829823723243,32.06638846660364,149.45172818483246,152.74412458793637,-3.2923964031039077,-2.4506694919962513,-0.8417269111076564,151.7242904663086,159.69364315180454,143.75493778081264,5.405934495113838,583378200,296.421,3.0453333333333337,3.5,26272.011,31.84,0.09,3.76,0.4,21438.173333333332,103.5326,58.6
2022-09-30,136.38539123535156,141.22106186093816,136.18802030456854,139.42495175640798,124925300,150.74926376342773,150.22606893070784,28.5412134163098,147.44152250029694,151.53236656181898,-4.090844061522034,-2.778704405901408,-1.3121396556206264,150.74926376342773,160.9129441488933,140.58558337796217,5.279755906972846,458452900,296.421,3.062666666666667,3.5,26272.011,31.62,0.09,3.83,0.5,21435.68666666667,103.5326,58.6
2022-10-03,140.57955932617188,141.19142866488522,135.88206585827712,136.39524222216883,114311700,150.09003448486328,149.30735373027582,36.058206060745725,146.38583585812387,150.7210475073266,-4.3352116492027335,-3.0900058545616735,-1.24520579464106,150.09003448486328,161.06403749328237,139.1160314764442,4.949859628745896,572764600,297.979,3.1251612903225805,3.6,26734.277,30.1,0.09,3.67,0.21,21428.92258064516,103.4442,59.9
2022-10-04,144.181640625,144.30006014683647,142.36578929238382,143.12568302717952,87830100,149.67406768798827,148.81919057739242,41.7276847089988,146.04672889918174,150.23664699752462,-4.189918098342872,-3.3099883033179136,-0.8799297950249585,149.67406768798827,160.87924166185823,138.4688937141183,4.969596772451221,660594700,297.979,3.147741935483871,3.6,26734.277,29.07,0.09,3.62,0.17,21426.78387096774,103.4442,59.9
2022-10-05,144.4777069091797,145.44484998263232,141.13221948664446,142.17831393701783,79471000,149.20234298706055,148.40571594232455,42.181464883216826,145.8053409007199,149.8100588428324,-4.0047179421125065,-3.4489342310768327,-0.5557837110356738,149.20234298706055,160.44840476032022,137.95628121380088,5.000612930748234,740065700,297.979,3.1703225806451614,3.6,26734.277,28.55,0.09,3.76,0.3,21424.645161290322,103.4442,59.9
2022-10-06,143.5204315185547,145.60272687269935,143.31319734564778,143.8954467664891,68402200,148.75677032470702,147.94045075910836,41.06789291704581,145.4538163803868,149.34416052251555,-3.890344142128754,-3.537216213287217,-0.35312792884153676,148.75677032470702,160.160743359817,137.35279728959705,4.882185795972181,671663500,297.979,3.1929032258064516,3.6,26734.277,30.52,0.09,3.83,0.37,21422.506451612902,103.4442,59.9
2022-10-07,138.2505340576172,141.22102066261786,137.61893822830447,140.6683611358409,85925600,147.90411453247071,147.01760154944253,35.51014293719035,144.34561909996071,148.52241041400455,-4.1767913140438395,-3.665131233438542,-0.5116600806052976,147.90411453247071,159.76355748079456,136.04467158414687,4.918842520810527,585737900,297.979,3.215483870967742,3.6,26734.277,31.36,0.09,3.89,0.44,21420.367741935486,103.4442,59.9
2022-10-10,138.57620239257812,140.02690164719857,136.75050299743356,138.57620239257812,74899000,146.76872024536132,146.2136587725983,36.08578444221093,143.45801652959415,147.78565426426925,-4.327637734675108,-3.797632533685855,-0.5300052009892524,146.76872024536132,157.58940213487446,135.94803835584818,4.800417545522017,660636900,297.979,3.283225806451613,3.6,26734.277,32.45,0.09,3.92,0.305,21413.951612903227,103.4442,59.9
2022-10-11,137.15513610839844,139.49402735669463,136.40512061529776,138.063054355342,77033700,146.0354766845703,145.35094232838878,34.63308634875203,142.48834261864096,146.99820847494547,-4.509865856304515,-3.9400791982095873,-0.5697866580949276,146.0354766845703,157.3632157280582,134.70773764108242,4.658731652613038,583603200,297.979,3.305806451612903,3.6,26734.277,33.63,0.09,3.93,0.26,21411.812903225808,103.4442,59.9
2022-10-12,136.52352905273438,138.51700974724292,136.3458997629281,137.30316442493086,70433700,145.19811630249023,144.51023630213598,33.97836128529093,141.57067899311687,146.22230629552243,-4.651627302405558,-4.082388819048782,-0.5692384833567763,145.19811630249023,156.73668702281032,133.65954558217015,4.562864270778109,513169500,297.979,3.3283870967741933,3.6,26734.277,33.57,0.09,3.91,0.21,21409.674193548388,103.4442,59.9
2022-10-13,141.1124725341797,141.70458518782445,132.60564736672077,133.2175166847836,113224000,144.7352737426758,144.1866397528068,42.48570519068345,141.50018569174193,145.84380009097853,-4.3436143992366,-4.134633935086345,-0.20898046415025462,144.7352737426758,156.14894716865035,133.32160031670122,4.918136993944515,626393500,297.979,3.350967741935484,3.6,26734.277,31.94,0.09,3.97,0.18,21407.535483870968,103.4442,59.9
2022-10-14,136.56300354003906,142.62238154840435,136.37549592938134,142.41513233177395,88598000,144.12736282348632,143.46057916111465,37.34759915472672,140.74061920686455,145.15633367979783,-4.415714472933274,-4.190850042655731,-0.22486443027754355,144.12736282348632,155.91605918078278,132.33866646618986,5.073216242844501,537795500,297.979,3.373548387096774,3.6,26734.277,32.02,0.09,4.0,0.19,21405.39677419355,103.4442,59.9
2022-10-17,140.54010009765625,141.02365655306738,138.4281998048671,139.21769847828358,85250900,143.53178787231445,143.18243829792814,43.75172091013943,140.7097701131402,144.81439045149105,-4.1046203383508555,-4.173604101794756,0.06898376344390034,143.53178787231445,154.76876400025154,132.29481174437737,5.055593457432735,623046400,297.979,3.4412903225806453,3.6,26734.277,31.37,0.09,4.02,0.05,21398.980645161293,103.4442,59.9
2022-10-18,141.86248779296875,144.7737497481639,138.7637182271675,143.57964610972482,99136600,142.8829200744629,143.05672872602725,45.737800303637336,140.8871112946523,144.59573099530422,-3.708619700651923,-4.08060722156619,0.3719875209142671,142.8829200744629,152.86131683085034,132.90452331807546,4.997085827268618,722183000,297.979,3.4638709677419355,3.6,26734.277,30.5,0.09,4.01,-0.03,21396.841935483873,103.4442,59.9
2022-10-19,141.9710693359375,143.04675364711534,139.64205634508835,139.8295639891064,61758300,142.3963935852051,142.95333259363775,45.906693745093214,141.05387407023466,144.4013116131289,-3.347437542894255,-3.9339732858318035,0.5865357429375484,142.3963935852051,151.5196629584758,133.27312421193437,4.594584224899078,783941300,297.979,3.4864516129032257,3.6,26734.277,30.76,0.09,4.14,0.07,21394.703225806454,103.4442,59.9
2022-10-20,141.5072479248047,143.97442221393123,140.77695891418597,141.14211094871374,64522000,141.9350326538086,142.81561024422507,45.258661578193255,141.12362389401466,144.1869365251049,-3.063312631090241,-3.7598411548834916,0.6965285237932504,141.9350326538086,150.2197204729058,133.6503448347114,4.463471492283053,719419300,297.979,3.509032258064516,3.6,26734.277,29.98,0.09,4.24,0.15,21392.564516129034,103.4442,59.9
2022-10-21,145.33627319335938,145.90865930136042,140.77692593540152,140.99403842665825,86548600,141.77910690307618,143.05567338223787,51.36263594479111,141.77172378622154,144.2720725746052,-2.5003487883836613,-3.507942681583526,1.0075938931998647,141.77910690307618,149.67537474587425,133.88283906027812,4.450783675093823,805967900,297.979,3.531612903225806,3.6,26734.277,29.69,0.09,4.21,0.12,21390.425806451614,103.4442,59.9
2022-10-24,147.48768615722656,148.25744338381116,144.08298841526573,145.25736586717858,75981900,141.7139747619629,143.4777698369987,54.43683116229584,142.65110261253002,144.5102661733179,-1.859163560787863,-3.178186857424394,1.319023296636531,141.7139747619629,149.3964356620392,134.0315138618866,4.483208971371026,881949800,297.979,3.599354838709677,3.6,26734.277,29.85,0.09,4.25,0.09,21384.009677419355,103.4442,59.9
2022-10-25,150.33970642089844,150.4877458912043,147.39883932372416,148.11924989222194,74732300,141.74259414672852,144.1312876068939,58.20793708256096,143.8339647368944,144.94207656202755,-1.1081118251331645,-2.7641718509661484,1.6560600258329838,141.74259414672852,149.5481247972078,133.93706349624924,4.395800119334759,956682100,297.979,3.621935483870968,3.6,26734.277,28.46,0.09,4.1,-0.04,21381.870967741936,103.4442,59.9
2022-10-26,147.3889923095703,149.9943276549768,146.09618038338365,148.9778530921607,88194300,141.71841735839843,144.44154519762498,53.29334993908319,144.38089205576762,145.12332958036407,-0.7424375245964541,-2.3598249856922093,1.6173874610957553,141.71841735839843,149.4505008495408,133.98633386725606,4.53537129865356,868487800,297.979,3.644516129032258,3.6,26734.277,27.28,0.09,4.04,-0.07,21379.732258064516,103.4442,59.9
2022-10-27,142.8987274169922,147.09292340264514,142.23752656273683,146.12579536819774,109180200,141.83289489746093,144.29461017089804,46.815590057661396,144.15286672672525,144.95854423492912,-0.8056775082038712,-2.0489954901945415,1.2433179819906703,141.83289489746093,149.56369291945845,134.10209687546342,4.481797902695222,759307600,297.979,3.6670967741935483,3.6,26734.277,27.39,0.09,3.96,-0.17,21377.5935483871,103.4442,59.9
2022-10-28,153.695068359375,155.4319533375391,145.87906336998515,146.25406355734995,164762400,142.6983787536621,145.18989190313394,59.547342711861454,145.62089774713291,145.60569417007326,0.015203577059651252,-1.636155676743703,1.6513592538033544,142.6983787536621,151.58523204680856,133.81152546051564,5.1429998506082155,924070000,297.979,3.6896774193548385,3.6,26734.277,25.75,0.09,4.02,-0.16,21375.45483870968,103.4442,59.9
2022-10-31,151.32659912109375,152.21479090339474,149.92524592690708,151.1489697996957,97943200,143.2357307434082,145.7743402096063,56.35984780070876,146.4986979585115,146.02946490718588,0.46923305132563087,-1.2150779311298365,1.6843109824554674,143.2357307434082,152.81761630935506,133.65384517746133,5.19163668568472,826126800,297.979,3.7574193548387096,3.6,26734.277,25.88,0.09,4.1,-0.12,21369.03870967742,103.4442,59.9
2022-11-01,148.67189025878906,153.40886706506188,147.17185939924275,153.0437301537615,80379300,143.46024322509766,146.0502973571475,52.93927426003516,146.8330352354773,146.22520011841576,0.6078351170615406,-0.8504953214915612,1.4583304385531017,143.46024322509766,153.32646461606984,133.59402183412547,5.482057948649313,745747500,298.708,3.78,3.6,26734.277,25.81,0.09,4.07,-0.16,21366.9,103.1058,56.7
2022-11-02,143.1256866455078,150.1719344831505,143.09608176430027,146.9942133937789,93604600,143.39264221191405,145.771763003658,46.578909403365195,146.26267391394353,145.99560652782998,0.26706738611355263,-0.6269827799705384,0.894050166084091,143.39264221191405,153.24857362903785,133.53671079479025,5.337551869916924,652142900,298.708,3.7906666666666666,3.6,26734.277,25.86,0.09,4.1,-0.12,21363.77,103.1058,56.7
2022-11-03,137.0564422607422,140.92496892991684,136.92814440584334,140.19468007204958,97918500,143.06944274902344,144.94173245671362,40.801843395879665,144.8463305826818,145.33344621174942,-0.48711562906763106,-0.5990093497899569,0.11189372072232584,143.06944274902344,153.30407867174512,132.83480682630176,5.334027342819886,554224400,298.708,3.801333333333333,3.6,26734.277,25.3,0.09,4.14,-0.11,21360.640000000003,103.1058,56.7
2022-11-04,136.78955078125,141.03023754059535,132.83552430474884,140.456901891493,140814800,142.99639358520508,144.16533420190757,40.563589963866875,143.60682599784613,144.70056506874946,-1.0937390709033252,-0.6979552940126306,-0.39578377689069466,142.99639358520508,153.38722897892998,132.60555819148018,5.6007459301640425,413409600,298.708,3.812,3.6,26734.277,24.55,0.09,4.17,-0.04,21357.510000000002,103.1058,56.7
2022-11-07,137.32334899902344,137.55070131674174,134.1107022229699,135.53415428478314,83374600,142.93375091552736,143.51371656353763,41.3018525659828,142.64013722879648,144.15410461914013,-1.5139673903436517,-0.8611577132788348,-0.6528096770648169,142.93375091552736,153.44483233956333,132.42266949149138,5.417172185362285,496784200,298.708,3.844,3.6,26734.277,24.35,0.09,4.22,-0.07,21348.120000000003,103.1058,56.7
2022-11-08,137.89669799804688,139.80450887367877,135.90980476875018,138.79624280214017,89908500,142.97082901000977,142.97876241444328,42.13326006529217,141.91037734714268,143.69059301757767,-1.780215670434984,-1.0449693047100648,-0.7352463657249193,142.97082901000977,153.4050628660827,132.53659515393684,5.4521726712838285,586692700,298.708,3.8546666666666662,3.6,26734.277,25.54,0.09,4.14,-0.14,21344.99,103.1058,56.7
2022-11-09,133.31988525390625,136.95759752003397,133.0431046023265,136.90816917152026,74917800,142.81064682006837,142.058869351535,37.55983106020987,140.58876317895246,142.92239244249092,-2.3336292635384552,-1.302701296475743,-1.0309279670627123,142.81064682006837,153.72326385523456,131.89802978490218,5.5704676781391935,511774900,298.708,3.865333333333333,3.6,26734.277,26.09,0.09,4.12,-0.17,21341.86,103.1058,56.7
2022-11-10,145.18197631835938,145.18197631835938,137.8966866598679,139.61669377296678,118854000,143.01412200927734,142.35630811028017,52.078583949376146,141.29541135424583,143.0897690258886,-1.7943576716427572,-1.401032571509146,-0.3933251001336111,143.01412200927734,153.94424019173752,132.08400382681717,6.051207513745924,630628900,298.708,3.876,3.6,26734.277,23.53,0.09,3.82,-0.46,21338.73,103.1058,56.7
2022-11-11,147.97946166992188,148.28589635779667,142.71071873245964,144.14406562748653,93979700,143.58494491577147,142.89184654453177,54.750775784177144,142.32372678742675,143.45196848100215,-1.1282416935754043,-1.346474395922398,0.21823270234699366,143.58494491577147,154.2980986068428,132.87179122470013,6.151259132088181,724608600,298.708,3.8866666666666663,3.6,26734.277,22.52,0.09,3.835,-0.46,21335.600000000002,103.1058,56.7
2022-11-14,146.57574462890625,148.55275765609238,145.7355080589872,147.25781653663145,73374100,143.886727142334,143.24269398113887,53.14925848481438,142.9778833784236,143.68335930677281,-0.705475928349216,-1.2182747024077616,0.5127987740585456,143.886727142334,154.57981521599052,133.19363906867747,6.131855062775685,651234500,298.708,3.9186666666666663,3.6,26734.277,23.73,0.09,3.88,-0.46,21326.21,103.1058,56.7
2022-11-15,148.3155517578125,151.82475387007386,146.85256593568872,150.47050439791028,89868300,144.20938034057616,143.725823293203,54.90973549121977,143.7990631290988,144.0264846735165,-0.22742154441769458,-1.0201040708097482,0.7926825263920536,144.20938034057616,155.02737926421545,133.39138141693687,6.20367529160803,741102800,298.708,3.929333333333333,3.6,26734.277,24.54,0.09,3.8,-0.51,21323.08,103.1058,56.7
2022-11-16,147.0798797607422,148.14746862169088,145.5971199677711,147.4159834438759,64218300,144.4648208618164,144.04525724249245,53.37566962490565,144.30380414935163,144.2526620873851,0.05114206196654436,-0.8058548442544897,0.8569969062210341,144.4648208618164,155.3005971342314,133.62904458940142,6.029887151837166,676884500,298.708,3.9399999999999995,3.6,26734.277,24.11,0.09,3.67,-0.65,21319.95,103.1058,56.7
2022-11-17,148.9877471923828,149.73900693584756,144.4702638433015,144.74704454265256,80389400,144.8388458251953,144.51597057105343,55.44541413546656,145.02441077135643,144.60340913219974,0.4210016391566853,-0.5604835475722547,0.98148518672894,144.8388458251953,155.75655592006893,133.92113573032168,5.510995521265676,757273900,298.708,3.9506666666666663,3.6,26734.277,23.93,0.09,3.77,-0.55,21316.82,103.1058,56.7
2022-11-18,149.5511474609375,150.94494529919749,148.24632667446954,150.5594283528078,74829600,145.04958953857422,144.99551122723284,56.065657042445935,145.72083180052275,144.96990826766182,0.7509235328609236,-0.298202131485619,1.0491256643465428,145.04958953857422,156.15861346548672,133.94056561166173,5.434480963569963,832103500,298.708,3.961333333333333,3.6,26734.277,23.12,0.09,3.82,-0.52,21313.690000000002,103.1058,56.7
2022-11-21,146.3088836669922,148.64176028052393,146.02222333634097,148.43418230260116,58724100,144.9906494140625,145.12059431673373,51.612761836538525,145.8113013184411,145.06909163057517,0.7422096878659374,-0.09011976761530774,0.8323294554812452,144.9906494140625,156.0597423385799,133.92155648954508,5.241046424911206,773379400,298.708,3.993333333333333,3.6,26734.277,22.36,0.09,3.83,-0.58,21304.3,103.1058,56.7
2022-11-22,148.45391845703125,148.6911654782662,145.24127190945183,146.42749193221246,51804100,144.89636001586913,145.43805375866683,54.20420584764686,146.21785780130114,145.319819543646,0.8980382576551449,0.10751183743878279,0.7905264202163621,144.89636001586913,155.8126606955626,133.98005933617566,4.982049342765789,825183500,298.708,4.004,3.6,26734.277,21.29,0.09,3.76,-0.64,21301.170000000002,103.1058,56.7
2022-11-23,149.33370971679688,150.08496935516192,147.62358231947215,147.73231865639212,58301400,144.99359588623048,145.80906861182208,55.26251499050874,146.6972196344543,145.61714474165717,1.0800748927971426,0.30202444851045473,0.7780504442866879,144.99359588623048,156.03094940031528,133.95624237214568,4.715181113910453,883484900,298.708,4.014666666666666,3.6,26734.277,20.35,0.09,3.71,-0.69,21298.04,103.1058,56.7
2022-11-25,146.40773010253906,147.16888449613631,145.42910302505686,146.6054284287757,35195900,145.1690460205078,145.86608399189038,51.038178936623844,146.65268278339042,145.67570662024102,0.976976163149402,0.43701479143824423,0.5399613717111578,145.1690460205078,156.17914601696893,134.15894602404668,4.408744932188561,848289000,298.708,4.036,3.6,26734.277,20.5,0.09,3.68,-0.73,21291.78,103.1058,56.7
2022-11-28,142.5624542236328,144.95463890856828,141.7321121181346,143.4718786844285,69246000,144.6124153137207,145.55145258538965,46.05563145211042,146.02341685112,145.44509533160337,0.5783215195166349,0.4652761370539224,0.11304538246271251,144.6124153137207,154.94697886191452,134.2778517655269,4.497003424376605,779043000,298.708,4.068,3.6,26734.277,22.21,0.09,3.69,-0.72,21282.39,103.1058,56.7
2022-11-29,139.5474853515625,143.14564904140522,138.73691772229893,142.6316213475949,83763800,144.02345962524413,144.979646182168,42.54828738084959,145.02711969734193,145.00823533308184,0.01888436426008866,0.37599778249515564,-0.357113418235067,144.02345962524413,154.09968802599894,133.94723122448931,4.533719653960726,695279200,298.708,4.078666666666666,3.6,26734.277,21.89,0.09,3.75,-0.63,21279.26,103.1058,56.7
2022-11-30,146.32864379882812,147.01071582680532,138.9346179969114,139.7748396315525,111380900,143.9062973022461,145.10812214565945,51.495424309155844,145.22735417449366,145.10604336758158,0.12131080691207785,0.3250603873785401,-0.20374958046646224,143.9062973022461,153.81672938608125,133.99586521841093,4.76389854211598,806660100,298.708,4.089333333333333,3.6,26734.277,20.58,0.09,3.68,-0.69,21276.13,103.1058,56.7
2022-12-01,146.60540771484375,147.4159903463265,144.92494955414173,146.50656610739853,71250400,144.08028335571288,145.25072077129607,51.82517936959737,145.4393624114706,145.2171073933047,0.222255018165896,0.3044993135360113,-0.0822442953701153,144.08028335571288,154.0517801493493,134.10878656207646,4.094537808382526,877910500,298.808,4.1,3.5,26734.277,19.84,0.09,3.53,-0.8,21273.0,101.8266,59.8
2022-12-02,146.11117553710938,146.2989942268281,143.97599740675216,144.2824471593233,65447400,144.53302001953125,145.33266884423068,51.15635120476684,145.54271827695348,145.28333466321615,0.2593836137373273,0.29547617357627454,-0.036092559838947214,144.53302001953125,153.99710487880054,135.06893516026196,3.884125857150709,812463100,298.808,4.10741935483871,3.5,26734.277,19.06,0.09,3.51,-0.83,21270.254838709676,101.8266,59.8
2022-12-05,144.94473266601562,149.18541949197922,144.09461635687657,146.07162962618466,68826400,144.94077911376954,145.29572254154354,49.5316493787674,145.45072049065536,145.2582530337939,0.19246745686146483,0.2748744302333126,-0.08240697337184777,144.94077911376954,153.71263584991874,136.16892237762033,4.046522538436242,743636700,298.808,4.129677419354838,3.5,26734.277,20.75,0.09,3.6,-0.76,21262.01935483871,101.8266,59.8
2022-12-06,141.2675018310547,145.6070458162454,140.28887472844136,145.37969348940564,64727200,145.1379867553711,144.91208247387792,44.71074900183994,144.80714838917834,144.962641833591,-0.1554934444126559,0.18880085530411891,-0.34429429971677483,145.1379867553711,153.37712821989487,136.8988452908473,4.051462670338844,678909500,298.808,4.137096774193548,3.5,26734.277,22.17,0.09,3.51,-0.86,21259.274193548386,101.8266,59.8
2022-12-07,139.3201446533203,141.72220883121116,138.3909458890047,140.55577809875786,69721100,145.20915908813475,144.37951696715814,42.359464229520235,143.9629939682771,144.54467907949686,-0.5816851112197696,0.03470366199934122,-0.6163887732191109,145.20915908813475,153.21824111044666,137.20007706582285,4.09523632406492,609188400,298.808,4.144516129032258,3.5,26734.277,22.68,0.09,3.42,-0.87,21256.529032258066,101.8266,59.8
2022-12-08,141.01046752929688,141.87047857115377,139.47829428917862,140.7238072376209,62128300,145.59368820190429,144.05865511593325,45.060241492543724,143.5087591315109,144.2828856313339,-0.7741264998229838,-0.1270623703651238,-0.64706412945786,145.59368820190429,151.8233575336562,139.36401887015236,3.9010642401568765,671316700,298.808,4.151935483870967,3.5,26734.277,22.29,0.09,3.48,-0.8,21253.78387096774,101.8266,59.8
2022-12-09,140.52610778808594,143.89691905591846,139.28057976630063,140.7040317435328,76097000,145.36089477539062,143.72222203709066,44.41799350963008,143.04988969406094,144.00460579109333,-0.9547160970323887,-0.29259311569857677,-0.6621229813338119,145.36089477539062,151.97105224555364,138.7507373052276,4.038044287649011,595219700,298.808,4.159354838709677,3.5,26734.277,22.83,0.09,3.57,-0.74,21251.03870967742,101.8266,59.8
2022-12-12,142.8292999267578,142.8391795610593,139.43871501837063,141.05986496506975,70462700,145.10338668823243,143.63718183610658,48.198892649698806,143.01595280678353,143.91754609743884,-0.9015932906553132,-0.4143931506899241,-0.48720013996538913,145.10338668823243,151.6866500203378,138.52012335612707,4.0288686032270205,665682400,298.808,4.1816129032258065,3.5,26734.277,25.0,0.09,3.61,-0.77,21242.803225806452,101.8266,59.8
2022-12-13,143.79808044433594,148.24636089095367,142.58222134561697,147.7817615043003,93886200,144.9645034790039,143.65250551308083,49.747351738247275,143.13628013563775,143.90869678980158,-0.772416654163834,-0.4859978513847061,-0.2864188027791279,144.9645034790039,151.5348458759874,138.3941610820204,4.187029030121471,759568600,298.808,4.189032258064516,3.5,26734.277,22.55,0.09,3.51,-0.84,21240.058064516128,101.8266,59.8
2022-12-14,141.56405639648438,144.97440162134333,139.53761456960953,143.67946020964052,82291200,144.6269287109375,143.4536055972145,46.30956800646138,142.89439956038336,143.73501972362996,-0.8406201632465979,-0.5569223137570845,-0.2836978494895135,144.6269287109375,151.16759194002074,138.08626548185427,4.399557602696045,677277400,298.808,4.196451612903226,3.5,26734.277,21.14,0.09,3.49,-0.84,21237.312903225808,101.8266,59.8
2022-12-15,134.93113708496094,140.17022454523527,134.46653782385624,139.48815264772358,98931900,144.01949157714844,142.64194192938083,37.92887233391466,141.66928225647223,143.08288026891373,-1.413598012441497,-0.728257453493967,-0.6853405589475301,144.01949157714844,151.69429693432744,136.34468621996945,4.627622737045196,578345500,298.808,4.203870967741936,3.5,26734.277,22.83,0.09,3.44,-0.9,21234.567741935483,101.8266,59.8
2022-12-16,132.96401977539062,136.06792995299983,132.19298581991796,135.1189720463015,160156900,143.21830520629882,141.72023505757224,35.8564112234496,140.33001110553658,142.3333350471713,-2.0033239416347044,-0.9832707511221146,-1.0200531905125898,143.21830520629882,151.9270948723475,134.50951554025013,4.570431747665012,418188600,298.808,4.211290322580645,3.5,26734.277,22.62,0.09,3.48,-0.83,21231.822580645163,101.8266,59.8
2022-12-19,130.8486328125,133.64610870665976,129.81071279854106,133.55714671976315,79592600,142.28317947387694,140.68484436756535,33.72248095383301,138.8713375219925,141.48261636312156,-2.6112788411290637,-1.3088723691235045,-1.3024064720055593,142.28317947387694,152.0261747898608,132.5401841578931,4.529479218308755,338596000,298.808,4.233548387096774,3.5,26734.277,22.42,0.09,3.57,-0.8,21223.587096774194,101.8266,59.8
2022-12-20,130.77943420410156,131.7185125149171,128.39712953221752,129.87988952300458,77432800,141.50670700073243,139.74147197104497,33.651927939271474,137.62642931924006,140.689788055046,-3.0633587358059344,-1.6597696424599906,-1.4035890933459438,141.50670700073243,152.26497321408502,130.74844078737985,4.189856729223446,261163200,298.808,4.240967741935484,3.5,26734.277,21.48,0.09,3.69,-0.66,21220.841935483873,101.8266,59.8
2022-12-21,133.89321899414062,135.2375886040089,131.224254130209,131.45160643001654,85928000,140.7786720275879,139.1844954970541,39.759397091196526,137.05208926922475,140.18633849497894,-3.134249225754189,-1.9546655591188302,-1.179583666635359,140.7786720275879,151.52857634113775,130.02876771403805,4.330364844060772,347091200,298.808,4.248387096774193,3.5,26734.277,20.07,0.09,3.68,-0.65,21218.09677419355,101.8266,59.8
2022-12-22,130.7102508544922,133.01347352460496,128.80243995719394,132.80589554186707,77852100,139.84749908447264,138.37742457871485,36.10107843344688,136.07642182080434,139.48440607716512,-3.407984256360777,-2.2453292985672197,-1.1626549577935572,139.84749908447264,150.69779850713982,128.99719966180547,4.50617689612185,269239100,298.808,4.255806451612903,3.5,26734.277,21.97,0.09,3.67,-0.68,21215.351612903225,101.8266,59.8
2022-12-23,130.344482421875,130.89804371107982,128.14999653723166,129.41528379353238,63814900,139.04433670043946,137.61238246853964,35.69463204916141,135.19458499019981,138.80737469529177,-3.6127897050919557,-2.518821379872167,-1.0939683252197887,139.04433670043946,150.2069016940631,127.88177170681581,4.338837184603672,205424200,298.808,4.263225806451613,3.5,26734.277,20.87,0.09,3.75,-0.59,21212.606451612904,101.8266,59.8
2022-12-27,128.53553771972656,129.89968192747375,127.24059622786994,129.87002793021114,69007800,138.34299087524414,136.74792106389077,33.6753413336987,134.17011617935776,138.04649788228693,-3.876381702929166,-2.790333444483567,-1.086048258445599,138.34299087524414,150.26971944567808,126.4162623048102,4.180673977903744,136416400,298.808,4.292903225806452,3.5,26734.277,21.65,0.09,3.84,-0.62,21201.625806451615,101.8266,59.8
2022-12-28,124.59136962890625,129.52401532691,124.42332532115114,128.1796457814558,85438400,137.59518508911134,135.5901542605589,29.7266216702144,132.6964628639037,137.04982171536986,-4.353358851466169,-3.1029385258800875,-1.2504203255860813,137.59518508911134,150.91964591908726,124.27072425913542,4.307061625300344,50978000,298.808,4.300322580645162,3.5,26734.277,22.14,0.09,3.88,-0.58,21198.88064516129,101.8266,59.8
2022-12-29,128.12033081054688,128.9803266572618,126.26194126578521,126.51894753125764,75703700,136.68476943969728,134.8787425034149,36.86043927699742,131.99244254800263,136.38837794464223,-4.395935396639601,-3.3615379000319905,-1.0343974966076104,136.68476943969728,149.98611306746338,123.38342581193119,4.438391847480494,126681700,298.808,4.307741935483871,3.5,26734.277,21.44,0.09,3.83,-0.62,21196.13548387097,101.8266,59.8
2022-12-30,128.4366455078125,128.45641986166103,125.9653867378923,126.93412645040064,77034200,135.7763313293457,134.26520945621468,37.47314917836077,131.44539684951184,135.7993607270993,-4.353963877587461,-3.5600230955430847,-0.793940782044376,135.7763313293457,148.72033380247763,122.83232885621379,4.286584264205558,203715900,298.808,4.315161290322581,3.5,26734.277,21.67,0.09,3.88,-0.54,21193.390322580646,101.8266,59.8
2023-01-03,123.63252258300781,129.39551044224086,122.74286511723291,128.7826411649236,112117500,134.65239868164062,133.25257261114737,32.34011327010758,130.24341619312662,134.8981134571666,-4.6546972640399815,-3.7789579292424644,-0.8757393347975171,134.65239868164062,147.7148226087652,121.58997475451605,4.518882891514079,91598400,300.456,4.345483870967742,3.5,27164.359,22.9,0.09,3.79,-0.74,21183.332258064518,102.7476,64.9
2023-01-04,124.90770721435547,127.18127564102066,123.64241984503863,125.43161455867813,89113600,133.65054740905762,132.45782352573863,34.88957378770898,129.42253788870028,134.1580833651065,-4.73554547640623,-3.970275438675218,-0.7652700377310122,133.65054740905762,146.47308497194845,120.82800984616678,4.367783856705232,180712000,300.456,4.353225806451613,3.5,27164.359,22.01,0.09,3.69,-0.86,21181.048387096776,102.7476,64.9
2023-01-05,123.58309173583984,126.30148488412831,123.32608545003059,125.66884126386319,80962700,132.76632690429688,131.6126109743197,33.4783917176491,128.52416155749097,133.3747506518275,-4.850589094336527,-4.14633816980748,-0.7042509245290471,132.76632690429688,145.8030910641901,119.72956274440365,4.191970455445513,99749300,300.456,4.360967741935484,3.5,27164.359,22.46,0.09,3.71,-0.95,21178.764516129035,102.7476,64.9
2023-01-06,128.13021850585938,128.79251610668766,123.45458659001618,124.56171667837158,87754700,132.20683059692382,131.28095454875205,42.13131614428683,128.46355493416303,132.98626678916318,-4.5227118550001535,-4.221612906846015,-0.30109894815413885,132.20683059692382,145.02920440553476,119.38445678831289,4.06628552287718,187504000,300.456,4.368709677419355,3.5,27164.359,21.13,0.09,3.55,-1.12,21176.480645161293,102.7476,64.9
2023-01-09,128.65414428710938,131.87668586554148,128.3971379685157,128.97047367930062,70790800,131.58901443481446,131.03078214288132,43.05051059891559,128.49287637307785,132.66536882604808,-4.172492452970232,-4.211788816070858,0.03929636310062623,131.58901443481446,143.83278812607807,119.34524074355085,4.057108610491483,258294800,300.456,4.391935483870967,3.5,27164.359,21.97,0.09,3.53,-1.17,21169.629032258064,102.7476,64.9
2023-01-10,129.2274627685547,129.7513700565325,126.64745995571087,128.76286346285156,63896200,131.0240821838379,130.8590374405645,44.09694069452126,128.60588966468967,132.4107091180856,-3.804819453395936,-4.130394943535874,0.32557549013993814,131.0240821838379,142.59017305947827,119.45799130819749,4.004859624255977,322191000,300.456,4.3996774193548385,3.5,27164.359,20.58,0.09,3.61,-1.12,21167.345161290323,102.7476,64.9
2023-01-11,131.95574951171875,131.97550878336855,128.96057576470602,129.7414893304502,69458900,130.48040466308595,130.96348620924584,48.90811475518601,129.12125271807875,132.37700840650288,-3.2557556884241308,-3.955467092513526,0.699711404089395,130.48040466308595,140.72213717119743,120.23867215497448,3.982970341110473,391649900,300.456,4.4074193548387095,3.5,27164.359,21.09,0.09,3.54,-1.18,21165.06129032258,102.7476,64.9
2023-01-12,131.8766632080078,132.71688473025435,129.92930408672314,132.34126249583184,71379600,129.88433380126952,131.0504554472232,48.77706774060031,129.54516202422167,132.33994579920696,-2.794783774985291,-3.723330429007879,0.928546654022588,129.88433380126952,138.1541398945487,121.61452770799032,3.863643644226465,320270300,300.456,4.4151612903225805,3.5,27164.359,18.83,0.09,3.43,-1.23,21162.77741935484,102.7476,64.9
2023-01-13,133.2111358642578,133.369300530634,130.14677464113623,130.51251723414498,57809700,129.4666877746582,131.2562345345598,51.1553129209353,130.10915799961185,132.40447839661815,-2.295320397006293,-3.4377284226075617,1.1424080256012688,129.4666877746582,135.99526483396355,122.93811071535283,3.730196990837257,378080000,300.456,4.422903225806452,3.5,27164.359,18.35,0.09,3.49,-1.18,21160.493548387098,102.7476,64.9
2023-01-17,134.37757873535156,135.7120534872366,132.58838434758803,133.28033589487055,63646600,129.43900985717772,131.5535054108257,53.20067525135136,130.76583811280258,132.55063397726508,-1.7847958644624953,-3.107141910978549,1.3223460465160537,129.43900985717772,135.87877560628803,122.9992441080674,3.7570271312515717,441726600,300.456,4.453870967741936,3.5,27164.359,19.36,0.09,3.53,-1.18,21151.358064516127,102.7476,64.9
2023-01-18,133.65599060058594,137.01690717262807,133.47805156045354,135.24748690824802,69672800,129.4736083984375,131.75374209556475,51.75679592532446,131.21047695707693,132.63251224565923,-1.4220352885822933,-2.770120586499298,1.3480852979170046,129.4736083984375,135.99566643256603,122.95155036430899,3.788096375406534,372053800,300.456,4.461612903225807,3.5,27164.359,20.34,0.09,3.37,-1.32,21149.074193548386,102.7476,64.9
2023-01-19,133.71530151367188,134.68403382720132,132.23254150823482,132.53897616267878,58280400,129.6169418334961,131.9405572782416,51.87241718945543,131.59583458116848,132.7127188581046,-1.1168842769361333,-2.439473324586665,1.3225890476505318,129.6169418334961,136.37529346499832,122.85859020199386,3.5988679692070806,430334200,300.456,4.469354838709678,3.5,27164.359,20.52,0.09,3.39,-1.32,21146.790322580644,102.7476,64.9
2023-01-20,136.285400390625,136.4336854309728,132.67735732670167,133.72517191147224,80223600,129.89224014282226,132.35435186037336,56.713614643583064,132.31730624416178,132.9773619345876,-0.6600556904258212,-2.083589797754496,1.423534107328675,129.89224014282226,137.24040660404526,122.54407368159924,3.5536801889153358,510557800,300.456,4.477096774193549,3.5,27164.359,19.85,0.09,3.48,-1.24,21144.506451612902,102.7476,64.9
2023-01-23,139.48818969726562,141.67279627654958,136.3150763566329,136.5325490508029,81760300,130.1719886779785,133.03376498769643,61.86209228611342,133.42051908310083,133.45964547256375,-0.03912638946292191,-1.6746971160961814,1.6355707266332595,130.1719886779785,138.47243424353093,121.8715431124261,3.760563243355039,592318100,300.456,4.500322580645162,3.5,27164.359,19.81,0.09,3.52,-1.21,21137.654838709677,102.7476,64.9
2023-01-24,140.891845703125,141.51460969317372,138.68748018952127,138.6973598255773,66435100,130.68106842041016,133.78215362726104,63.88922119203818,134.56995394771994,134.0101788229757,0.5597751247442488,-1.2278026679280956,1.7875777926723444,130.68106842041016,140.20923033884247,121.15290650197784,3.4873121132582177,658753200,300.456,4.508064516129033,3.5,27164.359,19.2,0.09,3.46,-1.26,21135.370967741936,102.7476,64.9
2023-01-25,140.2295379638672,140.7929788466698,137.21459000886787,139.27068541615571,65799300,131.17532119750976,134.39619023074732,62.209018495395526,135.44065918097337,134.47087209267136,0.969787088302013,-0.7882847166820739,1.7580718049840869,131.17532119750976,141.5686230025553,120.7820193924642,3.496490872989952,592953900,300.456,4.515806451612903,3.5,27164.359,19.08,0.09,3.46,-1.26,21133.087096774194,102.7476,64.9
2023-01-26,142.305419921875,142.59208020551668,140.26908361074402,141.52449124388164,54105100,131.8638153076172,135.14945020133092,65.29017667229101,136.49677621803517,135.05120896890867,1.4455672491264977,-0.34151432352035954,1.7870815726468572,131.8638153076172,143.24391873478595,120.48371188044841,3.45271535924365,647059000,300.456,4.523548387096774,3.5,27164.359,18.73,0.09,3.49,-1.22,21130.803225806452,102.7476,64.9
2023-01-27,144.25277709960938,145.53783884062292,141.43554202324185,141.51462437013356,70555800,132.84688568115234,136.01643371545268,67.93155926303224,137.69000712289272,135.73280660821982,1.9572005146729055,0.11822864411829342,1.838971870554612,132.84688568115234,144.9200222331215,120.77374912918319,3.3644558807229066,717614800,300.456,4.531290322580645,3.5,27164.359,18.51,0.09,3.52,-1.21,21128.519354838707,102.7476,64.9
2023-01-30,141.3564453125,143.87714018615392,141.208175354279,143.29392490593287,64015300,133.50869140625,136.5250062485048,60.55102522987949,138.25407453667847,136.1493724381665,2.1047020985119786,0.5155233349970305,1.5891787635149481,133.50869140625,145.91929718382295,121.09808562867703,3.3143226225549256,653599500,300.456,4.554516129032258,3.5,27164.359,19.94,0.09,3.55,-1.17,21121.667741935482,102.7476,64.9
2023-01-31,142.6316375732422,142.6810659292456,140.64474436260411,141.05991540288298,65874500,134.21844100952148,137.1065901841941,62.48365542666085,138.9275457730729,136.62954022594988,2.2980055471230116,0.8720197774222268,1.4259857697007847,134.21844100952148,147.00549138100848,121.4313906380345,3.2380662986849154,719474000,300.456,4.562258064516129,3.5,27164.359,19.4,0.09,3.52,-1.18,21119.38387096774,102.7476,64.9
2023-02-01,143.7584991455078,144.92494470830036,139.69575173845908,142.3152880410748,77663600,135.2247398376465,137.74010532336683,64.15483532849042,139.6707693688321,137.15761125702824,2.5131581118038753,1.2002474442985567,1.3129106675053186,135.2247398376465,147.68460805276175,122.76487162253125,3.3962277237691114,797137600,301.476,4.57,3.6,27164.359,17.87,0.09,3.39,-1.27,21117.1,102.8003,66.9
2023-02-02,149.08657836914062,149.44242627870938,146.46702672863907,147.18863235095503,118339000,136.43368339538574,138.8207218039167,70.78212685736781,141.11935536887958,138.04123845051805,3.0781169183615305,1.5758213391111515,1.502295579250379,136.43368339538574,149.33887688093535,123.52848990983614,3.603109615888422,915476600,301.476,4.572857142857143,3.6,27164.359,18.73,0.09,3.4,-1.26,21108.274999999998,102.8003,66.9
2023-02-03,152.7242889404297,155.57119313377925,146.13095089780094,146.32864922602454,154357300,137.89074325561523,140.1448710550132,74.27868543171597,142.9047297645027,139.12887182014114,3.7758579443615474,2.015828660161231,1.7600292842003165,137.89074325561523,151.23619752885244,124.54528898237801,4.047232212065603,1069833900,301.476,4.575714285714286,3.6,27164.359,18.33,0.09,3.53,-1.17,21099.449999999997,102.8003,66.9
2023-02-06,149.9861297607422,151.34039430836512,149.0470513348308,150.81648692074876,69858300,138.98353881835936,141.08213378889215,67.7102510485548,143.9941759177703,139.93311314907456,4.061062768695734,2.4248754818681317,1.6361872868276026,138.98353881835936,152.5308797919531,125.43619784476562,4.08677281677634,999975600,301.476,4.5842857142857145,3.6,27164.359,19.43,0.09,3.63,-1.08,21072.975,102.8003,66.9
2023-02-07,152.87257385253906,153.44590961879757,148.90866692988584,148.90866692988584,83322600,140.19446029663087,142.2050328425728,70.65606398672881,145.3600832923501,140.89159171970155,4.46849157264856,2.8335987000242175,1.6348928726243424,140.19446029663087,154.15536659630723,126.23355399695451,4.158086179400426,1083298200,301.476,4.587142857142857,3.6,27164.359,18.66,0.09,3.67,-1.04,21064.149999999998,102.8003,66.9
2023-02-08,150.17393493652344,152.80336635897712,149.43255491704016,152.11141469080906,64120100,141.2417839050293,142.9639758991395,64.71189776591685,146.10067585299217,141.5791726987254,4.521503154266782,3.1711795908727303,1.3503235633940514,141.2417839050293,154.89397543631804,127.58959237374059,4.2286952234384545,1019178100,301.476,4.59,3.6,27164.359,19.63,0.09,3.63,-1.09,21055.324999999997,102.8003,66.9
2023-02-09,149.13597106933594,152.55621020156494,148.69114616029947,152.01252860900382,56007100,142.10079498291014,143.55178496296776,62.532825190579565,146.56764434781428,142.13893554099283,4.428708806821447,3.4226854340624735,1.0060233727589738,142.10079498291014,155.46673246314597,128.73485750267432,4.236462076080907,963171000,301.476,4.592857142857143,3.6,27164.359,20.71,0.09,3.67,-1.1,21046.5,102.8003,66.9
2023-02-10,149.5023193359375,149.82902644753565,147.73019724066455,147.9678065326758,57450700,142.98207778930663,144.1185025222982,63.006316189884345,147.01913280752555,142.6843713776554,4.334761429870156,3.60510063322401,0.7296607966461459,142.98207778930663,155.8503172036845,130.11383837492875,4.001564456148516,1020621700,301.476,4.595714285714286,3.6,27164.359,20.53,0.09,3.74,-1.05,21037.675,102.8003,66.9
2023-02-13,152.31396484375,152.71985991539307,149.41321016170093,149.44290943263957,62199000,143.93721923828124,144.89902274338885,66.50490644922104,147.83372235156008,143.3976745973661,4.436047754193993,3.7712900574180064,0.6647576967759865,143.93721923828124,156.59679928085734,131.27763919570515,4.035815902579922,1082820700,301.476,4.604285714285715,3.6,27164.359,20.34,0.09,3.72,-1.09,21011.2,102.8003,66.9
2023-02-14,151.67042541503906,152.2347417014366,149.35379194828116,150.60120648274088,61707600,144.80186157226564,145.54391823592695,64.98991305775343,148.42398436132606,144.01047095423075,4.413513407095309,3.899734727353467,0.5137786797418418,144.80186157226564,157.08834567622782,132.51537746830346,3.984595702666474,1021113100,301.476,4.607142857142858,3.6,27164.359,18.91,0.09,3.77,-1.03,21002.375,102.8003,66.9
2023-02-15,153.7791748046875,153.94747569846558,151.3536388197947,151.58133825179516,65573800,145.8080207824707,146.32822838533272,67.59489644376282,149.2478598141509,144.7340786468572,4.5137811672937005,4.022544015341514,0.49123715195218676,145.8080207824707,157.5630456162568,134.05299594868458,4.001116748168002,1086686900,301.476,4.61,3.6,27164.359,18.23,0.09,3.81,-0.98,20993.55,102.8003,66.9
2023-02-16,152.17535400390625,154.76919088525318,151.8189476677602,151.97733873436857,68167900,146.73102340698242,146.88509749186355,63.71206106244262,149.69824353565173,145.28528422886083,4.412959306790896,4.10062707363139,0.31233223315950553,146.73102340698242,157.3909806335039,136.07106618046095,3.9188272053188524,1018519000,301.476,4.612857142857143,3.6,27164.359,20.17,0.09,3.86,-0.98,20984.725,102.8003,66.9
2023-02-17,151.02696228027344,151.47246651343528,149.34393789585803,150.8289620773623,59144100,147.46810150146484,147.27956080504543,61.009643503044366,149.90266180405507,145.71059371415066,4.19206808990441,4.1189152768859945,0.07315281301841559,147.46810150146484,157.1288655355587,137.80733746737098,3.9035996597986986,959374900,301.476,4.615714285714286,3.6,27164.359,20.02,0.09,3.82,-1.02,20975.899999999998,102.8003,66.9
2023-02-21,146.99755859375,149.7894107206676,146.92826533516197,148.70038717333577,58867200,147.84356994628905,147.25270345158873,52.582047615100855,149.4557228486235,145.80592444597283,3.6497984026506742,4.02509190203893,-0.3752934993882562,147.84356994628905,156.79203010182678,138.89510979075132,4.05091218683227,900507700,301.476,4.627142857142857,3.6,27164.359,22.87,0.09,3.95,-0.91,20940.6,102.8003,66.9
2023-02-22,147.4232635498047,148.45287338487984,145.6907358158214,147.383654456277,51011300,148.17014083862304,147.26894727046644,53.31576377335791,149.14303680265138,145.92572734255296,3.21730946009842,3.863535413650829,-0.6462259535524089,148.17014083862304,156.53783959438334,139.80244208286274,3.8746939439192096,951519000,301.476,4.630000000000001,3.6,27164.359,22.29,0.09,3.93,-0.91,20931.775,102.8003,66.9
2023-02-23,147.90838623046875,148.83900369928494,145.76996312428713,148.59149969615066,48394200,148.55408325195313,147.3298462190381,54.18575206033884,148.95309056077713,146.07259096388006,2.8804995968970672,3.666928250300077,-0.7864286534030098,148.55408325195313,156.09277038249508,141.0153961214112,3.687916332618942,999913200,301.476,4.6328571428571435,3.6,27164.359,21.14,0.09,3.88,-0.96,20922.95,102.8003,66.9
2023-02-24,145.24525451660156,145.72045796846467,144.26513323484133,145.64125487541327,55469600,148.70107498168946,147.13131367594892,48.80845578650707,148.38265424628858,146.01130678260017,2.3713474636884087,3.4078120929777436,-1.036464629289335,148.70107498168946,155.8513119158896,141.55083804748932,3.273845672593879,944443600,301.476,4.635714285714286,3.6,27164.359,21.67,0.09,3.95,-0.91,20914.125,102.8003,66.9
2023-02-27,146.4431610107422,147.6806809778149,145.97785229460726,146.23526611588312,44998500,148.8105941772461,147.0657753268816,51.15647071388804,148.08427067158914,146.04329598468476,2.0409746869043772,3.1344446117630707,-1.0934699248586934,148.8105941772461,155.7488990630892,141.87228929140298,3.1851448765663384,989442100,301.476,4.644285714285715,3.6,27164.359,20.95,0.09,3.92,-0.97,20887.65,102.8003,66.9
2023-02-28,145.93824768066406,147.59157242356576,145.36403664496177,145.58184135182967,50547000,149.0396842956543,146.95839174152758,50.11311447279103,147.7541132883699,146.03551462883138,1.7185986595385145,2.8512754213181597,-1.1326767617796452,149.0396842956543,155.24188982104855,142.83747877026005,3.020165811544357,938895100,301.476,4.647142857142858,3.6,27164.359,20.7,0.09,3.92,-0.96,20878.825,102.8003,66.9
2023-03-01,143.8592071533203,145.76003585720164,143.5621993638043,145.36403554214274,55479000,149.1010627746582,146.66323130455544,45.95676290274797,147.15489695990073,145.87430666768242,1.2805902922183066,2.537138395498189,-1.2565481032798824,149.1010627746582,155.06823465366566,143.13389089565075,2.9441679102129905,883416100,301.643,4.65,3.5,27164.359,20.58,0.09,4.01,-0.89,20870.0,102.8143,62.0
2023-03-02,144.45321655273438,145.24523225541392,142.46327502261613,142.93849350808966,52238100,149.13579864501952,146.4527537091439,47.30161109866788,146.73925382033667,145.76904073324184,0.9702130870948338,2.223753333817518,-1.2535402467226842,149.13579864501952,154.98509019059017,143.28650709944887,2.866803138179585,935654200,301.643,4.655806451612904,3.5,27164.359,19.59,0.09,4.08,-0.83,20864.90322580645,102.8143,62.0
2023-03-03,149.52210998535156,149.6013130753249,145.85905393614254,146.56195681168307,70732300,149.15757522583007,146.745073354497,57.10990453052614,147.16738553803128,146.04704586302776,1.120339675003521,2.0030706020547187,-0.8827309270511976,149.15757522583007,155.00921409630212,143.30593635535803,3.084607946445258,1006386500,301.643,4.661612903225807,3.5,27164.359,18.49,0.09,3.97,-0.94,20859.8064516129,102.8143,62.0
2023-03-06,152.29417419433594,154.73951510110595,151.92787308169673,152.25456509183923,87558000,149.13606948852538,147.2735591487674,61.346875827656675,147.95612225438583,146.50979610979132,1.446326144594508,1.8917217105626767,-0.44539556596816876,149.13606948852538,154.9380681749209,143.33407080212987,3.221090472306847,1093944500,301.643,4.679032258064517,3.5,27164.359,18.61,0.09,3.98,-0.95,20844.516129032258,102.8143,62.0
2023-03-07,150.08642578125,152.49215731620518,149.62111707090608,152.16545023619062,56182000,149.14108428955078,147.54145120900384,56.55505147764429,148.28386125851878,146.7747316410105,1.509129617508279,1.8152032919517973,-0.3060736744435184,149.14108428955078,154.94618576044357,143.33598281865798,3.2147238544375796,1037762500,301.643,4.68483870967742,3.5,27164.359,19.59,0.09,3.97,-1.07,20839.41935483871,102.8143,62.0
2023-03-08,151.34373474121094,151.93775035888638,150.31412479121082,151.28433620073233,47204800,149.06464233398438,147.90357345016642,58.54115879410162,148.7546110250868,147.11317631509942,1.6414347099873794,1.7804495755589138,-0.13901486557153442,149.06464233398438,154.70922916809192,143.42005549987684,3.1616872615065432,1084967300,301.643,4.690645161290323,3.5,27164.359,19.11,0.09,3.98,-1.08,20834.322580645163,102.8143,62.0
2023-03-09,149.08648681640625,152.99704649679572,148.73008049756518,152.02683517023416,53833600,149.01026992797853,148.01623186599878,53.78711065512222,148.80566883913596,147.2593474633444,1.546321375791564,1.733623935605444,-0.18730255981388,149.01026992797853,154.63197113973942,143.38856871621763,3.2557388887735113,1031133700,301.643,4.696451612903226,3.5,27164.359,22.61,0.09,3.93,-1.12,20829.225806451614,102.8143,62.0
2023-03-10,147.01736450195312,149.43300577006005,146.13625093512175,148.7102983763868,68572400,148.9043395996094,147.92110164085156,49.7951956261789,148.530545094954,147.24142279953765,1.2891222954163482,1.6447236075676248,-0.35560131215127666,148.9043395996094,154.5920292736747,143.21664992554406,3.28897736926566,962561300,301.643,4.702258064516129,3.5,27164.359,24.8,0.09,3.7,-1.31,20824.129032258064,102.8143,62.0
2023-03-13,148.9676971435547,151.6110378452132,146.2253488070177,146.33425116280637,84457100,148.87760848999022,148.02077740301377,53.31250714300272,148.59779925627717,147.36929497316854,1.2285042831086344,1.561479742675827,-0.33297545956719254,148.87760848999022,154.55882688943998,143.19639009054046,3.380905375914519,1047018400,301.643,4.719677419354839,3.5,27164.359,26.52,0.09,3.55,-1.32,20808.83870967742,102.8143,62.0
2023-03-14,151.0665283203125,151.86843881288326,148.60139830336453,149.7696098588517,73695900,148.81523666381835,148.310848918947,56.81854295646234,148.97760372766723,147.64316410999402,1.3344396176732118,1.516071717675304,-0.18163210000209218,148.81523666381835,154.37016659408366,143.26030673355305,3.416969871661682,1120714300,301.643,4.725483870967742,3.5,27164.359,23.73,0.09,3.64,-1.24,20803.74193548387,102.8143,62.0
2023-03-15,151.46255493164062,151.71995365613,148.42319852737018,149.68052309089944,77167900,148.80484313964843,148.61101139634638,57.467576983465676,149.3599039128939,147.9260819486345,1.4338219642594083,1.499621766992125,-0.06579980273271668,148.80484313964843,154.33910484921623,143.27058143008063,3.433235196930397,1197882200,301.643,4.731290322580645,3.5,27164.359,26.14,0.09,3.51,-1.24,20798.645161290322,102.8143,62.0
2023-03-16,154.29397583007812,154.89788610113325,150.1260024664939,150.64081493684654,76161100,148.83058319091796,149.15224610432085,61.879186644008804,150.11899190015302,148.39777779170439,1.7212141084486348,1.543940235283427,0.1772738731652077,148.83058319091796,154.46110029904378,143.20006608279215,3.513851671145535,1274043300,301.643,4.737096774193549,3.5,27164.359,22.99,0.09,3.56,-1.18,20793.548387096773,102.8143,62.0
2023-03-17,153.4524688720703,155.17510202547024,152.7396561952458,154.52168788730708,98944600,148.89443893432616,149.56179112982082,59.890914356245894,150.63183451121722,148.77219935321298,1.859635158004238,1.6070792198275894,0.2525559381766487,148.89443893432616,154.70144158394473,143.0874362847076,3.513853054646329,1175098700,301.643,4.742903225806452,3.5,27164.359,25.51,0.09,3.39,-1.13,20788.451612903227,102.8143,62.0
2023-03-20,155.82852172851562,156.24434176719376,152.61096953502098,153.52179760346752,73641400,149.13451690673827,150.15862261541082,63.46094275040039,151.43132485234005,149.29488989953168,2.136434952808372,1.7129503664237462,0.42348458638462594,149.13451690673827,155.63047716804368,142.63855664543286,3.614269944186956,1248740100,301.643,4.760322580645162,3.5,27164.359,24.15,0.09,3.47,-1.34,20773.16129032258,102.8143,62.0
2023-03-21,157.6897430419922,157.80854012474336,154.97709383642948,155.7493201936468,73938300,149.66912612915038,150.87587217984714,66.01287937373053,152.39415841997885,149.91673087304727,2.4774275469315796,1.865845802525313,0.6115817444062666,149.66912612915038,157.07043225121302,142.26782000708775,3.646798370719393,1322678400,301.643,4.766129032258065,3.5,27164.359,21.38,0.09,3.59,-1.19,20768.064516129034,102.8143,62.0
2023-03-22,156.25421142578125,160.52117754091816,156.2344068779623,157.70953600837723,75701800,150.1106735229492,151.3880949651742,62.393364386856476,152.98801272856383,150.38617387695348,2.6018388516103528,2.013044412342321,0.5887944392680318,150.1106735229492,157.9632760110622,142.25807103483623,3.754285044302112,1246976600,301.643,4.771935483870968,3.5,27164.359,22.26,0.09,3.48,-1.31,20762.967741935485,102.8143,62.0
2023-03-23,157.34323120117188,159.9370833205621,156.10571123599644,157.24423866782476,67622100,150.58241577148436,151.955250797174,64.00572727496646,153.6580463397343,150.90151145652518,2.7565348832091274,2.161742506515682,0.5947923766934453,150.58241577148436,158.9648478225149,142.19998372045382,3.6602332987289077,1314598700,301.643,4.7777419354838715,3.5,27164.359,22.61,0.09,3.38,-1.35,20757.870967741936,102.8143,62.0
2023-03-24,158.65003967285156,158.73913747364256,156.2740076797667,157.27391824812167,59196500,151.25265502929688,152.59284973771472,65.89534036764672,154.42604531406005,151.4754765095864,2.9505688044736473,2.319507766107275,0.6310610383663722,151.25265502929688,159.95831626035496,142.5469937982388,3.463642204309013,1373795200,301.643,4.783548387096775,3.5,27164.359,21.74,0.09,3.38,-1.36,20752.774193548386,102.8143,62.0
2023-03-27,156.69973754882812,159.1648829259014,156.2938273470206,158.34316780021032,52390300,151.76548385620117,152.98398191020172,60.76803356292136,154.775844119409,151.86245880878948,2.9133853106195033,2.438283275009721,0.47510203560978237,151.76548385620117,160.48583126322254,143.0451364491798,3.4636432995648483,1321404900,301.643,4.800967741935484,3.5,27164.359,20.6,0.09,3.53,-1.38,20737.483870967742,102.8143,62.0
2023-03-28,156.0760040283203,156.9076288835252,154.42267925169685,156.3928163743877,45992200,152.272371673584,153.2784602071654,59.182022271804506,154.97586872077997,152.17457326949548,2.8012954512844885,2.5108857102646747,0.29040974101981387,152.272371673584,160.7542051076506,143.7905382395174,3.508902232007133,1275412700,301.643,4.806774193548387,3.5,27164.359,19.97,0.09,3.55,-1.25,20732.387096774193,102.8143,62.0
2023-03-29,159.1648712158203,159.44207447801494,157.75905035570605,157.77883979840226,51305700,153.03765487670898,153.83907077941828,64.16937727080482,155.62033064309387,152.6923731173714,2.927957525722462,2.5943000733562323,0.3336574523662299,153.03765487670898,161.09643315993827,144.9788765934797,3.4445525498974257,1326718400,301.643,4.81258064516129,3.5,27164.359,19.12,0.09,3.57,-1.23,20727.290322580644,102.8143,62.0
2023-03-30,160.73899841308594,160.84790077737682,159.659884598305,159.9172833200629,49501700,153.85194396972656,154.49620674452947,66.42107872797406,156.40781799232343,153.28841943557248,3.1193985567509515,2.699319770035176,0.42007878671577537,153.85194396972656,161.560073619366,146.14381432008713,3.3292864589415836,1376220100,301.643,4.8183870967741935,3.5,27164.359,19.02,0.09,3.55,-1.42,20722.1935483871,102.8143,62.0
2023-03-31,163.25363159179688,163.35263923391068,160.29349343380431,160.8182007028279,68749800,154.53852005004882,155.330247206174,69.69719145480545,157.4610200845501,154.0265832989965,3.4344367855536007,2.846343173138861,0.5880936124147396,154.53852005004882,162.99183711505438,146.08520298504325,3.163104799078074,1444969900,301.643,4.824193548387097,3.5,27164.359,18.7,0.09,3.48,-1.37,20717.09677419355,102.8143,62.0
2023-04-03,164.51095581054688,164.62975289569243,162.58042764470542,162.62993146566447,56976200,155.14935913085938,156.2046004065905,71.20969263113821,158.5456255808573,154.80320348503727,3.742422095820018,3.0255589576750923,0.7168631381449257,155.14935913085938,164.57530996917654,145.72340829254222,3.0761251377543806,1501946100,302.858,4.8453333333333335,3.4,27453.815,18.55,0.09,3.43,-1.47,20718.173333333332,103.2241,63.7
2023-04-04,163.97634887695312,165.17425973324032,163.46153634610226,164.9366655701128,46278300,155.84385528564454,156.9447669275774,69.61854752744006,159.38112147256433,155.4826957362903,3.898425736274021,3.200132313394878,0.6982934228791429,155.84385528564454,165.71176997646631,145.97594059482276,2.9629800133528255,1455667800,302.858,4.853,3.4,27453.815,19.0,0.09,3.35,-1.53,20721.26,103.2241,63.7
2023-04-05,162.125,163.40212898364032,160.1845772758085,163.0952264685397,51511700,156.38291854858397,157.43812245828434,64.26338522135816,159.80325663063138,155.97471827434288,3.8285383562885045,3.3258135219736036,0.5027248343149009,156.38291854858397,166.38560430497859,146.38023279218936,2.8929720109603454,1404156100,302.858,4.860666666666667,3.4,27453.815,19.08,0.09,3.3,-1.56,20724.346666666668,103.2241,63.7
2023-04-06,163.0160675048828,163.31307537959037,160.38262084569607,160.80832055116676,45390100,157.07939758300782,157.96935531986514,65.63360029084188,160.29753522667005,156.49629969882733,3.801235527842721,3.4208979231474275,0.3803376046952933,157.07939758300782,166.89089797644579,147.26789718956985,2.928329775508193,1449546200,302.858,4.868333333333333,3.4,27453.815,18.4,0.09,3.3,-1.61,20727.433333333334,103.2241,63.7
2023-04-10,160.41229248046875,160.41229248046875,158.48176428720794,159.80838211165943,47716900,157.7491439819336,158.20201600182742,58.567068031861595,160.31519018879294,156.78637323820817,3.528816950584769,3.4424817286348963,0.08633522194987275,157.7491439819336,166.4923719184335,149.0059160454337,2.992681988758343,1401829300,302.858,4.899,3.4,27453.815,18.97,0.09,3.41,-1.67,20739.78,103.2241,63.7
2023-04-11,159.194580078125,160.73900266239136,158.90746697083827,160.72910794044708,47644200,158.2604881286621,158.29654591385574,55.554575971797206,160.14278863330554,156.96475893005388,3.178029703251667,3.3895913235582507,-0.21156162030658354,158.2604881286621,166.031796820935,150.4891794363892,2.921259803275429,1354185100,302.858,4.906666666666666,3.4,27453.815,19.1,0.09,3.43,-1.61,20742.866666666665,103.2241,63.7
2023-04-12,158.50155639648438,160.441979159197,158.18474404786926,159.61036940374873,50133100,158.6322395324707,158.31607072172514,53.85672185290784,159.89029136610228,157.0785957794191,2.811695586683186,3.2740121761832377,-0.46231658950005183,158.6322395324707,165.66796647449885,151.59651259044253,2.776292978159134,1304052000,302.858,4.914333333333333,3.4,27453.815,19.09,0.09,3.41,-1.61,20745.95333333333,103.2241,63.7
2023-04-13,163.90704345703125,164.14465273087802,159.80837789845614,160.01628790137767,68445600,159.25446395874025,158.84854431556383,63.28263583859409,160.5082532262452,157.58440671850147,2.9238465077437183,3.2039790424953343,-0.2801325347516159,159.25446395874025,165.8299210903494,152.6790068271311,2.9057018531468475,1372497600,302.858,4.922,3.4,27453.815,17.8,0.09,3.45,-1.65,20749.04,103.2241,63.7
2023-04-14,163.56053161621094,164.6594498569072,162.18441013519882,162.9467114928456,49386500,159.71779174804686,159.29730501086354,62.402629403199114,160.97783451700917,158.0270826368503,2.9507518801588617,3.15333361002804,-0.20258172986917833,159.71779174804686,166.13379526795524,153.3017882281385,2.9064097051348847,1323111100,302.858,4.929666666666667,3.4,27453.815,17.07,0.09,3.52,-1.62,20752.126666666667,103.2241,63.7
2023-04-17,163.580322265625,163.73872843453088,162.39230621171848,163.4417206444433,41516200,160.22418441772462,159.70521141607892,62.43475965352007,161.37821724756546,158.43843372046325,2.9397835271022075,3.110623593442874,-0.1708400663406664,160.22418441772462,166.1632366380422,154.28513219740702,2.797507322558571,1364627300,302.858,4.9526666666666666,3.4,27453.815,16.95,0.09,3.6,-1.61,20761.386666666665,103.2241,63.7
2023-04-18,164.80796813964844,165.73858561594125,163.99614775175192,164.44166704612937,49923000,160.67315673828125,160.19118824689505,64.46351134721182,161.90587123096284,158.91025108484735,2.995620146115499,3.087622903977399,-0.09200275786189982,160.67315673828125,166.57263817681195,154.77367529975055,2.774172588164849,1414550300,302.858,4.960333333333333,3.4,27453.815,16.83,0.09,3.58,-1.62,20764.47333333333,103.2241,63.7
2023-04-19,165.95640563964844,166.48111297033782,163.8872604852793,164.14467434244943,47720200,161.08648986816405,160.74025657001442,66.29720820560549,162.5290303707606,159.43218845927706,3.0968419114835513,3.0894667054786296,0.007375206004921697,161.08648986816405,167.2446467736554,154.9283329626727,2.7190141621194113,1462270500,302.858,4.968,3.4,27453.815,16.46,0.09,3.6,-1.56,20767.559999999998,103.2241,63.7
2023-04-20,164.98614501953125,166.19396563576217,163.90703130539762,164.43173852810273,52456400,161.52308654785156,161.14462689853983,63.324249986344256,162.90704800903302,159.84359264892552,3.063455360107497,3.084264436404403,-0.02080907629690598,161.52308654785156,167.48393454966862,155.5622385460345,2.762150217034271,1409814100,302.858,4.975666666666666,3.4,27453.815,17.17,0.09,3.54,-1.58,20770.646666666667,103.2241,63.7
2023-04-21,163.37245178222656,164.78816747380588,162.84774448751364,163.4021510550257,58337300,161.8245475769043,161.35680069698617,58.61632625749817,162.97864858952434,160.10498962176266,2.873658967761685,3.0421433426758595,-0.16848437491417467,161.8245475769043,167.51295562334448,156.13613953046413,2.6963826978850745,1351476800,302.858,4.983333333333333,3.4,27453.815,16.77,0.09,3.57,-1.57,20773.733333333334,103.2241,63.7
2023-04-24,163.67933654785156,163.94664508043508,162.25371118266517,163.35262947612597,41949600,162.0760124206543,161.57799458754477,59.237001638205044,163.08644673695932,160.3697560607322,2.716690676227131,2.977052809386114,-0.26036213315898316,162.0760124206543,167.6237683787879,156.52825646252072,2.6709261726552813,1393426400,302.858,5.006333333333333,3.4,27453.815,16.89,0.09,3.52,-1.68,20782.993333333332,103.2241,63.7
2023-04-25,162.1349334716797,164.64956760321772,162.09532436989073,163.54075445626503,48714100,162.34777221679687,161.63103638603383,54.78393956546035,162.94006008076244,160.5005099430246,2.4395501377378253,2.8695522750564564,-0.43000213731863113,162.34777221679687,167.31788395219812,157.37766048139562,2.731034733097348,1344712300,302.858,5.013999999999999,3.4,27453.815,18.76,0.09,3.4,-1.72,20786.079999999998,103.2241,63.7
2023-04-26,162.125,163.6298284131595,161.1745931859106,161.43199188421733,45498800,162.65022201538085,161.67808053974488,54.75542820479472,162.81466622218358,160.6208425398376,2.1938236823459647,2.7344065565143585,-0.5405828741683938,162.65022201538085,166.70965761529328,158.59078641546841,2.635567849247652,1299213500,302.858,5.0216666666666665,3.4,27453.815,18.84,0.09,3.43,-1.73,20789.166666666664,103.2241,63.7
2023-04-27,166.72860717773438,166.87710354316513,163.54075427728802,163.54075427728802,64902300,163.02840881347657,162.15908307669625,64.08433033268099,163.41681098457602,161.0732695500522,2.3435414345238144,2.65623353211625,-0.31269209759243566,163.02840881347657,167.127680387808,158.92913723914515,2.76568563562414,1364115800,302.858,5.029333333333333,3.4,27453.815,17.03,0.09,3.53,-1.65,20792.25333333333,103.2241,63.7
2023-04-28,167.98590087890625,168.15421688581486,166.2038842356674,166.80779457565893,55209200,163.39075393676757,162.71401810547815,66.13786284693545,164.11974789139603,161.58531631515248,2.5344315762435485,2.6318731409417095,-0.09744156469816101,163.39075393676757,167.87917426090232,158.90233361263282,2.5811163093721814,1419325000,302.858,5.037,3.4,27453.815,15.78,0.09,3.44,-1.66,20795.34,103.2241,63.7
2023-05-01,167.8968048095703,168.74821914844807,166.95629265889536,167.5899022757501,52472900,163.62291259765624,163.20761683920122,65.8505312502327,164.70083357111514,162.05283398140566,2.6479995897094852,2.6350984306952645,0.012901159014220731,163.62291259765624,168.5206125493644,158.7252126459481,2.578287080657869,1366852100,303.316,5.06,3.6,27453.815,16.08,0.09,3.59,-1.68,20804.6,102.9809,59.0
2023-05-02,166.85728454589844,168.6492261368123,165.86726857821876,168.3918123170909,48425700,163.74022903442383,163.55520423983907,62.44198621513479,165.03259525954334,162.40871920840513,2.623876051138211,2.632853954783854,-0.008977903645642993,163.74022903442383,168.82618228449815,158.65427578434952,2.6157672554625697,1318426400,303.316,5.0606451612903225,3.6,27453.815,17.78,0.09,3.44,-1.8,20804.07741935484,102.9809,59.0
2023-05-03,165.77816772460938,169.21352427793394,165.4910697460863,167.8077034423993,65136000,163.83031997680663,163.76691504791242,59.02631833834164,165.14729871570734,162.6583079873832,2.4889907283241257,2.6040813094919084,-0.1150905811677827,163.83031997680663,168.99306568576105,158.66757426785222,2.478578555280712,1253290400,303.316,5.0612903225806445,3.6,27453.815,18.34,0.09,3.38,-1.88,20803.554838709675,102.9809,59.0
2023-05-04,164.1347198486328,165.37223965151196,162.6695006318279,163.243711633137,81235400,163.9308059692383,163.80194407655245,54.16668667861149,164.99151735154203,162.76767182895725,2.2238455225847815,2.528034152110483,-0.3041886295257017,163.9308059692383,169.03477130301178,158.8268406354648,2.5238376532145037,1172055000,303.316,5.061935483870967,3.6,27453.815,20.09,0.09,3.37,-1.89,20803.032258064515,102.9809,59.0
2023-05-05,171.83706665039062,172.55977402605672,169.055109287866,169.27291399392053,113316400,164.37185592651366,164.56719384548944,67.62124883156848,166.04467878213413,163.43947885276714,2.6051999293669894,2.5434673075617846,0.06173262180520478,164.37185592651366,170.5042946069362,158.2394172460911,3.029454221401039,1285371400,303.316,5.06258064516129,3.6,27453.815,17.19,0.09,3.44,-1.82,20802.509677419355,102.9809,59.0
2023-05-08,171.76776123046875,172.1142728432519,170.39163971305302,170.75794076749395,55962800,164.93962936401368,165.25296216786842,67.4294408446395,166.92515300495484,164.05638865852282,2.868764346432016,2.608526715335831,0.26023763109618514,164.93962936401368,171.5820379618178,158.29722076620956,2.998337777106942,1229408600,303.316,5.064516129032258,3.6,27453.815,16.98,0.09,3.52,-1.79,20800.941935483872,102.9809,59.0
2023-05-09,170.0550537109375,171.80737116626167,169.88675280256177,171.3222729910744,45326900,165.4826530456543,165.71030421958926,62.69653638078489,167.40667619049063,164.50073421796094,2.905941972529689,2.6680097667746026,0.23793220575508656,165.4826530456543,171.9304812145227,159.0348248767859,2.9502496255813275,1184081700,303.316,5.06516129032258,3.6,27453.815,17.71,0.09,3.53,-1.76,20800.41935483871,102.9809,59.0
2023-05-10,171.82717895507812,172.29248769554175,170.1837487273319,171.29257694818676,53724500,166.148934173584,166.29286371820726,65.4024817133093,168.08675353888873,165.04343382811777,3.043319710770959,2.743071755573874,0.3002479551970847,166.148934173584,172.3216342025478,159.97623414462018,2.9467138865984492,1237806200,303.316,5.065806451612903,3.6,27453.815,16.94,0.09,3.43,-1.81,20799.89677419355,102.9809,59.0
2023-05-11,172.01527404785156,172.84688383352895,170.4510470092042,172.11428168700377,49514700,166.554345703125,166.83785517817338,65.68699097042628,168.6911413094984,165.55986643698694,3.1312748725114545,2.8207123789613906,0.31056249355006393,166.554345703125,173.13631847133976,159.97237293491023,2.965102193191817,1287320900,303.316,5.066451612903226,3.6,27453.815,16.93,0.09,3.39,-1.81,20799.374193548385,102.9809,59.0
2023-05-12,171.08335876464844,172.5605130962495,169.52687667093326,172.12430116865193,45497800,166.93048706054688,167.24218885307576,62.92599850257175,169.05917476413686,165.96901401681373,3.090160747323125,2.8746020526337377,0.2155586946893875,166.93048706054688,173.64362667948498,160.21734744160878,3.0608666594451273,1241823100,303.316,5.067096774193548,3.6,27453.815,17.03,0.09,3.46,-1.79,20798.851612903225,102.9809,59.0
2023-05-15,170.58767700195312,171.71785564660993,169.9928397669383,171.66828335580215,37266700,167.28085479736328,167.56080677201646,61.44656764701437,169.29432895457012,166.31113720089814,2.9831917536719743,2.896319992841385,0.08687176083058912,167.28085479736328,173.98946867522403,160.57224091950252,3.0016361341840314,1204556400,303.316,5.0690322580645155,3.6,27453.815,17.12,0.09,3.5,-1.71,20797.28387096774,102.9809,59.0
2023-05-16,170.58767700195312,171.64845141401116,170.3199987334625,170.50836436212853,42110300,167.56984024047853,167.8490801272485,61.44656764701437,169.49330557724443,166.62791792690223,2.8653876503421998,2.890133524341548,-0.024745873999348245,167.56984024047853,174.32524035824122,160.81444012271584,2.9211516665625856,1204556400,303.316,5.069677419354838,3.6,27453.815,17.99,0.09,3.54,-1.69,20796.76129032258,102.9809,59.0
2023-05-17,171.20233154296875,171.4402543357864,168.9518826544196,170.23077817517168,57951600,167.83213653564454,168.16843740493616,62.70747693678158,169.75623264889433,166.96676337994418,2.7894692689501426,2.870000673263267,-0.08053140431312444,167.83213653564454,174.722608053294,160.94166501799506,2.7594565335769903,1262508000,303.316,5.070322580645161,3.6,27453.815,16.87,0.09,3.57,-1.69,20796.23870967742,102.9809,59.0
2023-05-18,173.54200744628906,173.73037308197308,171.0932844370763,171.50966446616422,65496700,168.25992965698242,168.6802059803031,67.11619342769332,170.33865954080122,167.45381849596973,2.8848410448314894,2.8729687475769117,0.011872297254577724,168.25992965698242,175.4465256201745,161.07333369379035,2.8085105332019418,1328004700,303.316,5.070967741935484,3.6,27453.815,16.05,0.09,3.65,-1.66,20795.71612903226,102.9809,59.0
2023-05-19,173.65103149414062,174.87043102802375,173.43292554468675,174.87043102802375,55772400,168.77385864257812,169.1536179340019,67.31012785429118,170.84825522593036,167.91287131064905,2.9353839152813066,2.8854517811177907,0.04993213416351594,168.77385864257812,175.95898058571188,161.58873669944435,2.783194747043676,1383777100,303.316,5.071612903225806,3.6,27453.815,16.81,0.09,3.7,-1.59,20795.1935483871,102.9809,59.0
2023-05-22,172.6993408203125,173.20495707678998,171.95580173946098,172.48123481307542,43570900,169.22485885620117,169.49130582793623,63.77441102063075,171.13303762506607,168.26742460766116,2.865613017404911,2.881484028375215,-0.015871010970303967,169.22485885620117,176.2036426727239,162.24607503967843,2.705571332478397,1340206200,303.316,5.073548387096774,3.6,27453.815,17.21,0.09,3.72,-1.68,20793.625806451615,102.9809,59.0
2023-05-23,170.08204650878906,171.88637487652753,169.80445985641978,171.63852857067366,50747300,169.62221450805663,169.5475668451603,55.188488044216115,170.97134668410035,168.40184104478175,2.5695056393186064,2.8190883505638933,-0.24958271124528686,169.62221450805663,175.8000299183976,163.44439909771566,2.646458934767332,1289458900,303.316,5.074193548387097,3.6,27453.815,18.53,0.09,3.7,-1.64,20793.10322580645,102.9809,59.0
2023-05-24,170.35964965820312,170.93465495874622,169.0510289027881,169.61611066863975,45143500,170.0339469909668,169.62490806545011,55.867158483820894,170.87723944934694,168.5468639050352,2.3303755443117495,2.7213457893134647,-0.3909702450017152,170.0339469909668,175.16760316746354,164.90029081447005,2.558956003565665,1334602400,303.316,5.07483870967742,3.6,27453.815,20.03,0.09,3.73,-1.64,20792.58064516129,102.9809,59.0
2023-05-25,171.49974060058594,172.4018896852921,170.21093674442764,170.92473533776644,56058300,170.2725036621094,169.80346354498687,58.637754669450736,170.97300885722987,168.765595512113,2.207413345116862,2.618559300474144,-0.41114595535728204,170.2725036621094,175.2092479862676,165.33575933795117,2.1136630580971336,1390660700,303.316,5.075483870967742,3.6,27453.815,19.14,0.09,3.83,-1.55,20792.058064516128,102.9809,59.0
2023-05-26,173.91871643066406,174.2557989304357,171.61871039409903,171.82690796374212,54835000,170.56914443969725,170.19539239124185,63.8266696289878,171.42619463775821,169.14730817274642,2.2788864650117944,2.5506247333816745,-0.27173826836988013,170.56914443969725,175.6320215438229,165.5062673355716,2.187479143786482,1445495700,303.316,5.0761290322580646,3.6,27453.815,17.95,0.09,3.8,-1.54,20791.535483870968,102.9809,59.0
2023-05-30,175.77261352539062,177.44805707235744,175.04890650518007,175.4355461600694,55964400,170.9629348754883,170.72655630877983,67.22066583735233,172.09487446662476,169.63807153220154,2.456802934423223,2.5318603735899843,-0.07505743916676133,170.9629348754883,176.34804204504402,165.57782770593255,2.302387877928873,1501460100,303.316,5.078709677419355,3.6,27453.815,17.46,0.09,3.69,-1.86,20789.445161290325,102.9809,59.0
2023-05-31,175.72305297851562,177.80496826079084,175.23726871202743,175.80236562165695,99625300,171.40622329711914,171.20241313446897,67.03957800120017,172.65305577614643,170.08881089859517,2.5642448775512605,2.5383372743822394,0.025907603169021076,171.40622329711914,176.82598645373156,165.98646014050672,2.3259782753688136,1401834800,303.316,5.079354838709677,3.6,27453.815,17.94,0.09,3.64,-1.88,20788.92258064516,102.9809,59.0
2023-06-01,178.53858947753906,178.5683298287558,175.405808045758,176.1691790241155,68901800,172.04424438476562,171.90109659571374,71.70329410316177,173.5585224994376,170.71472042296136,2.843802076476237,2.599430234801039,0.2443718416751981,172.04424438476562,177.66426899338734,166.4242197761439,2.3807414867026018,1470736600,304.099,5.08,3.6,27453.815,15.65,0.09,3.61,-1.89,20788.4,102.3809,64.2
2023-06-02,179.39117431640625,180.21402596420296,177.71573067078862,179.4704869589175,61945900,172.80706710815429,172.6144373310178,72.95138303849882,174.45585354820201,171.35742071136468,3.0984328368373326,2.6992307552082977,0.3992020816290349,172.80706710815429,178.0549659999766,167.55916821633198,2.3425028344238945,1532682500,304.099,5.081333333333333,3.6,27453.815,14.6,0.09,3.69,-1.81,20787.54,102.3809,64.2
2023-06-05,178.03297424316406,183.35670847100744,176.50623240767692,181.05670243794387,121946500,173.11686248779296,173.13048846550794,67.81951852814589,175.0061798089654,171.85190615816464,3.154273650800775,2.7902393343267935,0.36403431647398143,173.11686248779296,178.8116312248835,167.4220937507024,2.7086071332566712,1410736000,304.099,5.085333333333334,3.6,27453.815,14.73,0.09,3.69,-1.77,20784.960000000003,102.3809,64.2
2023-06-06,177.6661834716797,178.56833268525313,175.9015035496613,178.41963092679066,64848400,173.41178359985352,173.5624594184767,66.45982761104064,175.4154111416907,172.28259336657317,3.1328177751175303,2.858755022484941,0.2740627526325894,173.41178359985352,179.3999157428486,167.42365145685844,2.804205451474041,1345887600,304.099,5.086666666666667,3.6,27453.815,13.96,0.09,3.7,-1.74,20784.100000000002,102.3809,64.2
2023-06-07,176.28814697265625,179.64894264257165,175.79245430672572,176.90280103766142,61944600,173.72343826293945,173.82204870935092,61.47329153318791,175.54967819260847,172.57930104109784,2.9703771515106325,2.8810794482900794,0.08929770322055308,173.72343826293945,179.62855284158476,167.81832368429414,2.9019280696511225,1283943000,304.099,5.088,3.6,27453.815,13.94,0.09,3.79,-1.63,20783.24,102.3809,64.2
2023-06-08,179.0144500732422,179.28211321134853,175.93124119908015,176.36743802214428,50214900,174.08280181884766,174.3165631249596,66.78329078629837,176.08272002039828,173.0559787471826,3.0267412732156913,2.910211813275202,0.11652945994048913,174.08280181884766,180.34647572866217,167.81912790903314,2.9529125958919513,1334157900,304.099,5.089333333333333,3.6,27453.815,13.65,0.09,3.73,-1.65,20782.38,102.3809,64.2
2023-06-09,179.40110778808594,180.66015634842165,179.0739487923587,179.93644924551378,48870700,174.45209350585938,174.80080547382877,67.46811484568397,176.59324121542716,173.52598830576804,3.0672529096591177,2.9416200325519855,0.12563287710713222,174.45209350585938,181.04679189985933,167.85739511185943,2.9677840810235563,1383028600,304.099,5.0906666666666665,3.6,27453.815,13.83,0.09,3.75,-1.62,20781.52,102.3809,64.2
2023-06-12,182.2067108154297,182.30585540353945,179.41101193334958,179.7084305703386,54274900,175.00826110839844,175.50612979207648,71.98193962915781,177.45685192311984,174.1690047879652,3.2878471351546352,3.0108654530725154,0.2769816820821198,175.00826110839844,182.22005010084806,167.79647211594883,3.054178213935976,1437303500,304.099,5.094666666666667,3.6,27453.815,15.01,0.09,3.73,-1.67,20778.94,102.3809,64.2
2023-06-13,181.73081970214844,182.56357964467625,180.86831941362593,181.22521869290037,54929100,175.5654182434082,176.09895740255953,70.20261650862189,178.11438542758577,174.72913922605284,3.3852462015329365,3.0857416027645996,0.2995045987683369,175.5654182434082,183.0419448580934,168.08889162872302,2.968491018732948,1382374400,304.099,5.096,3.6,27453.815,14.61,0.09,3.84,-1.52,20778.08,102.3809,64.2
2023-06-14,182.36532592773438,182.8015378873281,180.45195952819037,181.79032062893717,57462900,176.15430068969727,176.69575440495714,71.22396784886666,178.76837627376247,175.29478268543667,3.473593588325798,3.1633119998768398,0.31028158844895826,176.15430068969727,183.82264388804202,168.4859574913525,3.0017733261029185,1439837300,304.099,5.097333333333333,3.6,27453.815,13.88,0.09,3.83,-1.53,20777.22,102.3809,64.2
2023-06-15,184.40757751464844,184.91319370821412,182.19679249165128,182.37524971506843,65433200,176.81456298828124,177.43021374873726,74.27979947275216,179.63594569543724,175.96980452463754,3.6661411707997047,3.2638778340614127,0.40226333673829195,176.81456298828124,184.92496483897264,168.70416113758984,3.0393053457956603,1505270500,304.099,5.0986666666666665,3.6,27453.815,14.5,0.09,3.72,-1.61,20776.36,102.3809,64.2
2023-06-16,183.3269805908203,185.37915556544473,182.68258615200966,185.12138568804832,101235600,177.3038116455078,177.9918105908404,70.0414864069836,180.20379721780387,176.51478052953996,3.689016688263905,3.348905604901911,0.340111083361994,177.3038116455078,185.7395424280893,168.86808086292632,3.035056137480325,1404034900,304.099,5.1,3.6,27453.815,13.54,0.09,3.77,-1.57,20775.5,102.3809,64.2
2023-06-20,183.41619873046875,184.4968202621219,182.82137659501507,182.82137659501507,49799100,177.7920700073242,178.5084189850907,70.19270978189911,180.69801283513692,177.02599669257174,3.672016142565184,3.4135277124345658,0.25848843013061806,177.7920700073242,186.45299741338715,169.13114260126127,2.902634925009857,1453834000,304.099,5.105333333333333,3.6,27453.815,13.88,0.09,3.74,-1.65,20772.06,102.3809,64.2
2023-06-21,182.37525939941406,183.8127651610623,181.01705115534045,183.30714894064778,49515700,178.2758659362793,178.87668950074055,66.00630675074046,180.9560507681026,177.42223837456007,3.533812393542547,3.4375846486561623,0.09622774488638486,178.2758659362793,186.8250984407736,169.72663343178502,2.9189216719354585,1404318300,304.099,5.1066666666666665,3.6,27453.815,13.2,0.09,3.72,-1.68,20771.2,102.3809,64.2
2023-06-22,185.38905334472656,185.43862563579464,182.0877384404729,182.15714267343606,51245300,179.04121627807618,179.49691462873923,71.33658396269193,181.6380511645063,178.01237281679462,3.62567834771167,3.4752033884672637,0.15047495924440613,179.04121627807618,187.25328565750917,170.8291468986432,2.932376344244312,1455563600,304.099,5.1080000000000005,3.6,27453.815,12.91,0.09,3.8,-1.6,20770.34,102.3809,64.2
2023-06-23,185.07180786132812,185.94423180057566,183.41619616013958,183.95155271461957,53079300,179.7768241882324,180.02785684136674,70.09069768370229,182.1663214255558,178.5352939312045,3.6310274943512866,3.5063682096440685,0.1246592847072181,179.7768241882324,187.35793853088816,172.19570984557666,2.934500654745865,1402484300,304.099,5.109333333333334,3.6,27453.815,13.44,0.09,3.74,-1.67,20769.48,102.3809,64.2
2023-06-26,183.6739501953125,186.42999999051133,183.63428631385352,185.2205087707664,48088700,180.38553466796876,180.37510382745683,64.72654982532276,182.39826431321066,178.91593513595325,3.4823291772574123,3.5015604031667373,-0.019231225909325023,180.38553466796876,187.1180436032388,173.65302573269872,2.6448747699835287,1354395600,304.099,5.113333333333333,3.6,27453.815,14.25,0.09,3.72,-1.78,20766.899999999998,102.3809,64.2
2023-06-27,186.43991088867188,186.7670698420573,184.07050070567323,184.28860667459685,50730800,181.01159439086913,180.95270449995348,69.6724507164889,183.02005609405086,179.47326667319166,3.5467894208591986,3.51060620670523,0.036183214153968635,181.01159439086913,187.54810876157413,174.47508002016414,2.6753240922087422,1405126400,304.099,5.1146666666666665,3.6,27453.815,13.74,0.09,3.77,-1.67,20766.039999999997,102.3809,64.2
2023-06-28,187.61968994140625,188.2640844107442,185.9839100562617,186.31105393141783,51216800,181.60394821166992,181.58765549437754,71.50757801790743,183.7276920705671,180.07670543380016,3.6509866367669304,3.5386822927175703,0.11230434404936007,181.60394821166992,188.27976195844252,174.9281344648973,2.5627302363970688,1456343200,304.099,5.116,3.6,27453.815,13.43,0.09,3.71,-1.73,20765.18,102.3809,64.2
2023-06-29,187.95675659179688,188.43263248114428,187.312362125066,187.45115547762376,46347300,182.21563339233398,182.19423655127463,72.0283489893473,184.37831738152553,180.66041292698512,3.7179044545404167,3.5745267250821398,0.14337772945827698,182.21563339233398,188.8657840112956,175.56548277337237,2.403401546669205,1502690500,304.099,5.117333333333334,3.6,27453.815,13.54,0.09,3.85,-1.61,20764.32,102.3809,64.2
2023-06-30,192.29901123046875,192.8046122965116,189.61235036422667,189.9791732182635,85069600,182.90365447998047,183.1565960445312,77.68644542837747,185.59688566597833,181.52253131983576,4.07435434614257,3.674492249294226,0.3998620968483442,182.90365447998047,190.64715385182396,175.160155108137,2.6321265059217245,1587760100,304.099,5.118666666666667,3.6,27453.815,13.59,0.09,3.81,-1.62,20763.46,102.3809,64.2
2023-07-03,190.80203247070312,192.20979786240994,190.1080506189076,192.11065327577057,31458200,183.4741973876953,183.88473284702377,72.25976992879292,186.39767748208985,182.20990177545556,4.187775706634284,3.777148940762238,0.41062676587204594,183.4741973876953,191.76087810318873,175.1875166722019,2.5811417199294118,1556301900,304.615,5.133548387096774,3.5,27967.697,13.57,0.09,3.86,-1.58,20760.81935483871,103.0722,71.5
2023-07-05,189.68174743652344,191.3175270975779,188.97785723169864,189.91968534956396,46920300,184.05663604736327,184.43682947459519,68.408564721943,186.90291901354118,182.76337182442356,4.139547189117621,3.8496285904333147,0.2899185986843067,184.05663604736327,192.3691261539108,175.74414594081574,2.627170979560051,1509381600,304.615,5.147096774193549,3.5,27967.697,14.18,0.09,3.95,-1.49,20759.038709677418,103.0722,71.5
2023-07-06,190.15760803222656,190.36580559694158,187.57009184775086,188.20457782150964,45094300,184.68120727539062,184.98166552770294,69.16043720553868,187.40364040103125,183.31109302500155,4.0925473760296995,3.898212347552592,0.19433502847710749,184.68120727539062,192.8551861047941,176.50722844598715,2.659037793135265,1554475900,304.615,5.153870967741936,3.5,27967.697,15.44,0.09,4.05,-1.41,20758.14838709677,103.0722,71.5
2023-07-07,189.03733825683594,191.01020041329645,188.60114143984475,189.76106040417397,46778000,185.31866683959962,185.36792007333463,65.22479922476924,187.65497853269352,183.73525933847077,3.9197191942227505,3.9025137168866237,0.017205477336126762,185.31866683959962,192.72778246131608,177.90955121788315,2.637084775770183,1507697900,304.615,5.160645161290323,3.5,27967.697,14.83,0.09,4.06,-1.4,20757.25806451613,103.0722,71.5
2023-07-10,186.98521423339844,188.35333102371072,185.42873178327892,187.62960873841527,59922200,185.71720504760742,185.5219480885788,58.64171045734933,187.55193787126353,183.97599673809503,3.5759411331684987,3.837199200142999,-0.2612580669745004,185.71720504760742,192.56311694586503,178.8712931493498,2.7022302800646076,1447775700,304.615,5.180967741935484,3.5,27967.697,15.07,0.09,4.01,-1.47,20754.587096774194,103.0722,71.5
2023-07-11,186.4597625732422,187.66925393721883,184.99251645839882,187.53046059023825,46638100,186.07013778686525,185.61126375378484,57.05383779850385,187.38391090233716,184.15997939255038,3.2239315097867802,3.714545662071756,-0.4906141522849756,186.07013778686525,192.27496857121164,179.86530700251885,2.773751266615548,1401137600,304.615,5.187741935483871,3.5,27967.697,14.84,0.09,3.99,-1.5,20753.696774193548,103.0722,71.5
2023-07-12,188.1352081298828,190.04857465553215,186.84640410814296,188.04597194874682,60750200,186.3665626525879,185.85163940865132,60.70728868798321,187.49949509119034,184.45444078050096,3.0450543106893804,3.580647391795281,-0.5355930811059006,186.3665626525879,192.3679078159572,180.3652174892186,2.8304011292275573,1461887800,304.615,5.194516129032258,3.5,27967.697,13.54,0.09,3.86,-1.61,20752.8064516129,103.0722,71.5
2023-07-13,188.8985595703125,189.5429691298021,188.14511214362412,188.8589108119984,41342300,186.7249496459961,186.14182228119049,62.28167117056799,187.71473578028605,184.78363476493146,2.931101015354585,3.450738116507142,-0.5196371011525569,186.7249496459961,192.42464770462013,181.02525158737208,2.6916064009845235,1503230100,304.615,5.201290322580645,3.5,27967.697,13.61,0.09,3.76,-1.71,20751.916129032255,103.0722,71.5
2023-07-14,189.04725646972656,189.5330255625977,187.9963905210603,188.59121259694425,41573900,187.0590461730957,186.4185302991463,62.59606758314586,187.9197389632769,185.09945859491629,2.8202803683606135,3.3246465668778367,-0.5043661985172232,187.0590461730957,192.47360377326441,181.644488572927,2.620792072491759,1544804000,304.615,5.208064516129032,3.5,27967.697,13.34,0.09,3.83,-1.66,20751.025806451613,103.0722,71.5
2023-07-17,192.31883239746094,192.64599134916114,190.1576046603519,190.2468257033596,50520200,187.45460891723633,186.98046383231912,68.76495743894763,188.596522568536,185.63422702473443,2.9622955438015595,3.252176362262581,-0.28988081846102176,187.45460891723633,193.18335812480288,181.72585970966978,2.6781507298329563,1595324200,304.615,5.228387096774194,3.5,27967.697,13.48,0.09,3.81,-1.68,20748.354838709678,103.0722,71.5
2023-07-18,192.0610809326172,192.65591819761897,190.76236853561463,191.6843647836334,48353800,187.89131393432618,187.4643321275856,67.81599135987912,189.12953154762542,186.1102902771702,3.019241270455211,3.2055893439011074,-0.1863480734458962,187.89131393432618,193.62648404173177,182.15614382692058,2.5924671594943516,1546970400,304.615,5.235161290322581,3.5,27967.697,13.3,0.09,3.8,-1.69,20747.464516129032,103.0722,71.5
2023-07-19,193.41928100585938,196.52230675519328,190.99037488225764,191.4365103758755,80507300,188.3914680480957,188.03147011599265,70.15335518572311,189.78949300273834,186.65169699781384,3.137796004924496,3.192030676105785,-0.054234671181288885,188.3914680480957,194.22224092842873,182.56069516776267,2.8247355536695755,1627477700,304.615,5.241935483870968,3.5,27967.697,13.76,0.09,3.75,-1.74,20746.574193548386,103.0722,71.5
2023-07-20,191.46624755859375,194.777470825343,190.84166997972974,193.40935427253197,59581200,188.84601745605468,188.35859177719277,63.061188288247365,190.04745524210068,187.00833037268643,3.039124869414252,3.1614495147674786,-0.12232464535322674,188.84601745605468,194.12080202337722,183.57123288873214,3.025844874350643,1567896500,304.615,5.248709677419355,3.5,27967.697,13.99,0.09,3.85,-1.64,20745.683870967743,103.0722,71.5
2023-07-21,190.2864990234375,193.29039530573385,189.58260879656223,192.42789492586837,71917800,189.09088973999025,188.54220199112083,59.16988000754124,190.08423120846018,187.25115768014948,2.833073528310706,3.095774317476124,-0.26270078916541806,189.09088973999025,194.15136202483637,184.03041745514412,2.9444113603832784,1495978700,304.615,5.255483870967742,3.5,27967.697,13.6,0.09,3.84,-1.66,20744.793548387097,103.0722,71.5
2023-07-24,191.08950805664062,193.2309038397432,190.59381542873754,191.74382595603396,45377800,189.39177474975585,188.7848025687894,60.936800342315365,190.23888918510335,187.53547993025992,2.7034092548434216,3.0173013049495836,-0.31389205010616195,189.39177474975585,194.16823199283263,184.61531750667908,2.998228803579319,1541356500,304.615,5.275806451612903,3.5,27967.697,13.91,0.09,3.86,-1.65,20742.122580645162,103.0722,71.5
2023-07-25,191.95204162597656,192.76498493762563,191.25807485221583,191.66454650804036,37283200,189.80567932128906,189.0864443837596,62.799020187371625,190.50245109908383,187.86263264846116,2.63981845062267,2.9418047340842013,-0.30198628346153145,189.80567932128906,193.91683069116235,185.69452795141578,2.950786447515443,1578639700,304.615,5.28258064516129,3.5,27967.697,13.86,0.09,3.91,-1.6,20741.232258064516,103.0722,71.5
2023-07-26,192.82443237304688,193.95461096026835,191.65460503159764,192.0015807949404,47471900,190.12490539550782,189.4424432398822,64.63535620541577,190.85967898738585,188.23017336880085,2.629505618585,2.879344910984361,-0.24983929239936087,190.12490539550782,194.13125523161358,186.11855555940207,2.915378746049728,1626111600,304.615,5.289354838709677,3.5,27967.697,13.19,0.09,3.86,-1.65,20740.34193548387,103.0722,71.5
2023-07-27,191.55548095703125,195.50119046422063,190.89125457942112,194.33136299756583,47460200,190.32169494628906,189.64368492722974,59.99618860064147,190.9667254442544,188.4764924494105,2.4902329948438933,2.8015225277562674,-0.31128953291237416,190.32169494628906,194.20113084513173,186.44225904744638,3.072584239717429,1578651400,304.615,5.296129032258064,3.5,27967.697,14.41,0.09,4.01,-1.5,20739.451612903227,103.0722,71.5
2023-07-28,194.14300537109375,194.93611671931453,192.46756161890426,192.99299467254062,48291400,190.6310073852539,190.07219163616918,65.44286735600299,191.45538389453736,188.89623414731298,2.5591497472243816,2.753047971649891,-0.1938982244255092,190.6310073852539,194.68923632680827,186.57277844369952,3.0563006174835903,1626942800,304.615,5.3029032258064515,3.5,27967.697,13.33,0.09,3.96,-1.56,20738.56129032258,103.0722,71.5
2023-07-31,194.7576446533203,194.7973085377491,193.57789369266726,194.37100498050742,38824100,190.7539390563965,190.51842525685024,66.60597445263679,191.96342401127322,189.33041270331353,2.6330113079596913,2.729040638911851,-0.0960293309521596,190.7539390563965,195.14235027481007,186.3655278379829,2.9522061436451503,1665766900,304.615,5.323225806451613,3.5,27967.697,13.63,0.09,3.97,-1.58,20735.890322580646,103.0722,71.5
2023-08-01,193.9248809814453,195.0352276872512,193.59772201405482,194.54945856713078,35175100,190.9100814819336,190.84284961157357,63.488087312329455,192.26518662206894,189.67074368687884,2.594442935190102,2.7021210981675012,-0.10767816297739907,190.9100814819336,195.51129253303677,186.3088704308304,2.798541400138465,1630591800,306.138,5.33,3.7,27967.697,13.93,0.09,4.05,-1.49,20735.0,103.0951,69.4
2023-08-02,190.92098999023438,193.4985827896997,190.1972829299724,193.3597894476311,50389300,190.97204360961913,190.8502915523984,53.719604984110454,192.05838714024821,189.76335452416444,2.2950326160837733,2.620703401750756,-0.3256707856669827,190.97204360961913,195.53866695837613,186.40542026086214,2.9642440466780107,1580202500,306.138,5.33,3.7,27967.697,16.09,0.09,4.08,-1.45,20733.270967741937,103.0951,69.4
2023-08-03,189.52313232421875,190.71279169853844,189.04727159995883,189.91969553388512,61235200,190.94031982421876,190.72389543542891,49.873935479899096,191.66834793778213,189.74556028713144,1.9227876506506902,2.481120251530743,-0.5583326008800529,190.94031982421876,195.53784425980575,186.34279538863177,2.9883214287307363,1518967300,306.138,5.33,3.7,27967.697,15.92,0.09,4.2,-1.34,20731.54193548387,103.0951,69.4
2023-08-04,180.42221069335938,185.7657766923876,180.3528064633521,183.92179948550063,115799700,190.50956344604492,189.74278260285087,33.2064853431267,189.93817297710171,189.05494179870388,0.8832311783978355,2.1615424369041616,-1.278311258506326,190.50956344604492,196.9746143255852,184.04451256650464,3.3862922131187423,1403167600,306.138,5.33,3.7,27967.697,17.1,0.09,4.05,-1.49,20729.812903225808,103.0951,69.4
2023-08-07,177.30926513671875,181.55239296699656,175.8221872019764,180.5610076771683,97576100,190.02576599121093,188.55863808226687,29.5667489350228,187.99526407858124,188.18489167559386,-0.1896275970126169,1.691308430120806,-1.8809360271334228,190.02576599121093,198.5829857840136,181.46854619840826,3.6603390776198728,1305591500,306.138,5.33,3.7,27967.697,15.77,0.09,4.09,-1.47,20724.62580645161,103.0951,69.4
2023-08-08,178.2510986328125,178.71705098279648,176.05022182613857,178.14204563329835,67823000,189.61533279418944,187.5769676585093,31.995440387362848,186.49616170230914,187.44905515390636,-0.9528934515972196,1.1624680537772007,-2.1153615053744206,189.61533279418944,199.501559129362,179.7291064590169,3.455688883600035,1373414500,306.138,5.33,3.7,27967.697,15.99,0.09,4.02,-1.55,20722.89677419355,103.0951,69.4
2023-08-09,176.6549530029297,179.3713391045639,175.48511045638642,179.31185840559957,60378500,189.04132003784179,186.53677578654933,30.101091702968077,184.98212959471232,186.6494920316118,-1.6673624368994808,0.5965019556418645,-2.263864392541345,189.04132003784179,200.42444981988427,177.6581902557993,3.452148012354623,1313036000,306.138,5.33,3.7,27967.697,15.96,0.09,4.0,-1.55,20721.167741935486,103.0951,69.4
2023-08-10,176.4368438720703,179.1928938087059,176.07003615011226,177.93383023619305,54686900,188.4182342529297,185.57487750897988,29.841092174733845,183.6674702527674,185.89299957534945,-2.225529322582048,0.03209569999708195,-2.25762502257913,188.4182342529297,201.05916728122585,175.77730122463353,3.4103673801704804,1258349100,306.138,5.33,3.7,27967.697,15.85,0.09,4.09,-1.45,20719.43870967742,103.0951,69.4
2023-08-11,176.49639892578125,177.32036168980022,175.26543082107975,176.02983256684112,51988100,187.79069137573242,184.71026050105618,30.01883861654123,182.56422851015415,185.19695508278886,-2.6327265726347093,-0.5008687545292763,-2.1318578181054333,187.79069137573242,201.44956560821112,174.13181714325373,3.3468335267715354,1310337200,306.138,5.33,3.7,27967.697,14.84,0.09,4.16,-1.38,20717.709677419356,103.0951,69.4
2023-08-14,178.15426635742188,178.38258864969947,176.01990054114177,176.6751020557822,43675600,187.08246307373048,184.08588010642436,34.95878890005528,181.88577279434918,184.67527443646537,-2.7895016421161927,-0.9585953320466596,-1.830906310069533,187.08246307373048,201.19025599792022,172.97467014954074,3.3959200430267282,1354012800,306.138,5.33,3.7,27967.697,14.82,0.09,4.19,-1.37,20712.522580645164,103.0951,69.4
2023-08-15,176.15887451171875,178.174103062697,175.76179096239193,177.57847773870674,43622600,186.28735275268554,183.33092719264286,32.02831041045437,181.00471152009834,184.04442999759524,-3.039718477496905,-1.3748199611367087,-1.6648985163601961,186.28735275268554,200.96415927722447,171.6105462281466,3.4039419124291816,1310390200,306.138,5.33,3.7,27967.697,16.46,0.09,4.21,-1.35,20710.793548387097,103.0951,69.4
2023-08-16,175.2853240966797,177.24097688863975,175.21582612983477,175.84124724036067,46964900,185.38065490722656,182.5646792787416,30.81064649828143,180.12480576264932,183.39560733826818,-3.2708015756188615,-1.7540162840331393,-1.5167852915857223,185.38065490722656,200.41914860223278,170.34216121222033,3.219314403429572,1263425300,306.138,5.33,3.7,27967.697,16.78,0.09,4.28,-1.28,20709.064516129034,103.0951,69.4
2023-08-17,172.73399353027344,176.218449670705,172.21777275650916,175.85114660071363,66062900,184.44404220581055,181.62842349317322,27.519837254501496,178.9877577268992,182.6058581673056,-3.6181004404064083,-2.126833115307793,-1.4912673250986153,184.44404220581055,200.1675291097361,168.72055530188499,3.263603057137613,1197362400,306.138,5.33,3.7,27967.697,17.89,0.09,4.3,-1.26,20707.335483870967,103.0951,69.4
2023-08-18,173.22044372558594,173.8260060676773,170.70885281849434,171.04637539663875,61114200,183.59073944091796,180.82766351530776,29.075286416615455,178.1004786497741,181.9106422827338,-3.8101636329597,-2.463499218838175,-1.3466644141215252,183.59073944091796,199.79822259591523,167.38325628592068,3.3991558002876934,1258476600,306.138,5.33,3.7,27967.697,17.3,0.09,4.26,-1.29,20705.606451612904,103.0951,69.4
2023-08-21,174.5605926513672,174.84849110751958,172.47588124297116,173.79620604217206,46311900,182.7642936706543,180.23079962350388,33.32076481196529,177.55588080386534,181.3661941618918,-3.8103133580264625,-2.7328620466758324,-1.07745131135063,182.7642936706543,199.04350937143403,166.48507796987457,3.46594895681284,1304788500,306.138,5.33,3.7,27967.697,17.13,0.09,4.34,-1.23,20700.419354838712,103.0951,69.4
2023-08-22,175.9404754638672,176.38719824747957,174.96761015656983,175.77171419662545,42084200,181.96371536254884,179.8221973225861,37.47110436184917,177.3073569054041,180.96428907314925,-3.65693216774514,-2.917676070889694,-0.739256096855446,181.96371536254884,197.92864936832,165.99878135677767,3.3301637814299454,1346872700,306.138,5.33,3.7,27967.697,16.97,0.09,4.34,-1.23,20698.690322580645,103.0951,69.4
2023-08-23,179.80218505859375,180.2290643006026,177.032491470534,177.2211114741355,52722800,181.31260299682617,179.82029139268207,47.348182236197594,177.69117662127945,180.87820729429328,-3.1870306730138225,-2.9715469913145194,-0.2154836816993031,181.31260299682617,196.49570993881935,166.129496054833,3.5026545276056504,1399595500,306.138,5.33,3.7,27967.697,15.98,0.09,4.19,-1.38,20696.961290322582,103.0951,69.4
2023-08-24,175.0966796875,179.78233860000068,174.72936147404116,179.355459364837,54945800,180.48966293334962,179.37042361123616,39.21886477583656,177.29202324685184,180.44994599008638,-3.1579227432345363,-3.0088221416985226,-0.14910060153601368,180.48966293334962,195.1375995032443,165.84172636345494,3.209975793583218,1344649700,306.138,5.33,3.7,27967.697,17.2,0.09,4.23,-1.35,20695.232258064516,103.0951,69.4
2023-08-25,177.31045532226562,177.84651968096887,174.54076169805765,176.08940889849805,51449600,179.6480354309082,179.17423615514375,44.08301040058087,177.29485895076164,180.21739112580335,-2.9225321750417095,-2.9915641483671602,0.06903197332545075,179.6480354309082,192.93213941298436,166.36393144883206,3.0368009520040067,1396099300,306.138,5.33,3.7,27967.697,15.68,0.09,4.25,-1.36,20693.503225806453,103.0951,69.4
2023-08-28,178.8789520263672,179.27603559399373,177.25088516267095,178.77967356057698,43820700,178.85410079956054,179.14611385716503,47.30093149506742,177.5385655777779,180.11824748880807,-2.5796819110301783,-2.9091877008997638,0.32950578986958545,178.85410079956054,190.18566421759905,167.52253738152203,2.990966757337211,1439920000,306.138,5.33,3.7,27967.697,15.08,0.09,4.2,-1.38,20688.31612903226,103.0951,69.4
2023-08-29,182.7803497314453,183.55467328918405,178.19396940518234,178.39251118833664,53003900,178.29687423706054,179.49223155947743,54.33962956265152,178.34499390911134,180.31544024752193,-1.9704463384105964,-2.7214394284019305,0.7509930899913342,178.29687423706054,187.50663681847894,169.08711165564213,3.0962864170389417,1492923900,306.138,5.33,3.7,27967.697,14.45,0.09,4.12,-1.44,20686.587096774194,103.0951,69.4
2023-08-30,186.28465270996094,186.48320962835405,183.39583737964136,183.59437915026834,60813900,178.06505737304687,180.13912881190444,59.56389058077115,179.56647987847282,180.75760413362855,-1.191124255155728,-2.41537639375269,1.2242521385969622,178.06505737304687,186.15777211217184,169.9723426339219,3.137715148347163,1553737800,306.138,5.33,3.7,27967.697,13.88,0.09,4.12,-1.44,20684.85806451613,103.0951,69.4
2023-08-31,186.50306701660156,187.7439721096439,186.11590523348306,186.47328650618994,60794500,177.914054107666,180.74521816473276,59.872064844904834,180.63364713049262,181.18319397681174,-0.5495468463191173,-2.0422104842659756,1.4926636379468583,177.914054107666,185.22044370416563,170.60766451116638,3.107224863164331,1614532300,306.138,5.33,3.7,27967.697,13.57,0.09,4.09,-1.47,20683.129032258064,103.0951,69.4
2023-09-01,188.0814971923828,188.538141753245,186.91007498628073,188.11127770079705,45732600,178.2970184326172,181.44391140546134,62.11893590581397,181.77947021693726,181.69417940018735,0.0852908167499038,-1.6167102240628,1.7020010408127038,178.2970184326172,186.79489417444913,169.79914269078526,3.083823908027597,1660264900,307.374,5.33,3.8,27967.697,13.09,0.09,4.18,-1.35,20681.4,103.3081,67.8
2023-09-05,188.3197479248047,188.5977094450193,186.24495831042893,186.91008160149724,45280000,178.8475425720215,182.09875297873214,62.46061003894729,182.7856667873784,182.1849622538627,0.6007045335157102,-1.173227272547098,1.7739318060628082,178.8475425720215,188.38155929066363,169.31352585337936,3.07956955333369,1705544900,307.374,5.33,3.8,27967.697,14.01,0.09,4.27,-1.28,20678.88,103.3081,67.8
2023-09-06,181.57916259765625,187.47594597496703,180.14963751857883,187.02920802693,81755800,179.01394577026366,182.04926818053443,48.99588260887586,182.60005075819038,182.1400882052548,0.4599625529355649,-0.8465893074505655,1.3065518603861304,179.01394577026366,188.61644102994345,169.41145051058388,3.5184952424351814,1623789100,307.374,5.33,3.8,27967.697,14.45,0.09,4.3,-1.25,20678.25,103.3081,67.8
2023-09-07,176.26808166503906,176.91336139268128,172.27732670257566,173.90539355501954,112488800,178.99460220336914,181.4986789885825,41.41943672775074,181.62590166693633,181.7051247578314,-0.07922309089508417,-0.6931160641394692,0.6138929732443851,178.99460220336914,188.61756448529965,169.37163992143863,3.8971494553555197,1511300300,307.374,5.33,3.8,27967.697,14.4,0.09,4.27,-1.26,20677.620000000003,103.3081,67.8
2023-09-08,176.8835906982422,178.92861527452058,176.49642886612412,177.05236714229162,65551300,179.01693954467774,181.05914677045484,42.52859606929545,180.8963153640603,181.34797408675072,-0.45165872269041074,-0.6448245958496576,0.19316587315924683,179.01693954467774,188.6180986221475,169.41578046720798,3.8645337668054163,1576851600,307.374,5.33,3.8,27967.697,13.84,0.09,4.26,-1.29,20676.99,103.3081,67.8
2023-09-11,178.0549774169922,178.98814040153138,176.0496706936909,178.7598181226865,58953100,179.0948684692383,180.7730354034584,44.67548016812168,180.45918644912675,181.10404840750934,-0.6448619583825916,-0.6448320683562444,-2.989002634723459e-05,179.0948684692383,188.63805521091248,169.5516817275641,3.9049523270405637,1635804700,307.374,5.33,3.8,27967.697,13.8,0.09,4.29,-1.26,20675.100000000002,103.3081,67.8
2023-09-12,175.0172576904297,178.81939272059032,173.5480302988034,178.18404991763566,90370200,178.93801803588866,180.22486609745567,40.45500683066659,179.62196664009645,180.65317502105898,-1.0312083809625392,-0.7221073308775035,-0.30910105008503574,178.93801803588866,188.6396900783172,169.23634599346013,4.151006386017315,1545434500,307.374,5.33,3.8,27967.697,14.23,0.09,4.27,-1.29,20674.47,103.3081,67.8
2023-09-13,172.94247436523438,176.00998823848755,172.7141369128852,175.22572770658326,84267900,178.77719802856444,179.53130498010125,37.82656388035601,178.59435244396383,180.0820120095164,-1.4876595655525762,-0.8752177778125181,-0.6124417877400581,178.77719802856444,188.76036231427938,168.7940337428495,4.080096563793524,1461166600,307.374,5.33,3.8,27967.697,13.48,0.09,4.25,-1.3,20673.84,103.3081,67.8
2023-09-14,174.46133422851562,174.81871550108795,172.3170465930817,172.73398888645488,60895800,178.73599853515626,179.04845062280737,40.85603192158577,177.958503487741,179.66566550722004,-1.7071620194790285,-1.0416066261458201,-0.6655553933332083,178.73599853515626,188.78306173389373,168.68893533641878,3.896442658325928,1522062400,307.374,5.33,3.8,27967.697,12.82,0.09,4.29,-1.26,20673.21,103.3081,67.8
2023-09-15,173.73663330078125,175.2157976120051,172.55530438661506,175.1959388893145,109205100,178.78613052368163,178.54256325880488,39.85809332496378,177.30898499743952,179.22647793637273,-1.9174929389332078,-1.2167838887032976,-0.7007090502299103,178.78613052368163,188.72229395772086,168.8499670896424,3.850352318502987,1412857300,307.374,5.33,3.8,27967.697,13.79,0.09,4.33,-1.23,20672.58,103.3081,67.8
2023-09-18,176.67510986328125,178.07485448429676,174.8882034479176,175.19594549627539,67257600,178.9588638305664,178.3647105544693,45.654505713917786,177.21146574603057,179.03748770873634,-1.8260219627057666,-1.3386315035037915,-0.4873904592019751,178.9588638305664,188.6182584464591,169.2994692146737,4.015571657945325,1480114900,307.374,5.33,3.8,27967.697,14.0,0.09,4.32,-1.23,20670.690000000002,103.3081,67.8
2023-09-19,177.76710510253906,178.32302815377042,175.84121799808253,176.22837977645918,51826900,179.119189453125,178.30779574952356,47.67283708081529,177.29694872395496,178.94338529346246,-1.6464365695075003,-1.4001925167045333,-0.24624405280296702,179.119189453125,188.5857721007625,169.65260680548747,3.8099363916371964,1531941800,307.374,5.33,3.8,27967.697,14.11,0.09,4.37,-1.17,20670.06,103.3081,67.8
2023-09-20,174.21315002441406,178.3925098170354,174.1237933470795,177.95570880879336,58436200,179.03282318115234,177.91782948998934,42.18207373960757,176.8225181547948,178.59299749575516,-1.7704793409603496,-1.4742498815556968,-0.29622945940465284,179.03282318115234,188.6442408987904,169.42140546351428,3.850354718283423,1473505600,307.374,5.33,3.8,27967.697,15.14,0.09,4.35,-1.21,20669.43,103.3081,67.8
2023-09-21,172.66448974609375,175.01725608596104,172.59500693822505,173.27998896827123,63047900,178.67593841552736,177.41751141914216,40.01906831100018,176.1828214765331,178.15384877355802,-1.971027297024932,-1.5736053646495438,-0.39742193237538825,178.67593841552736,188.66906776561146,168.68280906544325,3.9070820233959336,1410457700,307.374,5.33,3.8,27967.697,17.54,0.09,4.49,-1.08,20668.8,103.3081,67.8
2023-09-22,173.5182342529297,175.79158086544706,172.7836281326413,173.39911221131908,56725400,178.59701614379884,177.0461516890267,41.7911159877704,175.7728849805941,177.81046992017815,-2.037584939584036,-1.6664012796364425,-0.3711836599475937,178.59701614379884,188.72597873356867,168.468053554029,3.985083193589497,1467183100,307.374,5.33,3.8,27967.697,17.2,0.09,4.44,-1.12,20668.170000000002,103.3081,67.8
2023-09-25,174.79885864257812,175.6823824720043,172.88289328236814,172.93253251615403,46172700,178.47143630981446,176.8321237798411,44.4425628530893,175.62303477474552,177.5873876033189,-1.964352828573368,-1.7259915894238276,-0.23836123914954044,178.47143630981446,188.72262913296717,168.22024348666176,4.016993054664196,1513355800,307.374,5.33,3.8,27967.697,16.9,0.09,4.55,-1.03,20666.28,103.3081,67.8
2023-09-26,170.70883178710938,173.92524796713502,170.41101154694528,173.54802313417602,64588900,178.06293029785155,176.24895311386666,38.42289158875034,174.86700354587842,177.07786495026633,-2.210861404387913,-1.8229655524166446,-0.3878958519712683,178.06293029785155,188.85356687006342,167.27229372563968,3.746831389621838,1448766900,307.374,5.33,3.8,27967.697,18.94,0.09,4.56,-1.02,20665.65,103.3081,67.8
2023-09-27,169.18997192382812,171.7809825966186,167.82002287860425,171.36404026565756,66921800,177.3834114074707,175.57666919100586,36.448516055248106,173.99361406556298,176.49357657793757,-2.4999625123745943,-1.9583649444082347,-0.5415975679663596,177.3834114074707,188.60330101401146,166.16352180092994,3.365340234117107,1381845100,307.374,5.33,3.8,27967.697,18.22,0.09,4.61,-0.97,20665.02,103.3081,67.8
2023-09-28,169.44805908203125,170.77830558378838,166.4003891832915,168.10787564587397,56294400,176.5415817260742,174.9929920377702,37.04053299165301,173.2942979142504,175.97168639305562,-2.677388478805227,-2.1021696512876336,-0.5752188275175936,176.5415817260742,187.48684361849976,165.59631983364866,3.4880104334753463,1438139500,307.374,5.33,3.8,27967.697,17.34,0.09,4.59,-0.97,20664.39,103.3081,67.8
2023-09-29,169.96429443359375,171.81076180692196,169.10061419351356,170.76839850543928,51814200,175.71464309692382,174.51406845642006,38.27906423439971,172.78198968645708,175.52669439605845,-2.744704709601365,-2.23067666295038,-0.514028046650985,175.71464309692382,186.00392643907878,165.42535975476886,3.471701712444483,1489953700,307.374,5.33,3.8,27967.697,17.52,0.09,4.59,-0.96,20663.76,103.3081,67.8
2023-10-02,172.48580932617188,173.03181060107437,169.6863201427267,169.97421860938772,52164500,174.9348587036133,174.32090092020596,44.06686490234015,172.73642347718243,175.30144365014093,-2.565020172958498,-2.2975453649520037,-0.26747480800649415,174.9348587036133,183.59132185868432,166.27839554854225,3.3341394293416817,1542118200,307.653,5.33,3.9,28296.967,17.61,0.09,4.69,-0.93,20662.925806451614,102.5781,63.8
2023-10-03,171.1456298828125,172.366691440067,169.57713912474932,171.0066491138284,49594600,174.07615280151367,174.01849415473993,41.82208952976416,172.49168600112552,174.99360559330177,-2.5019195921762503,-2.338420210396853,-0.16349938177939727,174.07615280151367,180.32318811184018,167.82911749118716,3.3064836347574107,1492523600,307.653,5.33,3.9,28296.967,19.78,0.09,4.81,-0.81,20663.351612903225,102.5781,63.8
2023-10-04,172.39646911621094,172.94247039530038,169.7260388902924,169.8451609338146,53020300,173.6170181274414,173.86401557964192,44.655803725286056,172.47703724960022,174.80122511351726,-2.3241878639170466,-2.335573741100892,0.011385877183845317,173.6170181274414,178.85986733651256,168.37416891837026,3.3575381059718206,1545543900,307.653,5.33,3.9,28296.967,18.58,0.09,4.73,-0.88,20663.77741935484,102.5781,63.8
2023-10-05,173.63735961914062,174.17342391765436,171.42357417816774,172.5254984313363,48527900,173.4854820251465,173.84242929768942,47.393312575371695,172.65554838337567,174.71501285467454,-2.059464471298867,-2.280351887140487,0.22088741584162008,173.4854820251465,178.5857482950006,168.3852157552924,3.3639207141215763,1594071800,307.653,5.33,3.9,28296.967,18.49,0.09,4.72,-0.89,20664.20322580645,102.5781,63.8
2023-10-06,176.19859313964844,176.69495515352654,171.91993985589522,172.53543905358532,57224100,173.45123214721679,174.06682585406648,52.60432987386915,173.20063219203303,174.82490769059854,-1.6242754985655097,-2.149136609425492,0.5248611108599821,173.45123214721679,178.46828204530948,168.4341822491241,3.395120293701276,1651295900,307.653,5.33,3.9,28296.967,17.45,0.09,4.78,-0.85,20664.629032258064,102.5781,63.8
2023-10-09,177.6876983642578,177.7472593887107,174.52090595018925,175.52355187327169,42390800,173.43286819458007,174.41167085503707,55.37221333814995,173.89095006468298,175.03696625901773,-1.1460161943347487,-1.9485125264073433,0.8024963320725946,173.43286819458007,178.38464321377836,168.48109317538177,3.4483019567608153,1693686700,307.653,5.33,3.9,28296.967,17.7,0.09,4.69,-0.9249999999999999,20665.906451612904,102.5781,63.8
2023-10-10,177.09205627441406,178.4123811800482,176.65525523522464,176.8041729428218,43698000,173.5366081237793,174.6669456568825,54.013413665959774,174.38342794310316,175.1891951490471,-0.8057672059439369,-1.719963462314662,0.9141962563707251,173.5366081237793,178.6992529319104,168.3739633156482,3.268902633537075,1649988700,307.653,5.33,3.9,28296.967,17.03,0.09,4.66,-0.95,20666.332258064518,102.5781,63.8
2023-10-11,178.49180603027344,178.54144526755815,176.3078159196626,176.90344132377368,47551100,173.81407470703124,175.0312180733959,56.70233286686157,175.01548611036014,175.4338329921009,-0.41834688174074586,-1.4596401461998787,1.0412932644591328,173.81407470703124,179.39844117687653,168.22970823718595,3.2554297906913297,1697539800,307.653,5.33,3.9,28296.967,16.09,0.09,4.58,-1.03,20666.75806451613,102.5781,63.8
2023-10-12,179.3951873779297,181.01331743803624,177.73732472140046,178.759844529376,56743100,174.06076736450194,175.44683419763723,58.39322549772475,175.68928630537084,175.72726665031044,-0.0379803449395979,-1.1753081859478225,1.1373278410082246,174.06076736450194,180.15073407639406,167.97080065260982,3.266065619068649,1754282900,307.653,5.33,3.9,28296.967,16.69,0.09,4.7,-0.93,20667.183870967743,102.5781,63.8
2023-10-13,177.5487060546875,180.60628286156256,176.84386529966793,180.09999903884182,51427100,174.25137100219726,175.64701246973726,53.77093137851556,175.9753508821888,175.8621880876717,0.11316279451708056,-0.917613989854842,1.0307767843719224,174.25137100219726,180.5246880074337,167.97805399696082,3.3348462170871125,1702855800,307.653,5.33,3.9,28296.967,19.32,0.09,4.63,-0.99,20667.609677419354,102.5781,63.8
2023-10-16,177.41966247558594,177.77704377786506,175.22573542452864,175.4639946753042,52517000,174.2885986328125,175.8158362798181,53.45248291437202,176.19755266578835,175.97755656085056,0.21999610493779187,-0.6900919708963152,0.9100880758341071,174.2885986328125,180.62750033744456,167.94969692818043,3.2036648783516535,1650338800,307.653,5.33,3.9,28296.967,17.21,0.09,4.71,-0.9,20668.887096774193,102.5781,63.8
2023-10-17,175.86106872558594,177.12183257732815,173.5281761730158,175.36470667426025,57549400,174.19329681396485,175.82014413179598,49.629415356662584,176.1457859057572,175.96892783231246,0.17685807344474824,-0.5167019620281026,0.6935600354728508,174.19329681396485,180.37551939656672,168.01107423136298,3.19870249153421,1592789400,307.653,5.33,3.9,28296.967,17.88,0.09,4.83,-0.79,20669.312903225808,102.5781,63.8
2023-10-18,174.5605926513672,176.28793794498117,173.83590833900334,174.30248985254676,54764400,174.2106689453125,175.70018684794562,46.632419400127546,175.90191002046643,175.86460670779798,0.0373033126684561,-0.4059009070887909,0.443204219757247,174.2106689453125,180.39496933529065,168.02636855533436,3.061139149068564,1538025000,307.653,5.33,3.9,28296.967,19.22,0.09,4.91,-0.7,20669.73870967742,102.5781,63.8
2023-10-19,174.18338012695312,176.54605322348112,173.91534037415258,174.75914678442408,59302900,174.28661346435547,175.55572906499395,45.76906821481573,175.63752080607975,175.74007140551316,-0.10255059943341394,-0.3452308455577155,0.24268024612430156,174.28661346435547,180.430270025907,168.14295690280395,3.055465237348575,1478722100,307.653,5.33,3.9,28296.967,21.4,0.09,4.98,-0.62,20670.164516129033,102.5781,63.8
2023-10-20,171.62217712402344,174.14369011184414,171.383917845361,174.03448983592847,64189300,174.19181060791016,175.1811050706158,40.311810905364,175.01977562422493,175.4350421994769,-0.4152665752519624,-0.3592379914965649,-0.05602858375539754,174.19181060791016,180.4376354933645,167.94598572245582,3.016463224723178,1414532800,307.653,5.33,3.9,28296.967,21.71,0.09,4.93,-0.65,20670.590322580647,102.5781,63.8
2023-10-23,171.74127197265625,172.7439178760632,168.69360166729962,169.66648220683237,55980100,174.03893127441407,174.8535019184292,40.666084696984385,174.51539044706053,175.16142959008278,-0.6460391430222501,-0.4165982218017019,-0.22944092122054816,174.03893127441407,180.3669773073231,167.71088524150503,3.09800936810468,1470512900,307.653,5.33,3.9,28296.967,20.37,0.09,4.86,-0.72,20671.867741935483,102.5781,63.8
2023-10-24,172.1780548095703,172.40637709061713,170.2025285754243,171.79089305137515,43816600,174.1123924255371,174.59869743187122,42.02517202300314,174.1558003489851,174.94043886560038,-0.7846385166152743,-0.4902062807644164,-0.29443223585085787,174.1123924255371,180.31700684999015,167.90777800108407,3.02568201168931,1514329500,307.653,5.33,3.9,28296.967,18.97,0.09,4.83,-0.75,20672.293548387097,102.5781,63.8
2023-10-25,169.8551025390625,171.80083332633419,169.4083645680371,170.62942613878033,57157000,174.14564895629883,174.14692648969896,37.151263747144,173.49415453207394,174.56374728585683,-1.0695927537828993,-0.606083575368113,-0.46350917841478634,174.14564895629883,180.25070218171334,168.04059573088432,3.027099190406925,1457172500,307.653,5.33,3.9,28296.967,20.19,0.09,4.95,-0.64,20672.71935483871,102.5781,63.8
2023-10-26,165.6757049560547,170.13304109397222,164.46458048468762,169.13038017633548,70625300,173.95703125,173.34014348649472,30.334698208185642,172.29131613576328,173.90537377994556,-1.6140576441822816,-0.8076783891309467,-0.8063792550513349,173.95703125,180.81734381406858,167.09671868593142,3.0909167126678745,1386547200,307.653,5.33,3.9,28296.967,20.68,0.09,4.86,-0.73,20673.145161290322,102.5781,63.8
2023-10-27,166.99603271484375,167.73065392902063,165.61614695891157,165.69556669674958,58499100,173.8086181640625,172.73594246062322,34.42790630208627,171.47665714792953,173.39357073808617,-1.9169135901566392,-1.0295254293360854,-0.8873881608205538,173.8086181640625,181.12151727212353,166.49571905600146,3.011499107781276,1445046300,307.653,5.33,3.9,28296.967,21.27,0.09,4.84,-0.75,20673.570967741936,102.5781,63.8
2023-10-30,169.0509796142578,169.92458166587582,167.64131321590813,167.7902309189435,51131000,173.6368766784668,172.38499361811225,40.306554632685376,171.1034759889031,173.0718973215063,-1.9684213326031852,-1.2173046099895055,-0.7511167226136797,173.6368766784668,181.22222921364795,166.05152414328563,3.095172179653314,1496177300,307.653,5.33,3.9,28296.967,19.75,0.09,4.88,-0.72,20674.848387096776,102.5781,63.8
2023-10-31,169.52749633789062,169.6565401685357,166.67836791176023,168.11782995408234,44846000,173.55597000122071,172.1128510199959,41.61372273549358,170.86101758105505,172.80934910049774,-1.9483315194426893,-1.3635099918801423,-0.584821527562547,173.55597000122071,181.27915126017214,165.8327887422693,3.1483538160018805,1541023300,307.653,5.33,3.9,28296.967,18.14,0.09,4.88,-0.71,20675.274193548386,102.5781,63.8
2023-11-01,172.70420837402344,172.9623111800798,168.88221462983017,169.75581666227828,56934900,173.57135696411132,172.16917076799854,49.545793197522,171.14458539535786,172.80156089853668,-1.6569755031788134,-1.4222030941398767,-0.2347724090389367,173.57135696411132,181.28645857313475,165.85625535508788,3.2057898041171558,1597958200,308.087,5.33,3.7,28296.967,16.87,0.09,4.77,-0.8,20675.7,102.8868,61.3
2023-11-02,176.27801513671875,176.48647870246754,174.18336680542194,174.2429278242073,77334800,173.70338973999023,172.56048927930524,56.67656534154378,171.93434381710568,173.0590760272909,-1.1247322101852149,-1.3627089173489444,0.23797670716372954,173.70338973999023,181.5083491021205,165.89843037785997,3.2072078588706887,1675293000,308.087,5.33,3.7,28296.967,15.66,0.09,4.67,-0.87,20677.356666666667,102.8868,61.3
2023-11-03,175.36471557617188,175.53349201222565,172.0887379893404,172.9722618796391,79763700,173.6616958618164,172.8275584504354,54.554604083838555,172.46209331850048,173.22986414202282,-0.7677708235223406,-1.243721298583624,0.4759504750612833,173.6616958618164,181.42167201076532,165.9017197128675,3.3242056298736844,1595529300,308.087,5.33,3.7,28296.967,14.91,0.09,4.57,-0.96,20679.013333333332,102.8868,61.3
2023-11-06,177.92593383789062,178.1244756256995,174.92791800211177,175.09667927913767,63841300,173.67360763549806,173.31311801114543,59.17116852077037,173.3026841676374,173.57772115653154,-0.2750369888941293,-1.049984436645725,0.7749474477515956,173.67360763549806,181.45895721944308,165.88825805155304,3.2745678670892255,1659370600,308.087,5.33,3.7,28296.967,14.89,0.09,4.67,-0.89,20683.983333333334,102.8868,61.3
2023-11-07,180.4971160888672,181.1126002277605,177.66784614167742,177.87630973489087,70530000,173.8438606262207,173.99730830426176,63.21145849595772,174.40951984782663,174.09026892929717,0.3192509185294625,-0.7761373656106876,1.09538828414015,173.8438606262207,182.0579107310162,165.6298105214252,3.345476758525316,1729900600,308.087,5.33,3.7,28296.967,14.81,0.09,4.58,-0.97,20685.64,102.8868,61.3
2023-11-08,181.55931091308594,182.11523398810698,180.26876654734838,181.023246561535,49340300,173.99723587036132,174.71749902891167,64.76278483596218,175.5094877040204,174.6435312984667,0.8659564055536748,-0.4477186113778151,1.31367501693149,173.99723587036132,182.65526558803015,165.3392061526925,3.2894592293417486,1779240900,308.087,5.33,3.7,28296.967,14.45,0.09,4.49,-1.05,20687.29666666667,102.8868,61.3
2023-11-09,181.0828094482422,182.78035920210118,180.4871689201494,181.62881074103257,53763500,174.08161697387695,175.3237190688479,63.4697736322376,176.36692181851606,175.12051486511675,1.2464069533993154,-0.10889349842238899,1.3553004518217044,174.08161697387695,182.97804841572008,165.1851855320338,3.2532969436531523,1725477400,308.087,5.33,3.7,28296.967,15.29,0.09,4.62,-0.92,20688.953333333335,102.8868,61.3
2023-11-10,185.2875518798828,185.4565506612299,182.43468499907056,182.87206148972973,66133400,174.46855926513672,176.2726555270417,69.29537102592317,177.73932644334172,175.8736287180624,1.8656977252793183,0.2860247463179525,1.5796729789613657,174.46855926513672,184.53126512077142,164.40585340950201,3.276398729669162,1791610800,308.087,5.33,3.7,28296.967,14.17,0.09,4.61,-0.92,20690.61,102.8868,61.3
2023-11-13,183.6970977783203,184.9197527658604,183.1106225987718,184.71101456121173,43627500,174.78243103027344,176.9797452652587,65.06844215921257,178.65590664872306,176.45314494474817,2.202761703974886,0.6693721378493392,1.533389566125547,174.78243103027344,185.55997109205666,164.00489096849023,3.2744759272347466,1747983300,308.087,5.33,3.7,28296.967,14.76,0.09,4.63,-0.92,20695.58,102.8868,61.3
2023-11-14,186.3213348388672,186.98733436699092,185.1881391216873,186.57977766288278,60108400,175.3054443359375,177.8694204627452,68.48440283822399,179.83520329336062,177.18412197394218,2.651081319418438,1.0657139741631592,1.5853673452552788,175.3054443359375,187.1990462494446,163.4118424224304,3.311657809173131,1808091700,308.087,5.33,3.7,28296.967,14.16,0.09,4.44,-1.08,20697.236666666668,102.8868,61.3
2023-11-15,186.887939453125,188.36905250310778,186.65931635404164,186.72890587030213,53790500,175.92181167602538,178.72832703325759,69.18507955347089,180.92023962563206,177.90292326869647,3.017316356935595,1.4560344507176466,1.5612819062179484,175.92181167602538,188.83142086866954,163.01220248338123,3.0530333130985587,1861882200,308.087,5.33,3.7,28296.967,14.18,0.09,4.53,-1.0,20698.893333333333,102.8868,61.3
2023-11-16,188.5778045654297,189.82034448090351,187.52411797622008,188.43864070160558,54412900,176.64153289794922,179.66637251251205,71.23886371832616,182.0983265394471,178.69365521660262,3.4046713228444787,1.8457618251430132,1.5589094977014655,176.64153289794922,190.64211921820092,162.64094657769752,3.111454602932091,1916295100,308.087,5.33,3.7,28296.967,14.32,0.09,4.45,-1.06,20700.550000000003,102.8868,61.3
2023-11-17,188.55792236328125,189.24380683321974,187.44461143684416,189.11457782649978,50922700,177.48832015991212,180.51318678401387,71.17875447473321,183.09211051234465,179.42434167191215,3.667768840432501,2.210163228200911,1.45760561223159,177.48832015991212,192.20258207628333,162.7740582435409,3.0307864918851988,1865372400,308.087,5.33,3.7,28296.967,13.8,0.09,4.44,-1.06,20702.20666666667,102.8868,61.3
2023-11-20,190.30740356445312,190.76466491067268,188.7467813740569,188.75671623264228,46505100,178.41662673950196,181.4459693345319,73.31258656139731,184.2021555972844,180.23049440469296,3.9716611925914265,2.5624628210790146,1.409198371512412,178.41662673950196,193.88668034684017,162.94657313216376,2.975684369786338,1911877500,308.087,5.33,3.7,28296.967,13.41,0.09,4.42,-1.12,20707.176666666666,102.8868,61.3
2023-11-21,189.5022430419922,190.37699597796984,188.60762038854105,190.26765186097265,38134500,179.28283615112304,182.21323349714714,70.71761283829166,185.01755366570097,180.91729060004846,4.100263065652513,2.870022869993714,1.2302401956587987,179.28283615112304,195.19244034013457,163.3732319621115,2.8106328725848493,1873743000,308.087,5.33,3.7,28296.967,13.35,0.09,4.41,-1.12,20708.833333333336,102.8868,61.3
2023-11-22,190.16822814941406,191.77855487032625,189.69109711501824,190.3471617671388,39617700,180.29849243164062,182.97085203545828,71.61265986024867,185.80996512473376,181.6025452333348,4.207419891398956,3.1375022742747625,1.0699176171241938,180.29849243164062,196.26443099815424,164.332553865127,2.703064408291275,1913360700,308.087,5.33,3.7,28296.967,12.85,0.09,4.42,-1.12,20710.49,102.8868,61.3
2023-11-24,188.8362579345703,189.76070040271065,188.12055368994098,189.7308806564948,24048300,181.4565200805664,183.529462121088,67.18928187809561,186.2755486339394,182.1383758037967,4.137172830142703,3.337436385448351,0.7997364446943518,181.4565200805664,196.33471175201458,166.57832840911823,2.550092787726612,1889312400,308.087,5.33,3.7,28296.967,12.46,0.09,4.47,-1.07,20713.803333333333,102.8868,61.3
2023-11-27,188.65733337402344,189.53208641907588,187.77264546899545,188.7865623923312,40552600,182.5395851135254,184.01783081184377,66.59422165103413,186.6419770554908,182.62126154973942,4.020715505751383,3.4740922095089575,0.5466232962424256,182.5395851135254,196.14905502959755,168.93011519745323,2.4474415967618057,1848759800,308.087,5.33,3.7,28296.967,12.69,0.09,4.39,-1.1,20718.773333333334,102.8868,61.3
2023-11-28,189.263671875,189.9396214691522,188.26963995303524,188.64737693705334,38415400,183.5502197265625,184.51743472262055,67.64013917442895,187.04531472003066,183.11329194420316,3.9320227758275053,3.5656783227726674,0.36634445305483787,183.5502197265625,195.95128077005342,171.14915868307156,2.3206721274785105,1887175200,308.087,5.33,3.7,28296.967,12.69,0.09,4.34,-1.13,20720.43,102.8868,61.3
2023-11-29,188.2398223876953,190.9435904601538,187.84221568139642,189.76069003248776,43014200,184.48583602905273,184.87194783358007,63.996481274581996,187.2290851304406,183.4930349400174,3.7360501904232137,3.599752696302777,0.1362974941204369,184.48583602905273,195.22622354158054,173.74544851652493,2.4103083659069955,1844161000,308.087,5.33,3.7,28296.967,12.98,0.09,4.27,-1.18,20722.08666666667,102.8868,61.3
2023-11-30,188.8163604736328,189.1841625986753,187.06686975200412,188.70701635554832,48794400,185.29144363403321,185.24760618025175,65.13540412366513,187.47328133708555,183.88735534991483,3.585925987170725,3.596987354476367,-0.011061367305641667,185.29144363403321,194.7121255530411,175.87076171502534,2.397744263386952,1892955400,308.087,5.33,3.7,28296.967,12.92,0.09,4.37,-1.08,20723.743333333336,102.8868,61.3
2023-12-01,190.0986785888672,190.41676093068807,188.1006646303825,189.19410585978827,45679300,185.98247680664062,185.70961307631038,67.5910554647823,187.87718860659044,184.347453367615,3.5297352389754337,3.5835369313761802,-0.053801692400746504,185.98247680664062,194.655000278128,177.30995333515324,2.250769626766799,1938634700,308.735,5.33,3.8,28296.967,12.63,0.09,4.22,-1.21,20725.4,102.6309,69.7
2023-12-04,188.2994842529297,188.91579443897118,186.33130503773683,188.84620491485143,43389500,186.62921524047852,185.95626747408366,61.089522339793426,187.9421571675657,184.64019639615685,3.301960771408858,3.527221699382716,-0.22526092797385822,186.62921524047852,193.84488672330448,179.41354375765255,2.3643727889110386,1895245200,308.735,5.33,3.8,28296.967,13.08,0.09,4.28,-1.18,20725.467741935485,102.6309,69.7
2023-12-05,192.26565551757812,193.23980256929687,189.0449865799245,189.07482149235318,66628400,187.3462013244629,186.55716157346407,68.32302065522778,188.6073107598753,185.20504521996583,3.4022655399094788,3.502230467488069,-0.09996492757859032,187.3462013244629,193.76602290566686,180.92637974325893,2.482235769460794,1961873600,308.735,5.33,3.8,28296.967,12.85,0.09,4.18,-1.27,20725.490322580645,102.6309,69.7
2023-12-06,191.17222595214844,193.5976510937421,190.9634725753497,193.28950362567244,41089700,187.87995681762695,186.99669151429114,64.74929742492165,189.0019130971481,185.64705860753492,3.3548544896131887,3.472755271913093,-0.11790078229990453,187.87995681762695,193.67825213659782,182.08166149865608,2.5241258304716365,1920783900,308.735,5.33,3.8,28296.967,12.97,0.09,4.12,-1.33,20725.51290322581,102.6309,69.7
2023-12-07,193.11058044433594,193.8362194805571,192.43463086867496,192.4744006383907,47477700,188.45752029418946,187.57896665048588,67.94975641528903,189.63401576594623,186.19991207692757,3.434103689018656,3.465024955334206,-0.030921266315550255,188.45752029418946,193.91349702644382,183.0015435619351,2.5049535805166476,1968261600,308.735,5.33,3.8,28296.967,13.06,0.09,4.14,-1.3,20725.535483870968,102.6309,69.7
2023-12-08,194.54197692871094,194.82030462884575,192.5141434931892,193.0409791518531,53377300,189.1304786682129,188.2421104865073,70.10804833704957,190.38908671406386,186.8178428066893,3.5712439073745657,3.486268745742278,0.08497516163228758,189.1304786682129,194.078512692493,184.1824446439328,2.541165419036716,2021638900,308.735,5.33,3.8,28296.967,12.35,0.09,4.23,-1.21,20725.558064516128,102.6309,69.7
2023-12-11,192.02708435058594,192.33524699521988,190.27759358324766,191.9575100014726,60943700,189.46745529174805,188.60258418784812,62.184735259104045,190.64108635045187,187.20371255068164,3.437373799770228,3.476489756547868,-0.039115956777640015,189.46745529174805,194.23749463770048,184.69741594579563,2.6881397617561333,1960695200,308.735,5.33,3.8,28296.967,12.63,0.09,4.23,-1.24,20725.625806451615,102.6309,69.7
2023-12-12,193.5479736328125,193.5579084922386,190.5758125501861,191.92769665062553,52696900,189.95999908447266,189.0735736587971,64.77727117779104,191.08829977850735,187.67365781602467,3.4146419624826763,3.4641201977348297,-0.049478235252153446,189.95999908447266,194.25576428181813,185.66423388712718,2.774762644086398,2013392100,308.735,5.33,3.8,28296.967,12.07,0.09,4.2,-1.26,20725.648387096775,102.6309,69.7
2023-12-13,196.778564453125,196.8183190559037,193.68712459255818,193.925682544677,70404200,190.48286056518555,189.80738230587596,69.55234913871683,191.9637251130639,188.34809534469878,3.6156297683651246,3.494422111860889,0.12120765650423548,190.48286056518555,195.3829272338685,185.5827938965026,2.845765043711907,2083796300,308.735,5.33,3.8,28296.967,12.19,0.09,4.04,-1.4,20725.670967741935,102.6309,69.7
2023-12-14,196.9276580810547,198.42864077264184,194.98929893159502,196.83819885132337,66831600,190.98484649658204,190.48550380827393,69.75612685297484,192.7274071081394,188.98361851035477,3.7437885977846292,3.5442954090456373,0.1994931887389919,190.98484649658204,196.34442533264544,185.62526766051863,2.94516985668146,2150627900,308.735,5.33,3.8,28296.967,12.48,0.09,3.92,-1.51,20725.6935483871,102.6309,69.7
2023-12-15,196.39089965820312,197.2159328291742,195.82429416614897,196.3511298862745,128256700,191.3755012512207,191.04792246064812,67.99185995365875,193.29102134661073,189.53230600278798,3.7587153438227574,3.5871793960010616,0.1715359478216958,191.3755012512207,197.10271285341247,185.64828964902892,2.9188982647489445,2022371200,308.735,5.33,3.8,28296.967,12.28,0.09,3.91,-1.53,20725.71612903226,102.6309,69.7
2023-12-18,194.7209014892578,195.45649052996882,193.2298536912898,194.9197048287757,55751900,191.68365020751952,191.3977299871824,62.680156626496135,193.51100290701797,189.91664640919313,3.5943564978248332,3.588614816365816,0.005741681459017212,191.68365020751952,197.4344518917881,185.93284852325095,3.025402868377256,1966619300,308.735,5.33,3.8,28296.967,12.56,0.09,3.95,-1.51,20725.78387096774,102.6309,69.7
2023-12-19,195.7646484375,195.77458329630363,194.72091188963017,194.98930475456203,40714100,191.95651245117188,191.81362698245076,64.54449390989521,193.8577176040152,190.34983174462326,3.5078858593919335,3.5724690249710394,-0.06458316557910582,191.95651245117188,197.93363576777259,185.97938913457116,2.8791390846835725,2007333400,308.735,5.33,3.8,28296.967,12.53,0.09,3.93,-1.5,20725.8064516129,102.6309,69.7
2023-12-20,193.66725158691406,196.50023361616374,193.66725158691406,195.72488988877126,52242800,192.16476287841797,191.9901626590663,58.247516154836404,193.8284151398458,190.5955665477559,3.23284859208988,3.5045449383948077,-0.2716963463049278,192.16476287841797,198.07519164388023,186.25433411295572,2.930259740582037,1955090600,308.735,5.33,3.8,28296.967,13.67,0.09,3.86,-1.58,20725.829032258065,102.6309,69.7
2023-12-21,193.5181121826172,195.90379770975298,192.34516188676014,194.9296507492267,46482500,192.33225708007814,192.13568166130923,57.81558516880044,193.7806762233491,190.81205140959747,2.9686248137516316,3.397360913466173,-0.4287360997145413,192.33225708007814,198.1965585426784,186.46795561747788,3.0190125636311285,1908608100,308.735,5.33,3.8,28296.967,13.65,0.09,3.89,-1.53,20725.851612903225,102.6309,69.7
2023-12-22,192.444580078125,194.24377537319003,191.81833513340536,194.01513711760236,37122800,192.51267318725587,192.16510055814885,54.672793925745815,193.57512297023771,190.93297945911803,2.6421435111196843,3.246317432996875,-0.6041739218771909,192.51267318725587,198.15341365668345,186.8719327178283,2.923160184249294,1871485300,308.735,5.33,3.8,28296.967,13.03,0.09,3.9,-1.54,20725.874193548385,102.6309,69.7
2023-12-26,191.8978729248047,192.73285613100865,191.67918468017166,192.45452839560733,28919300,192.67470016479493,192.13965030735415,53.09005888025819,193.31708450170956,191.0044530491689,2.3126314525406713,3.0595802369056346,-0.7469487843649634,192.67470016479493,198.04273601928386,187.306664310306,2.645542550997137,1842566000,308.735,5.33,3.8,28296.967,12.99,0.09,3.89,-1.56,20725.964516129032,102.6309,69.7
2023-12-27,191.99728393554688,192.34520121931277,189.9495803442342,191.34123431157244,48087700,192.81138076782227,192.12609160527728,53.354489181969356,193.11403826076145,191.07799607778946,2.0360421829719826,2.854872626118904,-0.8188304431469215,192.81138076782227,197.95976287649256,187.66299865915198,2.628502719331865,1890653700,308.735,5.33,3.8,28296.967,12.43,0.09,3.79,-1.65,20725.98709677419,102.6309,69.7
2023-12-28,192.4247283935547,193.49828484070574,192.01717160785626,192.98138392147177,34049900,193.02062606811523,192.15453320416086,54.541064949214515,193.0079905888835,191.1777540271054,1.8302365617780936,2.6499454132507423,-0.8197088514726487,193.02062606811523,197.730273057139,188.31097907909148,2.5454318176711643,1924703600,308.735,5.33,3.8,28296.967,12.47,0.09,3.84,-1.61,20726.009677419355,102.6309,69.7
2023-12-29,191.38095092773438,193.23978563415233,190.58572241393787,192.7427697089948,42628800,193.14885559082032,192.08085870164405,51.12126927292483,192.75767679486057,191.19280564937424,1.564871145486336,2.432930559697861,-0.8680594142115252,193.14885559082032,197.52121657713587,188.77649460450476,2.570281966568158,1882074800,308.735,5.33,3.8,28296.967,12.45,0.09,3.88,-1.52,20726.032258064515,102.6309,69.7
2024-01-02,184.53208923339844,187.31538170646215,182.79253333369908,186.03307200647276,82488700,192.8705261230469,191.36192827609685,35.42537249975372,191.49220178540486,190.69941924819085,0.7927825372140092,2.104900955201091,-1.3121184179870817,192.8705261230469,198.5093813230996,187.23167092299417,2.879141555751874,1799586100,309.794,5.33,3.7,28624.069,13.2,0.09,3.95,-1.51,20727.25806451613,101.483,79.0
2024-01-03,183.150390625,184.77066759112085,182.3352771284137,183.1205708792931,58414500,192.6130714416504,190.5798770712305,33.210065856815945,190.20884622226566,190.1402319427693,0.06861427949635868,1.6976436200601446,-1.629029340563786,192.6130714416504,199.41372423235188,185.8124186509489,2.840091164370063,1741171600,309.794,5.33,3.7,28624.069,14.04,0.09,3.91,-1.57,20728.416129032255,101.483,79.0
2024-01-04,180.82435607910156,181.99730650228184,179.80050438167336,181.06291404030495,71983600,192.04100646972657,189.65077983388488,29.828356543412497,188.76507850793274,189.4501670639791,-0.6850885560463666,1.2210971848388423,-1.906185740885209,192.04100646972657,200.56804977126126,183.51396316819188,2.8457726515297384,1669188000,309.794,5.33,3.7,28624.069,14.13,0.09,3.99,-1.49,20729.574193548386,101.483,79.0
2024-01-05,180.09869384765625,181.6692660827433,179.09472708075188,180.90387243418792,62303300,191.48732986450196,188.74105735900596,28.841646323479637,187.4317885601979,188.75746534425147,-1.3256767840535701,0.71174239106036,-2.0374191751139303,191.48732986450196,201.48017963664728,181.49448009235664,2.7840010201686374,1606884700,309.794,5.33,3.7,28624.069,13.35,0.09,4.05,-1.42,20730.732258064516,101.483,79.0
2024-01-08,184.4525604248047,184.49233019548157,180.41679326133186,181.0032684531674,59144500,191.0544288635254,188.33262907955822,41.372649694236976,186.9734457701374,188.43858349836654,-1.4651377282291378,0.27636636720246044,-1.7415040954315981,191.0544288635254,201.46970808143564,180.63914964561516,2.9984294262257873,1666029200,309.794,5.33,3.7,28624.069,13.08,0.09,4.01,-1.48,20734.206451612903,101.483,79.0
2024-01-09,184.03506469726562,184.04499955584959,181.63944418662982,182.82234457021028,42841800,190.52908325195312,187.9233372336256,40.6337116074303,186.52138714354174,188.1123969205072,-1.5910097769654499,-0.09710886163112162,-1.4939009153343283,190.52908325195312,201.24336276571233,179.81480373819392,2.9735773027444696,1623187400,309.794,5.33,3.7,28624.069,12.76,0.09,4.02,-1.45,20735.36451612903,101.483,79.0
2024-01-10,185.0788116455078,185.2875498615879,182.82235486658107,183.24979649333252,46792900,190.18166961669922,187.65243003475726,43.35744991990873,186.29945245153652,187.88768690013688,-1.5882344486003603,-0.3953339790249694,-1.1929004695753909,190.18166961669922,201.12722995967042,179.23610927372803,3.074399673313114,1669980300,309.794,5.33,3.7,28624.069,12.69,0.09,4.04,-1.42,20736.52258064516,101.483,79.0
2024-01-11,184.4823760986328,185.93366934185158,182.524132048394,185.42670336710847,49128400,189.72838973999023,187.35052013607873,42.16689325545053,186.0199022433975,187.63544165558102,-1.615539412183523,-0.6393750656566801,-0.9761643465268428,189.72838973999023,200.82854421685866,178.6282352631218,3.1155821921851077,1620851900,309.794,5.33,3.7,28624.069,12.44,0.09,3.98,-1.48,20737.68064516129,101.483,79.0
2024-01-12,184.81039428710938,185.62550766060176,184.08475530494994,184.94955813530052,40444700,189.12998123168944,187.10860338855784,43.092391846549056,185.83382409627623,187.4261788875461,-1.5923547912698552,-0.8299710107793152,-0.76238378049054,189.12998123168944,199.93171264831352,178.32824981506536,2.971447658803606,1661296600,309.794,5.33,3.7,28624.069,12.7,0.09,3.96,-1.49,20738.838709677417,101.483,79.0
2024-01-16,182.53408813476562,183.16031793652851,179.85018978995151,181.07285998444632,65603000,188.410302734375,186.67293526914904,38.489233343778984,185.32617240989,187.06380179474752,-1.737629384857513,-1.0115026855949547,-0.7261266992625584,188.410302734375,198.95288597277926,177.86771949597073,3.1525022486159764,1595693600,309.794,5.33,3.7,28624.069,13.84,0.09,4.07,-1.38,20743.470967741934,101.483,79.0
2024-01-17,181.58975219726562,181.83826018866833,179.2239664331644,180.18817865322478,47317400,187.6702453613281,186.1888225956363,36.736046226930014,184.75133853102471,186.6583166393785,-1.9069781083537976,-1.1905977701467234,-0.7163803382070741,187.6702453613281,197.94260235234094,177.3978883703153,3.313677266527707,1548376200,309.794,5.33,3.7,28624.069,14.79,0.09,4.1,-1.37,20744.629032258064,101.483,79.0
2024-01-18,187.5042266845703,188.01117745137466,184.72093456060279,184.97937737290508,78005800,187.30941162109374,186.31409917553478,51.60456581270678,185.17485978541634,186.72097664272604,-1.5461168573096984,-1.2617015875793185,-0.2844152697303799,187.30941162109374,197.05947194253733,177.55935129965016,3.60123472217274,1626382000,309.794,5.33,3.7,28624.069,14.13,0.09,4.14,-1.31,20745.787096774195,101.483,79.0
2024-01-19,190.416748046875,190.80441988057507,187.69311035236996,188.2000611602168,68741000,187.0420166015625,186.70482763947194,56.967973803252434,185.98130413333305,186.9947374874778,-1.0134333541447518,-1.2120479408924052,0.19861458674765342,187.0420166015625,196.12004380433095,177.96398939879404,3.729748457233161,1695123000,309.794,5.33,3.7,28624.069,13.3,0.09,4.15,-1.3,20746.94516129032,101.483,79.0
2024-01-22,192.73284912109375,194.16425751836653,191.11257223144145,191.15234200232317,60133900,186.99529647827148,187.2789249234359,60.69809637077221,187.0200033622193,187.41978279367157,-0.39977943145225936,-1.049594239004376,0.6498148075521166,186.99529647827148,195.9451687703977,178.04542418614528,3.807851760895809,1755256900,309.794,5.33,3.7,28624.069,13.19,0.09,4.11,-1.35,20750.41935483871,101.483,79.0
2024-01-23,194.01513671875,194.58174217570732,192.6732027698961,193.8561031440579,42355600,187.02014770507813,187.920468903942,62.62949910924324,188.0961777247625,187.90832752886257,0.18785019589992658,-0.8021053520235155,0.9899555479234421,187.02014770507813,196.0447779007853,177.99551750937096,3.330717604594089,1797612500,309.794,5.33,3.7,28624.069,12.55,0.09,4.14,-1.31,20751.57741935484,101.483,79.0
2024-01-24,193.33920288085938,195.20798769039715,193.18015413797895,194.25371040083746,53631300,187.06487884521485,188.43653880650558,60.92972235604383,188.90279697954662,188.31061459197343,0.5921823875731889,-0.5232478041041746,1.1154301916773635,187.06487884521485,196.20474454546667,177.92501314496303,3.301606396716307,1743981200,309.794,5.33,3.7,28624.069,13.14,0.09,4.18,-1.26,20752.73548387097,101.483,79.0
2024-01-25,193.01116943359375,195.0986424607324,191.95749806154728,194.0549059471631,54822100,187.12054367065429,188.87221791384732,60.07755707763726,189.53485428016924,188.65880383950088,0.8760504406683651,-0.2433881551496667,1.1194385958180317,187.12054367065429,196.39010993478408,177.8509774065245,3.2866962649919134,1689159100,309.794,5.33,3.7,28624.069,13.45,0.09,4.14,-1.3,20753.893548387096,101.483,79.0
2024-01-26,191.2716064453125,193.5976373302703,190.79447540505197,193.11057143190595,44594000,187.0842597961426,189.1007311073202,55.633896977421465,189.80204692096052,188.85234477326472,0.9497021476958025,-0.004770094580572842,0.9544722422763754,187.0842597961426,196.28259322978593,177.88592636249925,3.3030264737938353,1644565100,309.794,5.33,3.7,28624.069,13.26,0.09,4.15,-1.29,20755.051612903226,101.483,79.0
2024-01-29,190.5857391357422,191.05293535979936,188.44857653714126,190.8640668648328,47145600,186.99231033325196,189.2421604433604,53.93985952953601,189.92261495400385,188.98074435567045,0.941870598333395,0.18455804400222076,0.7573125543311743,186.99231033325196,196.01026296601273,177.9743577004912,3.1908402995328293,1597419500,309.794,5.33,3.7,28624.069,13.6,0.09,4.08,-1.34,20758.525806451613,101.483,79.0
2024-01-30,186.9177703857422,190.6553404086777,186.35118003362723,189.80047228297695,55859400,186.76915130615234,189.02078996168248,45.8918371553513,189.4603311742713,188.82793146900912,0.6323997052621735,0.2741263762542113,0.35827332900796216,186.76915130615234,195.55967733526234,177.97862527704234,3.2973434521667997,1541560100,309.794,5.33,3.7,28624.069,13.31,0.09,4.06,-1.36,20759.683870967743,101.483,79.0
2024-01-31,183.2994842529297,185.98338263365994,183.24979478995033,185.92372797618197,55467800,186.7075210571289,188.47590370370602,39.61300196553159,188.51250857098796,188.41841686041064,0.09409171057731669,0.23811944311883243,-0.14402773254151574,186.7075210571289,195.57684928798466,177.83819282627314,3.3832563522228725,1486092300,309.794,5.33,3.7,28624.069,14.35,0.09,3.99,-1.43,20760.84193548387,101.483,79.0
2024-02-01,185.74481201171875,185.83427124755644,182.72296153753896,182.8919451500293,64885400,186.83724212646484,188.21579973304057,45.08165001189652,188.08670910033118,188.22037205680382,-0.13366295647264792,0.16376296320053635,-0.29742591967318427,186.83724212646484,195.56950411304788,178.1049801398818,3.3619543819771502,1550977700,311.022,5.33,3.9,28624.069,13.88,0.09,3.87,-1.55,20762.0,102.7267,76.9
2024-02-02,184.74082946777344,186.21199239128737,178.1802130458578,178.78657309445222,102518000,187.03306579589844,187.8848501839675,43.346010868018475,187.57195838763,187.96262816132008,-0.39066977369009237,0.052876415822410594,-0.44354618951250296,187.03306579589844,195.38453520239634,178.68159638940054,3.8255991669612746,1448459700,311.022,5.33,3.9,28624.069,13.85,0.09,4.03,-1.4,20765.48275862069,102.7267,76.9
2024-02-05,186.5598907470703,188.12052803558694,184.73087577921018,187.02708693103884,69668800,187.35612564086915,187.75866357092968,47.30458102318761,187.41625567369775,187.85872168619048,-0.44246601249273,-0.04619206984061752,-0.39627394265211247,187.35612564086915,195.0864067907364,179.6258444910019,3.7134168640483387,1518128500,311.022,5.33,3.9,28624.069,13.67,0.09,4.17,-1.25,20775.931034482757,102.7267,76.9
2024-02-06,188.1702423095703,188.180177168222,185.65534280788862,185.74480203892318,43490800,187.54200973510743,187.7978615460383,50.59560814725802,187.53225361767812,187.8817972879223,-0.34954367024417365,-0.10686238992132874,-0.24268128032284492,187.54200973510743,195.16207889931405,179.9219405709008,3.6573249111006367,1561619300,311.022,5.33,3.9,28624.069,13.06,0.09,4.09,-1.35,20779.41379310345,102.7267,76.9
2024-02-07,188.27957153320312,189.90978311879897,187.4843430399979,189.50222643046953,53439000,187.7542350769043,187.84373868767304,50.820175089976374,187.64722560468195,187.91126204683198,-0.2640364421500294,-0.13829720036706888,-0.12573924178296053,187.7542350769043,195.20637319062726,180.30209696318136,3.371897398578639,1615058300,311.022,5.33,3.9,28624.069,12.83,0.09,4.09,-1.34,20782.896551724138,102.7267,76.9
2024-02-08,187.19610595703125,188.40881099372643,186.23189374257132,188.25971226684047,40962000,187.86009979248047,187.78205937999286,48.46888179206949,187.57782258196644,187.85828752166154,-0.28046493969509356,-0.16673074823267384,-0.11373419146241973,187.86009979248047,195.21674689761082,180.50345268735012,3.2916634025179508,1574096300,311.022,5.33,3.9,28624.069,12.79,0.09,4.15,-1.29,20786.379310344826,102.7267,76.9
2024-02-09,187.9624786376953,189.0971204380579,187.11646725876852,187.76340641648085,45155200,188.0341049194336,187.7992421664407,50.22319544420575,187.63700043669397,187.86600538210848,-0.22900494541451621,-0.17918558766904233,-0.049819357745473886,188.0341049194336,195.22572770624546,180.8424821326217,3.1654593816463694,1619251500,311.022,5.33,3.9,28624.069,12.93,0.09,4.17,-1.27,20789.862068965518,102.7267,76.9
2024-02-12,186.27044677734375,187.78330749959082,185.91213805857674,187.53448242231033,41781900,188.10710754394532,187.65364260557433,46.46229738645067,187.42676141217856,187.74781585582963,-0.3210544436510645,-0.20755935886544674,-0.11349508478561776,188.10710754394532,195.19524952441446,181.01896556347617,3.1755880368826093,1577469600,311.022,5.33,3.9,28624.069,13.93,0.09,4.17,-1.26,20800.310344827587,102.7267,76.9
2024-02-13,184.1703643798828,185.33487911795885,182.64755610649428,184.89694454758455,56529500,188.18892135620118,187.32190182217514,42.23491683032042,186.92577725336383,187.48281945020392,-0.5570421968400865,-0.2774559264603747,-0.2795862703797118,188.18892135620118,195.05207391291486,181.3257687994875,3.289520688199129,1520940100,311.022,5.33,3.9,28624.069,15.85,0.09,4.31,-1.14,20803.793103448275,102.7267,76.9
2024-02-14,183.2845458984375,184.65806518525375,181.58259087415234,184.44906062504626,54630500,188.27366104125977,186.9373917342001,40.558634837877875,186.3655878141444,187.17183622414714,-0.8062484100027518,-0.3832144231688501,-0.4230339868339017,188.27366104125977,194.8444230037968,181.70289907872274,3.2848299676217203,1466309600,311.022,5.33,3.9,28624.069,14.38,0.09,4.27,-1.16,20807.275862068964,102.7267,76.9
2024-02-15,182.9959259033203,183.62296999377594,180.4977274519665,182.68738521978767,65434500,188.04824600219726,186.56201403602108,40.00155344225369,185.84717828940222,186.86250953371552,-1.0153312443133018,-0.5096377873977405,-0.5056934569155613,188.04824600219726,195.0069927859493,181.0894992184452,3.3078357259496562,1400875100,311.022,5.33,3.9,28624.069,14.01,0.09,4.24,-1.19,20810.758620689656,102.7267,76.9
2024-02-16,181.4532012939453,183.98127264473297,180.816209688257,182.5579852711476,49701400,187.60006866455078,186.07546044153767,37.07058312884204,185.1711818285627,186.46182003447328,-1.290638205910568,-0.665837871100306,-0.6248003348102621,187.60006866455078,195.02958194942354,180.170555379678,3.332266657971423,1351173700,311.022,5.33,3.9,28624.069,14.24,0.09,4.3,-1.14,20814.241379310344,102.7267,76.9
2024-02-20,180.7067108154297,181.57261717237213,179.1540448566047,180.93562562036504,53665600,186.99876174926757,185.56415095333693,35.707221192212245,184.48434013423454,186.03551564787747,-1.5511755136429315,-0.8429053996088312,-0.7082701140341003,186.99876174926757,194.61361414894196,179.38390934959318,3.1975817965940627,1297508100,311.022,5.33,3.9,28624.069,15.42,0.09,4.27,-1.17,20828.172413793105,102.7267,76.9
2024-02-21,181.4631805419922,182.03049388623003,179.81097819372195,181.08496152111414,41529700,186.37116394042968,185.17358234273266,38.188101397681535,184.01954635081265,185.69682415855266,-1.677277807740012,-1.0097798812350673,-0.6674979265049445,186.37116394042968,193.63016451545292,179.11216336540645,3.094120374930936,1339037800,311.022,5.33,3.9,28624.069,15.34,0.09,4.32,-1.12,20831.655172413793,102.7267,76.9
2024-02-22,183.50352478027344,184.09076354210745,181.60251261136847,182.6177080564135,52292200,185.8793800354004,185.0145292415461,44.41791442300854,183.94015841688355,185.53435753793937,-1.5941991210558228,-1.1266637291992185,-0.4675353918566043,185.8793800354004,192.48692430288048,179.27183576792032,3.0595684670807777,1391330000,311.022,5.33,3.9,28624.069,14.54,0.09,4.33,-1.12,20835.137931034482,102.7267,76.9
2024-02-23,181.66221618652344,184.17036202409395,181.37357059288817,184.1405042298665,45119700,185.3119323730469,184.69526133154392,40.45526379546065,183.58970576605893,185.2475322526493,-1.6578264865903805,-1.232896280677451,-0.4249302059129294,185.3119323730469,191.291569822783,179.33229492331077,2.6856407589219367,1346210300,311.022,5.33,3.9,28624.069,13.75,0.09,4.26,-1.2,20838.620689655174,102.7267,76.9
2024-02-26,180.30862426757812,181.90109579673225,179.80101134340092,181.38355052297356,40867400,184.76378326416017,184.27748637307099,37.786499961908525,183.08492399706188,184.88168721671812,-1.796763219656242,-1.3456696684732092,-0.45109355118303274,184.76378326416017,190.4609114563389,179.06665507198144,2.59352877299012,1305342900,311.022,5.33,3.9,28624.069,13.74,0.09,4.28,-1.19,20849.068965517243,102.7267,76.9
2024-02-27,181.77169799804688,183.05562869813585,178.71611879819,180.24888975946536,54318900,184.32308120727538,184.03883986116392,42.22312093627737,182.88288922798264,184.6513176449647,-1.7684284169820614,-1.4302214181749797,-0.3382069988070817,184.32308120727538,189.48949942884414,179.15666298570662,2.7231484543910107,1359661800,311.022,5.33,3.9,28624.069,13.43,0.09,4.31,-1.14,20852.55172413793,102.7267,76.9
2024-02-28,180.56739807128906,182.25940572629614,179.28346722817705,181.65227187035535,48953900,184.00556259155275,183.70822635736633,39.712679933889056,182.52665981926054,184.3488050839517,-1.8221452646911587,-1.5086061874782155,-0.31353907721294316,184.00556259155275,189.27463781704085,178.73648736606464,2.7624697700565832,1310707900,311.022,5.33,3.9,28624.069,13.84,0.09,4.27,-1.18,20856.03448275862,102.7267,76.9
2024-02-29,179.90054321289062,181.71199718953457,178.6862755375109,180.41810366151438,136682600,183.8356155395508,183.34558986741627,38.35286791288478,182.122641879819,184.01930420461386,-1.8966623247948462,-1.5862174149415418,-0.3104449098533044,183.8356155395508,189.3960249872174,178.27520609188417,2.823098655832908,1174025300,311.022,5.33,3.9,28624.069,13.4,0.09,4.25,-1.2,20859.51724137931,102.7267,76.9
2024-03-01,178.81565856933594,179.68156498512658,176.54637506189474,178.70617492699984,73488000,183.48915786743163,182.91416783902767,36.182255688757294,181.61387521666776,183.63384897237106,-2.0199737557032904,-1.6729686830938917,-0.3470050726093987,183.48915786743163,189.38398686530036,177.5943288695629,2.921206868097658,1100537300,312.107,5.33,3.9,28624.069,13.11,0.09,4.19,-1.23,20863.0,102.5186,79.4
2024-03-04,174.27708435058594,176.0686126971914,172.97322823226915,175.32213749041347,81510100,182.96597061157226,182.09158845917608,28.83095763900758,180.48513816034747,182.94075529668328,-2.4556171363358033,-1.829498373742274,-0.6261187625935292,182.96597061157226,190.05915273472925,175.87278848841527,3.1920704222368164,1019027200,312.107,5.33,3.9,28624.069,13.49,0.09,4.22,-1.26,20864.770967741937,102.5186,79.4
2024-03-05,169.3204803466797,171.23145507958293,168.82283020205665,169.9574719243141,95132400,182.10400009155273,180.87529244846215,23.270365283728196,178.76749849670625,181.93184604112744,-3.16434754442119,-2.0964682078780577,-1.0678793365431325,182.10400009155273,191.1592686380141,173.04873154509136,3.322882099213946,923894800,312.107,5.33,3.9,28624.069,14.46,0.09,4.13,-1.34,20865.36129032258,102.5186,79.4
2024-03-06,168.32518005371094,170.43522699407845,167.88724549652,170.256065044738,68587700,181.11174697875975,179.68004364896203,22.338670004856183,177.16098796701468,180.92394485687436,-3.76295688985968,-2.4297659442743824,-1.3331909455852977,181.11174697875975,191.53628250254496,170.68721145497454,3.2852040411037353,855307100,312.107,5.33,3.9,28624.069,14.5,0.09,4.11,-1.36,20865.951612903227,102.5186,79.4
2024-03-07,168.2057647705078,169.92763018116116,167.6981670423948,168.35505375316498,71765100,180.108056640625,178.58725518434733,22.223701850197244,175.78326132139824,179.98185744306943,-4.198596121671187,-2.7835319797537434,-1.4150641419174437,180.108056640625,191.4075565096674,168.8085567715826,3.2212197980292308,783542000,312.107,5.33,3.9,28624.069,14.44,0.09,4.09,-1.38,20866.54193548387,102.5186,79.4
2024-03-08,169.92762756347656,172.8836708711805,168.14604658720506,168.20576217934803,76114600,179.24463272094727,177.76252874426442,27.979428046415478,174.8823945894103,179.2370996742107,-4.3547050848004005,-3.097766600763075,-1.2569384840373257,179.24463272094727,190.8797877455618,167.60947769633273,3.333545607136336,859656600,312.107,5.33,3.9,28624.069,14.74,0.09,4.09,-1.37,20867.132258064517,102.5186,79.4
2024-03-11,171.93814086914062,173.56048535052068,171.2414336396481,172.12725037151972,60139500,178.44341583251952,177.20782513710978,34.110832580199926,174.42943247859958,178.6964360590203,-4.26700358042072,-3.331613996694604,-0.9353895837261161,178.44341583251952,189.7697495547828,167.11708211025623,3.4202802836561,919796100,312.107,5.33,3.9,28624.069,15.22,0.09,4.1,-1.38,20868.90322580645,102.5186,79.4
2024-03-12,172.41586303710938,173.2121062975323,170.20629520329734,172.3362371923594,59825400,177.7506866455078,176.7514477942526,35.515621424940605,174.11965256452416,178.23120842776763,-4.111555863243467,-3.4876023700043772,-0.6239534932390898,177.7506866455078,188.7679520294392,166.73342126157644,3.476444240922305,979621500,312.107,5.33,3.9,28624.069,13.84,0.09,4.16,-1.32,20869.493548387098,102.5186,79.4
2024-03-13,170.3257598876953,172.37607625258147,169.95748841772314,171.9580519129805,52488700,177.05845642089844,176.13947751743763,32.27356221471537,173.53597676808897,177.64561964702153,-4.109642878932561,-3.6120104717900143,-0.4976324071425471,177.05845642089844,188.11498665572586,166.00192618607102,3.4643579280130887,927132800,312.107,5.33,3.9,28624.069,13.75,0.09,4.19,-1.29,20870.08387096774,102.5186,79.4
2024-03-14,172.18695068359375,173.49079163745046,171.24141844268888,172.0973773021251,72913500,176.50357666015626,175.7630463904049,37.725139200583556,173.32843429355125,177.24127379787873,-3.9128395043274793,-3.6721762782975076,-0.2406632260299717,176.50357666015626,187.3667608264761,165.6403924938364,3.490660807909472,1000046300,312.107,5.33,3.9,28624.069,14.4,0.09,4.29,-1.19,20870.674193548388,102.5186,79.4
2024-03-15,171.80873107910156,171.80873107910156,169.4896795825833,170.36554869703198,121664700,175.9442169189453,175.38644493218553,37.07208570309531,173.09463379902056,176.83886322611744,-3.744229427096883,-3.6865869080573828,-0.05764251903950024,175.9442169189453,186.56191121751976,165.32652262037084,3.5333169970294085,878381600,312.107,5.33,3.9,28624.069,14.41,0.09,4.31,-1.17,20871.26451612903,102.5186,79.4
2024-03-18,172.90357971191406,176.87483361469177,172.70452267737835,174.7448914522954,75604200,175.51673583984376,175.14998157787397,40.29411705183552,173.06524086254262,176.54736074358385,-3.4821198810412284,-3.645693502654152,0.16357362161292377,175.51673583984376,185.89863282845715,165.13483885123037,3.585216471004005,953985800,312.107,5.33,3.9,28624.069,14.33,0.09,4.34,-1.14,20873.035483870968,102.5186,79.4
2024-03-19,175.2524871826172,175.77999515234478,172.2168180823409,173.52065910891577,55215200,175.24402465820313,175.15974401642094,46.610114236609945,173.40174029640025,176.45144418351225,-3.0497038871120026,-3.5264955795457227,0.4767916924337201,175.24402465820313,185.34912717865984,165.13892213774642,3.6271620832814904,1009201000,312.107,5.33,3.9,28624.069,13.82,0.09,4.3,-1.18,20873.62580645161,102.5186,79.4
2024-03-20,177.83030700683594,177.83030700683594,174.2671300256647,174.89417408943874,53423100,175.0623809814453,175.41408334884142,52.54336952611657,174.08305825185187,176.55358217042513,-2.4705239185732637,-3.3153012473512313,0.8447773287779676,175.0623809814453,184.83905273331018,165.28570922958042,3.6655517496491745,1062624100,312.107,5.33,3.9,28624.069,13.04,0.09,4.27,-1.2,20874.21612903226,102.5186,79.4
2024-03-21,170.5646209716797,176.65586961417029,170.03711298613993,176.2179350177799,106181300,174.41543579101562,174.95222978911175,39.29003384973359,173.54176020874843,176.10995541496249,-2.5681952062140567,-3.1658800391237967,0.59768483290974,174.41543579101562,183.56445461931762,165.26641696271363,3.9826250260563256,956442800,312.107,5.33,3.9,28624.069,12.92,0.09,4.27,-1.21,20874.8064516129,102.5186,79.4
2024-03-22,171.47035217285156,172.23673773536032,169.26078406375387,170.95279171103329,71106600,173.90584259033204,174.62062239708698,41.27847166233395,173.22308204937966,175.76628110073204,-2.5431990513523886,-3.0413438415695153,0.49814479021712676,173.90584259033204,182.5021989628509,165.30948621781317,3.7778766928091585,1027549400,312.107,5.33,3.9,28624.069,13.06,0.09,4.22,-1.24,20875.39677419355,102.5186,79.4
2024-03-25,170.0470733642578,171.13194711675717,168.65364374159117,169.76839047714014,54288300,173.39276504516602,174.18504629872228,39.11065547590166,172.73446532859168,175.34263608321544,-2.6081707546237567,-2.954709224180364,0.34653846955660716,173.39276504516602,181.61610049744183,165.1694295928902,3.589480570147095,973261100,312.107,5.33,3.9,28624.069,13.19,0.09,4.25,-1.21,20877.167741935482,102.5186,79.4
2024-03-26,168.9124298095703,170.61438491064948,168.78303590364706,169.20106023000122,57388400,172.7498016357422,173.6828923473745,37.423342781710474,172.14645986412688,174.8663245073899,-2.7198646432630085,-2.907740307996893,0.1878756647338844,172.7498016357422,180.22930800021004,165.27029527127434,3.5382925351073777,915872700,312.107,5.33,3.9,28624.069,13.24,0.09,4.24,-1.22,20877.75806451613,102.5186,79.4
2024-03-27,172.49551391601562,172.78415954350993,169.31055559917013,169.60914876354798,60273300,172.34620742797853,173.56980868724506,45.42976580213233,172.20016048749437,174.69070890802882,-2.490548420534452,-2.824301930504405,0.3337535099699527,172.34620742797853,178.90985214421812,165.78256271173893,3.6555972919054676,976146000,312.107,5.33,3.9,28624.069,12.78,0.09,4.2,-1.25,20878.348387096772,102.5186,79.4
2024-03-28,170.67408752441406,171.42056273337485,169.70864503919194,170.94282285202152,65672700,171.8848846435547,173.2940257193564,42.456014141213515,171.96538003163587,174.39318139813145,-2.427801366495572,-2.7450018177026383,0.3172004512070661,171.8848846435547,177.48629127755703,166.28347800955237,3.516257619966057,910473300,312.107,5.33,3.9,28624.069,13.01,0.09,4.2,-1.26,20878.93870967742,102.5186,79.4
2024-04-01,169.23092651367188,170.4451942217802,168.68350825393796,170.38547862745995,46240500,171.4056480407715,172.90706389024356,40.210129148144894,171.54469487502604,174.01079214743072,-2.4660972724046815,-2.689220908643047,0.22312363623836573,171.4056480407715,176.12355633816702,166.68773974337597,3.3989520116397705,864232800,313.016,5.33,3.9,29016.714,13.65,0.09,4.33,-1.11,20881.3,102.3568,77.2
2024-04-02,168.0465087890625,168.54415896803064,167.43937496323824,168.28538634231538,49329500,171.0941192626953,172.44415388060727,38.41409853836486,171.0065124002624,173.56899338014418,-2.5624809798817694,-2.663872922890792,0.10139194300902243,171.0941192626953,175.8352364296261,166.3530020957645,3.3122191870825333,814903300,313.016,5.33,3.9,29016.714,14.61,0.09,4.36,-1.06,20883.906666666666,102.3568,77.2
2024-04-03,168.85269165039062,169.8778497555363,167.78772821512752,167.99673277562965,47691700,171.07072982788085,172.10210985868187,40.36655566896898,170.6751553618206,173.21963769645873,-2.5444823346381327,-2.63999480524026,0.09551247060212731,171.07072982788085,175.85106917517425,166.29039048058746,3.285915395727,862595000,313.016,5.33,3.9,29016.714,14.33,0.09,4.36,-1.06,20886.513333333332,102.3568,77.2
2024-04-04,168.02662658691406,171.1120488206033,168.02662658691406,169.4897042530356,53704400,171.05580215454103,171.71396859470397,39.00211777967549,170.26768939645035,172.8349702068628,-2.5672808104124556,-2.625452006274699,0.05817119586224351,171.05580215454103,175.8720721977799,166.23953211130217,3.2802290017222924,808890600,313.016,5.33,3.9,29016.714,16.35,0.09,4.31,-1.1,20889.12,102.3568,77.2
2024-04-05,168.78302001953125,169.58921080070664,168.15597599547186,168.7929675547899,42055200,171.08466491699218,171.43483063516373,40.96966648291194,170.03927872307818,172.53482574854195,-2.4955470254637646,-2.5994710101125125,0.10392398464874786,171.08466491699218,175.83878839054032,166.33054144344405,3.1991799383495874,850945800,313.016,5.33,3.9,29016.714,16.03,0.09,4.39,-1.04,20891.726666666666,102.3568,77.2
2024-04-08,167.65834045410156,168.40481571452685,167.4493358859462,168.23561647794648,37425500,170.97120056152343,171.075164903634,38.95748395713697,169.67298052785102,172.17360461562043,-2.5006240877694097,-2.579701625643892,0.07907753787448213,170.97120056152343,175.93410154173733,166.00829958130953,2.932578623920648,813520300,313.016,5.33,3.9,29016.714,15.19,0.09,4.42,-1.01,20899.546666666665,102.3568,77.2
2024-04-09,168.8726043701172,169.2806811483862,167.55881583801002,167.90716183961618,42451200,170.81792373657225,170.86539723377527,42.255009922977365,169.5498457343535,171.92908607891647,-2.379240344562959,-2.5396093694277053,0.16036902486474647,170.81792373657225,175.84089471820832,165.7949527549362,2.8010563553758123,855971500,313.016,5.33,3.9,29016.714,14.98,0.09,4.36,-1.07,20902.153333333332,102.3568,77.2
2024-04-10,166.99148559570312,168.29532657810816,166.3246362072623,168.0066961691415,49709300,170.54670486450195,170.4964532682446,38.76163131636426,169.1562518668688,171.56333789497475,-2.4070860281059367,-2.5131047011633516,0.10601867305741486,170.54670486450195,175.7767758528949,165.316633876109,2.728541439781787,806262200,313.016,5.33,3.9,29016.714,15.8,0.09,4.55,-0.9,20904.76,102.3568,77.2
2024-04-11,174.21737670898438,174.63541624491384,167.36972023014152,167.5488670137579,91070300,170.7412857055664,170.85082692926744,54.3678652595455,169.9348864579635,171.75993336267916,-1.8250469047156628,-2.375493141873814,0.5504462371581513,170.7412857055664,176.20820428463927,165.27436712649356,2.7178797703899806,897332500,313.016,5.33,3.9,29016.714,14.91,0.09,4.56,-0.89,20907.366666666665,102.3568,77.2
2024-04-12,175.72027587890625,177.52176704196785,173.39127675717174,173.44102962389059,101593300,170.91795196533204,171.3145839720902,56.83197365196396,170.8249463688778,172.0532920675849,-1.228345698707102,-2.1460636532404718,0.9177179545333698,170.91795196533204,176.77477995190952,165.06112397875455,2.8003466713320995,998925800,313.016,5.33,3.9,29016.714,17.31,0.09,4.5,-0.95,20909.97333333333,102.3568,77.2
2024-04-15,171.87841796875,175.7999037342719,171.68930847441092,174.53586805138283,73531800,170.92143630981445,171.36828244796257,49.476890948586394,170.98701892270427,172.04033843063416,-1.0533195079298991,-1.9275148241783575,0.8741953162484584,170.92143630981445,176.78046242381754,165.06241019581137,2.8927671590892845,925394000,313.016,5.33,3.9,29016.714,19.23,0.09,4.63,-0.82,20917.79333333333,102.3568,77.2
2024-04-16,168.583984375,172.94338974194338,167.47920033817573,170.94284143183614,73711200,170.70545654296876,171.1031112029185,44.194970966566004,170.61732129998052,171.7843122042909,-1.1669909043103814,-1.7754100402047626,0.6084191358943811,170.70545654296876,176.57474574883003,164.8361673371075,3.1522557588582294,851682800,313.016,5.33,3.9,29016.714,18.4,0.09,4.67,-0.78,20920.4,102.3568,77.2
2024-04-17,167.21046447753906,169.84800441976404,167.21046447753906,168.81289870293196,50901200,170.30335540771483,170.73238294335857,42.17349807410368,170.09318948114338,171.44550866897595,-1.3523191878325633,-1.6907918697303228,0.3384726818977595,170.30335540771483,175.969898522353,164.63681229307667,3.0640993451643266,800781600,313.016,5.33,3.9,29016.714,18.21,0.09,4.59,-0.86,20923.006666666668,102.3568,77.2
2024-04-18,166.25494384765625,167.84743029154777,165.76725645436014,167.24029654336022,43122900,169.72458724975587,170.3059601723393,40.77619205062416,169.50269015291457,171.06102238591524,-1.5583322330006695,-1.6642999423843923,0.1059677093837228,169.72458724975587,174.49079619442102,164.95837830509072,3.013621128047465,757658700,313.016,5.33,3.9,29016.714,18.0,0.09,4.64,-0.82,20925.613333333335,102.3568,77.2
2024-04-19,164.2245635986328,165.6179780634261,163.3088890664717,165.42888374733738,67772100,169.4075843811035,169.726779546272,37.902490580557696,168.69067068302508,170.55461803130171,-1.863947348276639,-1.7042294235628417,-0.15971792471379742,169.4075843811035,174.72018309840374,164.09498566380327,3.0818693788123546,689886600,313.016,5.33,3.9,29016.714,18.71,0.09,4.62,-0.83,20928.22,102.3568,77.2
2024-04-22,165.06060791015625,166.47393259764522,163.9956444231876,164.74211969252124,48116400,169.08709716796875,169.2823822475943,39.78432388656413,168.1321994871991,170.1476543186243,-2.0154548314251883,-1.7664745051353112,-0.2489803262898771,169.08709716796875,174.631562481341,163.5426318545965,3.1309219948140674,738003000,313.016,5.33,3.9,29016.714,16.94,0.09,4.62,-0.8,20936.04,102.3568,77.2
2024-04-23,166.11561584472656,166.26492000363532,164.14492548116624,164.57291251221173,49537800,168.8905242919922,168.98078544732118,42.166098029875755,167.82195584989563,169.8489848020393,-2.0270289521436666,-1.8185853945369825,-0.2084435576066841,168.8905242919922,174.5622225756015,163.21882600838288,3.133055779246947,787540800,313.016,5.33,3.9,29016.714,15.69,0.09,4.61,-0.84,20938.646666666667,102.3568,77.2
2024-04-24,168.22567749023438,168.50436038665487,165.4288858023208,165.75732156896873,48251800,168.8561866760254,168.9088704037891,46.70645230893422,167.88406687148623,169.72873981597965,-1.844672944493425,-1.823802904528271,-0.020870039965153797,168.8561866760254,174.53524939943648,163.17712395261432,3.1323452328644357,835792600,313.016,5.33,3.9,29016.714,15.97,0.09,4.65,-0.81,20941.253333333334,102.3568,77.2
2024-04-25,169.09158325195312,169.80820075027214,167.3597550998357,168.73327450279362,50558300,168.68599014282228,168.92627162742377,48.493473408379856,168.06983862232727,169.68154303345918,-1.6117044111319103,-1.781383205848999,0.16967879471708858,168.68599014282228,174.1171988236248,163.25478146201976,3.195621049767569,886350900,313.016,5.33,3.9,29016.714,15.37,0.09,4.7,-0.77,20943.86,102.3568,77.2
2024-04-26,168.50433349609375,170.53473930129167,168.38488714020465,169.08160945714914,44838400,168.57750244140624,168.88608704348758,47.33424920458583,168.1366839875221,169.59434232698766,-1.457658339465553,-1.7166382325723097,0.25897989310675684,168.57750244140624,173.93166371995514,163.22334116285734,3.253918766017709,841512500,313.016,5.33,3.9,29016.714,15.03,0.09,4.67,-0.79,20946.466666666667,102.3568,77.2
2024-04-29,172.68460083007812,175.20270935632288,172.28648678772151,172.55520693212748,68169400,168.75018615722655,169.24785026125812,55.49069343877708,168.8363635017615,169.82325036425362,-0.9868868624921276,-1.5706879585562734,0.5838010960641458,168.75018615722655,174.3925281501473,163.1078441643058,3.6093838052929192,909681900,313.016,5.33,3.9,29016.714,14.67,0.09,4.63,-0.82,20954.286666666667,102.3568,77.2
2024-04-30,169.5294952392578,174.16759809934044,169.2010443307548,172.51539602156524,65934800,168.82433547973633,169.27467359249619,49.28637609538829,168.942999153684,169.80149072536506,-0.8584915716810428,-1.4282486811812274,0.5697571095001845,168.82433547973633,174.46671643446956,163.1819545250031,3.7821399199879733,843747100,313.016,5.33,3.9,29016.714,15.65,0.09,4.69,-0.77,20956.893333333333,102.3568,77.2
2024-05-01,168.50433349609375,171.89831095590108,168.31522402075603,168.78301634804097,50383100,168.8069175720215,169.20130786902928,47.43072307495613,168.87551212943936,169.70540500467828,-0.8298928752389259,-1.3085775199927672,0.4786846447538413,168.8069175720215,174.45099134401667,163.1628438000263,3.4920796546975685,793364000,313.14,5.33,4.0,29016.714,15.39,0.09,4.63,-0.83,20959.5,102.9797,69.1
2024-05-02,172.21682739257812,172.6049939419865,170.08688513916925,171.69926693100732,94214900,169.01642761230468,169.48850020460537,54.161407123577774,169.3895606314607,169.89143629267087,-0.501875661210164,-1.1472371482362465,0.6453614870260824,169.01642761230468,174.8373997912782,163.19545543333118,3.4899489519187563,887578900,313.14,5.33,4.0,29016.714,14.68,0.09,4.58,-0.88,20961.454838709677,102.9797,69.1
2024-05-03,182.5181884765625,186.12117099096088,181.80157098826203,185.77280978325868,163224100,169.70318603515625,170.72942289717273,66.8460031006935,171.40934953070715,170.82675126925542,0.5825982614517216,-0.8012700662986528,1.3838683277503745,169.70318603515625,177.9763826392024,161.4299894311101,4.1895024046703115,1050803000,313.14,5.33,4.0,29016.714,13.49,0.09,4.5,-0.95,20963.409677419353,102.9797,69.1
2024-05-06,180.8560333251953,183.3343214775735,179.5720873686165,181.4930249418685,78569700,170.36307067871093,171.69386198555583,63.779198867407956,172.86268549908993,171.5696610511769,1.2930244479130408,-0.3824111634563141,1.675435611369355,170.36307067871093,179.88908311429577,160.83705824312608,4.067934169326692,972233300,313.14,5.33,4.0,29016.714,13.49,0.09,4.49,-0.96,20969.274193548386,102.9797,69.1
2024-05-07,181.54278564453125,184.0310366275269,180.46787458450643,182.58785409480518,77305800,170.99657974243163,172.63185471498207,64.50381099070603,174.19808552146552,172.308411021055,1.889674500410507,0.07200596931705017,1.817668531093457,170.99657974243163,181.65924757781121,160.33391190705206,4.134050033669228,1049539100,313.14,5.33,4.0,29016.714,13.23,0.09,4.47,-0.98,20971.229032258063,102.9797,69.1
2024-05-08,181.8811798095703,182.20963072654146,180.5972339353124,181.9906634485607,45057100,171.741064453125,173.51274281922858,64.87667509821006,175.38010002732779,173.0175050053895,2.36259502193829,0.5301237798412982,1.8324712420969917,171.741064453125,183.22854473947555,160.25358416677446,4.10063738752933,1094596200,313.14,5.33,4.0,29016.714,13.0,0.09,4.48,-0.97,20973.183870967743,102.9797,69.1
2024-05-09,183.70260620117188,183.792179594264,181.2541604804327,181.70204263297254,48983000,172.21532592773437,174.48320599846127,66.89256946069221,176.66048559253457,173.80899398285484,2.8514916096797265,0.9943973458089839,1.8570942638707426,172.21532592773437,184.80308900400996,159.62756285145878,4.071491982718385,1143579200,313.14,5.33,4.0,29016.714,12.69,0.09,4.45,-1.01,20975.13870967742,102.9797,69.1
2024-05-10,182.4368438720703,184.47000383075684,181.51992740382525,184.28063783698332,50759500,172.55115432739257,175.24069531975738,64.13764081348498,177.54915609707854,174.4480939746486,3.101062122429937,1.4157303011331746,1.6853318212967625,172.55115432739257,185.8342114827921,159.26809717199302,4.105191143609383,1092819700,313.14,5.33,4.0,29016.714,12.55,0.09,4.5,-0.97,20977.093548387096,102.9797,69.1
2024-05-13,185.656005859375,186.47326635748277,184.0015628078464,184.8188233059542,72044800,173.24003372192382,176.23262965686382,67.7728523916763,178.79636375281643,175.27830966981352,3.518054083002909,1.8361950575071213,1.6818590254957875,173.24003372192382,187.68988839268727,158.79017905116038,4.242078855248195,1164864500,313.14,5.33,4.0,29016.714,13.6,0.09,4.48,-0.97,20982.95806451613,102.9797,69.1
2024-05-14,186.8021697998047,187.66926595480425,185.6659889969534,186.8819036535792,52393600,174.15094299316405,177.2392525276201,68.9785583503467,180.02802622158384,176.13192893870178,3.8960972828820672,2.248175502582111,1.6479217802999564,174.15094299316405,189.57591706443077,158.72596892189733,4.166206391754993,1217258100,313.14,5.33,4.0,29016.714,13.42,0.09,4.45,-0.99,20984.912903225806,102.9797,69.1
2024-05-15,189.08450317382812,190.0113806876588,186.74236879853999,187.28056849688068,70400000,175.24464492797853,178.36737163678276,71.28255753917605,181.42133036808298,177.09137888204447,4.32995148603851,2.664530699273391,1.6654207867651194,175.24464492797853,191.61881009567838,158.87047976027867,4.224818265946591,1287658100,313.14,5.33,4.0,29016.714,12.45,0.09,4.36,-1.09,20986.867741935483,102.9797,69.1
2024-05-16,189.2041015625,190.45989075478766,189.02471179656044,189.83199615864385,52845200,176.3921028137207,179.39944115351773,71.4024192771581,182.6186797826087,177.98861759911526,4.630062183493436,3.0576369961173997,1.5724251873760364,176.3921028137207,193.29349291466843,159.49071271277296,4.173770180028035,1340503300,313.14,5.33,4.0,29016.714,12.42,0.09,4.38,-1.07,20988.82258064516,102.9797,69.1
2024-05-17,189.23399353027344,190.17084727488813,188.54630236847427,188.87519880271202,41282900,177.64257431030273,180.33606518939922,71.43451080081749,183.63642035917252,178.82160840883068,4.814811950341834,3.409071986962287,1.4057399633795473,177.64257431030273,194.45849833529738,160.8266502853081,3.8113536833269444,1381786200,313.14,5.33,4.0,29016.714,11.99,0.09,4.42,-1.04,20990.77741935484,102.9797,69.1
2024-05-20,190.40008544921875,191.27714266640717,188.37688635675946,188.69582178398366,44361300,178.90954818725587,181.29454330938202,72.72056529909378,184.67698421917962,179.67927337478537,4.997710844394248,3.7267997584486796,1.2709110859455688,178.90954818725587,195.56019538152117,162.25890099299056,3.663761007688521,1426147500,313.14,5.33,4.0,29016.714,12.15,0.09,4.44,-1.01,20996.64193548387,102.9797,69.1
2024-05-21,191.70570373535156,192.08442053272114,190.28048580582154,190.44991454290118,42309400,180.1890525817871,182.2860823975696,74.1251982724306,185.75832568320607,180.57012006816063,5.188205615045433,4.01908092976803,1.1691246852774029,180.1890525817871,196.64222566209486,163.73587950147936,3.5366787070995604,1468456900,313.14,5.33,4.0,29016.714,11.86,0.09,4.41,-1.04,20998.59677419355,102.9797,69.1
2024-05-22,190.2605438232422,192.17412585880137,189.63266445026173,191.625965130265,34648500,181.2907958984375,183.04555491430034,69.83865023303554,186.450974627827,181.28792923520373,5.163045392623275,4.24787382233908,0.9151715702841949,181.2907958984375,197.33804081825258,165.2435509786224,3.425307347288625,1433808400,313.14,5.33,4.0,29016.714,12.29,0.09,4.43,-1.02,21000.551612903226,102.9797,69.1
2024-05-23,186.25401306152344,190.36020743395642,186.0048504863481,190.34027016979292,51005900,182.148917388916,183.351122356893,59.55600920771187,186.4206728483957,181.6557872964126,4.764885551983099,4.3512761682678835,0.4136093837152153,182.148917388916,197.30580119231067,166.99203358552134,2.7432368722333087,1382802500,313.14,5.33,4.0,29016.714,12.77,0.09,4.47,-0.99,21002.506451612902,102.9797,69.1
2024-05-24,189.3436279296875,189.94162421863646,187.41012383078694,188.1875250894915,36294600,183.1908821105957,183.92183717334962,63.96242020581428,186.8703582455175,182.22525697295146,4.645101272566052,4.410041189127517,0.23506008343853502,183.1908821105957,197.28010503935056,169.10165918184086,2.7379066613873113,1419097100,313.14,5.33,4.0,29016.714,11.93,0.09,4.46,-1.0,21004.46129032258,102.9797,69.1
2024-05-28,189.3535919189453,192.35350378297326,188.46657377923762,190.86848939299406,52280100,184.02433166503906,184.43914714912063,63.97605146265492,187.25239419527563,182.75328178376583,4.499112411509799,4.427855433603973,0.07125697790582564,184.02433166503906,197.4871344662487,170.5615288638294,2.7610329442955384,1471377200,313.14,5.33,4.0,29016.714,12.92,0.09,4.54,-0.92,21012.28064516129,102.9797,69.1
2024-05-29,189.652587890625,191.6060292626522,188.8752018363686,188.97487295416659,53068000,185.0304862976074,184.93566531497817,64.41107417683641,187.62165476379093,183.26434149538503,4.357313268405903,4.413747000564359,-0.05643373215845582,185.0304862976074,196.92641281519488,173.13455978001994,2.8409208467994347,1524445200,313.14,5.33,4.0,29016.714,14.28,0.09,4.61,-0.85,21014.235483870965,102.9797,69.1
2024-05-30,190.6492462158203,191.53626445370173,189.99146851693155,190.12102272627732,49947900,186.13773193359376,185.47981587696313,65.88974411146985,188.08743806410314,183.81137147467655,4.276066589426591,4.386210918336806,-0.11014432891021464,186.13773193359376,195.53456349737655,176.74090036981096,2.794182093174107,1574393100,313.14,5.33,4.0,29016.714,14.47,0.09,4.55,-0.91,21016.190322580645,102.9797,69.1
2024-05-31,191.60601806640625,191.92495345858123,189.2738600399137,190.79873376551856,75158300,187.10719146728516,186.06326370452916,67.29457154477723,188.62875806445746,184.38875270369357,4.240005360763888,4.356969806822223,-0.11696444605833456,187.10719146728516,194.30185270227676,179.91253023229356,2.7728261640123884,1649551400,313.14,5.33,4.0,29016.714,12.92,0.09,4.51,-0.95,21018.145161290322,102.9797,69.1
2024-06-03,193.38006591796875,194.33685694398167,191.8751293663799,192.25384615761888,50080500,187.65028533935546,186.76010201057102,69.77985627509241,189.35972850345917,185.054775904751,4.304952598708155,4.3465663651994095,-0.04161376649125437,187.65028533935546,195.01515788107707,180.28541279763385,2.6795701920240282,1699631900,313.131,5.33,4.1,29016.714,13.11,0.09,4.41,-1.11,21021.386666666665,103.2534,68.2
2024-06-04,193.69898986816406,194.66574186569684,192.38340418619828,193.98801176077237,47471400,188.2924331665039,187.4209484731989,70.2180000594772,190.02730717495223,185.695088050189,4.332219124763213,4.343696917112171,-0.011477792348957294,188.2924331665039,195.41120591446688,181.17366041854095,2.6987900194575514,1747103300,313.131,5.33,4.1,29016.714,13.16,0.09,4.33,-1.19,21022.03,103.2534,68.2
2024-06-05,195.21389770507812,196.24044634116564,194.2172473626493,194.74547082752238,54156800,188.97598876953126,188.16313411433026,72.27429976810237,190.82524417958697,186.40018506166228,4.42505911792469,4.359969357274675,0.06508976065001448,188.97598876953126,195.9957977644394,181.9561797746231,2.646821775449177,1801260100,313.131,5.33,4.1,29016.714,12.63,0.09,4.29,-1.22,21022.673333333332,103.2534,68.2
2024-06-06,193.8285675048828,195.84180559150522,193.51960831096955,195.0345211925245,41181800,189.57335815429687,188.7026991991448,67.67280922493029,191.2872939219402,186.95043561301196,4.336858308928242,4.355347147605389,-0.0184888386771469,189.57335815429687,196.0919898234787,183.05472648511503,2.710180227042638,1760078300,313.131,5.33,4.1,29016.714,12.58,0.09,4.28,-1.23,21023.316666666666,103.2534,68.2
2024-06-07,196.23046875,196.28030430445062,193.48968053965237,193.99796669662618,53103900,190.1997512817383,189.41962963255958,71.1074904445085,192.04778235702634,187.63784547501106,4.409936882015273,4.366265094487367,0.04367178752790668,190.1997512817383,196.7490538427517,183.65044872072488,2.7934715740700944,1813182200,313.131,5.33,4.1,29016.714,12.22,0.09,4.43,-1.09,21023.96,103.2534,68.2
2024-06-10,192.4730987548828,196.63910486677477,191.50634675889475,196.2404356269631,97262100,190.7015640258789,189.710436215638,60.3121408117154,192.11321564900427,187.9960123846312,4.1172032643730745,4.316452728464508,-0.19924946409143374,190.7015640258789,196.25738758062607,185.14574047113172,2.952935988229545,1715920100,313.131,5.33,4.1,29016.714,12.74,0.09,4.47,-1.05,21025.89,103.2534,68.2
2024-06-11,206.45611572265625,206.46609195915696,192.9814138224934,193.00133588013964,172373300,191.74156951904297,191.305262835354,75.32535926695661,194.31981566033534,189.36342744670714,4.956388213628202,4.444439825497247,0.5119483881309552,191.74156951904297,200.17308053778734,183.3100585002986,3.823583022327727,1888293400,313.131,5.33,4.1,29016.714,12.85,0.09,4.39,-1.13,21026.533333333333,103.2534,68.2
2024-06-12,212.35630798339844,219.46241499269527,206.20696163392407,206.67538853844061,198134300,193.01927642822267,193.3101242780249,78.94468617785739,197.09466063311427,191.06660378275834,6.028056850355938,4.761163230468985,1.266893619886953,193.01927642822267,205.0473349893379,180.99121786710742,4.588868161629981,2086427700,313.131,5.33,4.1,29016.714,12.04,0.09,4.31,-1.2,21027.176666666666,103.2534,68.2
2024-06-13,213.52236938476562,216.02395620562416,210.89121315624297,214.02069454325613,97862700,194.24116973876954,195.23510000247637,79.58210926428029,199.6220004410606,192.72999382735148,6.892006613709128,5.187331907117014,1.7046747065921144,194.24116973876954,209.06280850593726,179.41953097160183,4.644395740328043,2184290400,313.131,5.33,4.1,29016.714,11.94,0.09,4.24,-1.27,21027.82,103.2534,68.2
2024-06-14,211.77822875976562,214.44924427717243,210.59221246372425,213.13367378271622,70122700,195.3698760986328,196.81063607459916,75.8817152411249,201.49218941316906,194.1409741927155,7.351215220453554,5.620108569784322,1.7311066506692319,195.3698760986328,211.83257151025742,178.90718068700818,4.656497215780553,2114167700,313.131,5.33,4.1,29016.714,12.66,0.09,4.2,-1.31,21028.463333333333,103.2534,68.2
2024-06-17,215.94422912597656,218.21659070332575,212.0074632920053,212.65527993528355,93728300,196.70538787841798,198.63288303187318,78.4582499479433,203.71558013821635,195.75603011369782,7.959550024518535,6.087996860731165,1.87155316378737,196.70538787841798,215.17203248106196,178.238743275774,4.838742354339445,2207896000,313.131,5.33,4.1,29016.714,12.75,0.09,4.28,-1.24,21030.393333333333,103.2534,68.2
2024-06-18,213.5721893310547,217.89766325641614,212.28651711595563,216.86113841241473,79943300,197.86399307250977,200.0556741079857,73.63477639990526,205.23198155249915,197.07574561127979,8.156235941219364,6.501644676828805,1.6545912643905591,197.86399307250977,217.47505957591682,178.25292656910273,5.04447940535208,2127952700,313.131,5.33,4.1,29016.714,12.3,0.09,4.22,-1.28,21031.036666666667,103.2534,68.2
2024-06-20,208.97763061523438,213.5223688231627,208.1504242370716,213.21339445126264,86172500,198.72758941650392,200.90538425153318,65.26509754451351,205.8082352544584,197.95736672268384,7.850868531774552,6.771489447817955,1.0793790839565967,198.72758941650392,218.69577454169226,178.75940429131558,5.2972000147025335,2041780200,313.131,5.33,4.1,29016.714,13.28,0.09,4.25,-1.25,21032.323333333334,103.2534,68.2
2024-06-21,206.79498291015625,211.18023828891836,206.41625091745033,209.6852627905662,246421400,199.5543113708496,201.46629840949728,61.678488300139634,205.96004258610424,198.6120049587929,7.348037627311328,6.88679908371663,0.46123854359469796,199.5543113708496,219.4206883876892,179.68793435401,5.448121011331141,1795358800,313.131,5.33,4.1,29016.714,13.2,0.09,4.25,-1.24,21032.966666666667,103.2534,68.2
2024-06-24,207.44281005859375,211.9875333707341,205.89799892378585,207.02421872275744,80727000,200.61375122070314,202.03548999512554,62.34000904465006,206.18816065879494,199.26613866988927,6.922021988905669,6.8938436647544385,0.028178324151230782,200.61375122070314,219.77750293792377,181.4499995034825,5.688027837714914,1876085800,313.131,5.33,4.1,29016.714,13.33,0.09,4.25,-1.25,21034.896666666667,103.2534,68.2
2024-06-25,208.36968994140625,210.67194975002218,207.91122410230182,208.44940858434205,56713900,201.56505432128907,202.63874713286657,63.315738927922894,206.52378054842745,199.94047580111277,6.583304747314685,6.831735881266488,-0.2484311339518035,201.56505432128907,220.28021530941473,182.8498933331634,5.755656552852762,1932799700,313.131,5.33,4.1,29016.714,12.84,0.09,4.23,-1.26,21035.54,103.2534,68.2
2024-06-26,212.5356903076172,214.1402980033581,209.9344322470105,210.79155216910215,66213200,202.72415924072266,203.58131314950947,67.40362874244646,207.44868974214893,200.87345465344643,6.575235088702499,6.78043572275369,-0.2052006340511916,202.72415924072266,221.13964625417336,184.30867222727196,5.986310237777782,1999012900,313.131,5.33,4.1,29016.714,12.55,0.09,4.32,-1.18,21036.183333333334,103.2534,68.2
2024-06-27,213.3828582763672,215.01736433595826,211.63872006367095,213.97087836680484,49772700,203.91067276000976,204.51479363778162,68.18014841335079,208.36163874741328,201.80007714403317,6.561561603380113,6.736660898878975,-0.17509929549886216,203.91067276000976,221.85634862165165,185.96499689836787,6.061770737188614,2048785600,313.131,5.33,4.1,29016.714,12.24,0.09,4.29,-1.2,21036.826666666668,103.2534,68.2
2024-06-28,209.9144744873047,215.34623061165473,209.5955543096767,215.0472324898511,82542700,204.873934173584,205.0290489567838,61.69965266957129,208.60053655355043,202.40114361390513,6.199392939645293,6.629207307032239,-0.4298143673869461,204.873934173584,221.9142344105616,187.8336339366064,6.273203061272885,1966242900,313.131,5.33,4.1,29016.714,12.44,0.09,4.36,-1.12,21037.47,103.2534,68.2
2024-07-01,216.02395629882812,216.78140506529675,211.2101334408119,211.37956216985054,60402900,206.09483108520507,206.07618298935944,67.5505164673101,209.74260112974702,203.41024084982536,6.332360279921659,6.569837901610123,-0.23747762168846442,206.09483108520507,222.64978666365286,189.53987550675728,6.397072523423745,2026645800,313.566,5.33,4.2,29374.914,12.22,0.09,4.48,-0.99,21039.4,102.5192,66.4
2024-07-02,219.53216552734375,219.64179766849512,214.3794853085834,215.42595595595571,58046200,207.40243606567384,207.35770513583415,70.35135409908946,211.24868796014653,204.6044574926045,6.64423046754203,6.584716414796505,0.05951405274552535,207.40243606567384,223.8647133016754,190.94015882967227,5.773452463112142,2084692000,313.566,5.33,4.2,29374.914,12.03,0.09,4.43,-1.04,21042.687096774196,102.5192,66.4
2024-07-03,220.80789184570312,220.80789184570312,218.29632866276663,219.26308073535034,37369800,208.75788116455078,208.63867529867883,71.32075748501926,212.7193347117706,205.80471188913032,6.914622822640297,6.650697696365263,0.2639251262750335,208.75788116455078,224.94559278562775,192.5701695434738,5.006031736266806,2122061800,313.566,5.33,4.2,29374.914,12.09,0.09,4.36,-1.11,21045.974193548387,102.5192,66.4
2024-07-05,225.5818328857422,225.69146503075916,220.90754038733803,220.90754038733803,60412400,210.276277923584,210.2523093545896,74.6597455025904,214.6981805846893,207.26968381480526,7.428496769884049,6.806257511069021,0.6222392588150276,210.276277923584,226.79115198816834,193.76140385899964,4.988233888815009,2182474200,313.566,5.33,4.2,29374.914,12.48,0.09,4.28,-1.18,21052.548387096776,102.5192,66.4
2024-07-08,227.056884765625,227.08678305881674,222.50218547217585,226.32931907748747,59085900,211.93769378662108,211.85274510802154,75.60482019854841,216.59951968944864,208.73540240375485,7.864117285693794,7.017829465993977,0.8462878196998176,211.93769378662108,228.1830676599185,195.69231991332367,5.040202872614488,2241560100,313.566,5.33,4.2,29374.914,12.37,0.09,4.28,-1.18,21062.409677419357,102.5192,66.4
2024-07-09,227.9139862060547,228.631575647805,225.6117264169712,227.1664984715379,48076100,213.52186965942383,213.382387117358,76.16117222213066,218.34020684584956,210.15603824096223,8.184168604887333,7.251097293772648,0.9330713111146851,213.52186965942383,229.50869923014764,197.53504008870001,4.7960233931340355,2289636200,313.566,5.33,4.2,29374.914,12.51,0.09,4.3,-1.16,21065.696774193548,102.5192,66.4
2024-07-10,232.19960021972656,232.29927134034506,228.48209857735924,228.5319341376685,62627700,215.50819473266603,215.17450265091693,78.7684797192089,220.4724212110614,211.78889468383366,8.683526527227741,7.537583140463667,1.145943386764074,215.50819473266603,230.37285560990392,200.64353385542813,4.708461892693312,2352263900,313.566,5.33,4.2,29374.914,12.85,0.09,4.28,-1.18,21068.983870967742,102.5192,66.4
2024-07-11,226.80772399902344,231.61157070495582,225.01375035477759,230.61492037011672,64710600,216.52577514648436,216.28242849359376,68.60230419363035,221.44708317844018,212.9014005590329,8.545682619407273,7.7392030362523885,0.8064795831548848,216.52577514648436,231.5578777555175,201.49367253745123,4.834467947762304,2287553300,313.566,5.33,4.2,29374.914,12.92,0.09,4.2,-1.24,21072.270967741937,102.5192,66.4
2024-07-12,229.76776123046875,231.86073301422448,227.91399100155513,228.1531925563972,53046500,217.3963478088379,217.56674589710565,70.82822609516455,222.7271874941369,214.1507606087689,8.576426885367994,7.90664780607551,0.6697790792924838,217.3963478088379,233.35020845796066,201.44248715971514,4.85511235088609,2340599800,313.566,5.33,4.2,29374.914,12.46,0.09,4.18,-1.25,21075.558064516128,102.5192,66.4
2024-07-15,233.61483764648438,236.43535998230433,232.3092281117703,235.68787221439834,62631300,218.40097122192384,219.09513558752266,73.46155959880608,224.40221059449806,215.59254409304413,8.809666501453933,8.087251545151195,0.7224149563027371,218.40097122192384,235.72421969211203,201.07772275173565,4.896402658378043,2403231100,313.566,5.33,4.2,29374.914,13.12,0.09,4.23,-1.2,21085.41935483871,102.5192,66.4
2024-07-16,234.03343200683594,235.47857190808813,231.55176727169922,234.2128217621178,43234300,219.51373138427735,220.51783048460013,73.73933639559802,225.88393696562696,216.95853579036202,8.925401175264938,8.254881471173945,0.6705197040909923,219.51373138427735,237.8234178736343,201.2040448949204,4.946235868732363,2446465400,313.566,5.33,4.2,29374.914,13.19,0.09,4.17,-1.26,21088.706451612903,102.5192,66.4
2024-07-17,228.1133270263672,230.68468664215072,225.88082486496336,228.68140979310064,57345900,220.12218627929687,221.24121110762556,63.600224099294635,226.2269200518947,217.7848166226587,8.442103429235999,8.292325862786356,0.14977756644964302,220.12218627929687,238.72342520761921,201.52094735097452,5.116378660155271,2389119500,313.566,5.33,4.2,29374.914,14.48,0.09,4.16,-1.27,21091.993548387098,102.5192,66.4
2024-07-18,223.4290771484375,229.66811832325195,221.52548646122014,229.50865061099643,66034600,220.61503067016602,221.4495793019886,56.930044044076986,225.79648268213202,218.2029099949386,7.593572687193415,8.152575227667768,-0.5590025404743528,220.61503067016602,239.01723490590297,202.21282643442908,5.456663487994163,2323084900,313.566,5.33,4.2,29374.914,15.93,0.09,4.2,-1.23,21095.280645161292,102.5192,66.4
2024-07-19,223.55862426757812,226.04028896611686,222.5320756847993,224.06692564873424,49151500,221.3440803527832,221.65044072728284,57.06415717236406,225.45219677220064,218.59962957068967,6.852567201510965,7.892573622436408,-1.040006420925443,221.3440803527832,238.98387059021283,203.7042901153536,5.296487557946985,2372236400,313.566,5.33,4.2,29374.914,16.52,0.09,4.25,-1.18,21098.567741935483,102.5192,66.4
2024-07-22,223.20980834960938,227.01700459563804,222.34271224556252,226.24957960487185,48201800,222.16482162475586,221.79895192940918,56.55352314702127,225.10721393795583,218.9411242950541,6.166089642901738,7.547276826529474,-1.3811871836277358,222.16482162475586,238.4997129801049,205.82993026940682,5.139870541667231,2324034600,313.566,5.33,4.2,29374.914,14.91,0.09,4.26,-1.17,21108.429032258064,102.5192,66.4
2024-07-23,224.25628662109375,226.17982967750157,221.93408951337017,223.61843101438217,39960300,223.00549545288087,222.0329838048077,57.77431507458047,224.97630204305398,219.33484002290888,5.641462020145099,7.1661138652525995,-1.5246518451075008,223.00549545288087,237.88934797516882,208.1216429305929,5.067258241968639,2363994900,313.566,5.33,4.2,29374.914,14.72,0.09,4.25,-1.16,21111.71612903226,102.5192,66.4
2024-07-24,217.80796813964844,224.04700927387208,216.40270265661363,223.24968592545983,61777600,223.47740936279297,221.63060136050683,48.69465966955296,223.87348144253005,219.22173840192664,4.651743040603407,6.6632397003227615,-2.011496659719355,223.47740936279297,237.0125396684886,209.94227905709732,5.44883115493604,2302217300,313.566,5.33,4.2,29374.914,18.04,0.09,4.28,-1.12,21115.003225806453,102.5192,66.4
2024-07-25,216.76148986816406,220.11023564894725,213.9010930254534,218.19665359620475,51391200,223.6886993408203,221.1668764564742,47.392942439048966,222.77932889262757,219.03949776979607,3.7398311228315038,6.07855798482451,-2.338726861993006,223.6886993408203,236.65394713359655,210.72345154804407,5.543514686253027,2250826100,313.566,5.33,4.2,29374.914,18.46,0.09,4.27,-1.12,21118.290322580644,102.5192,66.4
2024-07-26,217.2299041748047,218.75477790382115,215.2864239407029,217.96741565742542,41601300,223.88105163574218,220.79192671536282,48.06221552047425,221.92557124373175,218.90545379979673,3.020117443935021,5.466869876646613,-2.446752432711592,223.88105163574218,236.33299074966325,211.4291125218211,5.463782998858554,2292427400,313.566,5.33,4.2,29374.914,16.39,0.09,4.2,-1.18,21121.57741935484,102.5192,66.4
2024-07-29,217.50897216796875,218.5654190781,215.0273073866339,216.23326096996,36311800,224.2607765197754,220.47926437751576,48.482725960833704,221.24609446284512,218.80201071595764,2.444083746887486,4.862312650694787,-2.418228903807301,224.2607765197754,235.3775047995641,213.1440482399867,5.500801746046577,2328739200,313.566,5.33,4.2,29374.914,16.6,0.09,4.17,-1.24,21131.43870967742,102.5192,66.4
2024-07-30,218.0670928955078,219.59196666736065,215.3960621319004,218.45578591171193,41643800,224.36293334960936,220.24953376018166,49.36568610069642,220.75701729863937,218.74757235888728,2.009444939752086,4.291739108506247,-2.282294168754161,224.36293334960936,235.20927860836773,213.516588090851,5.4872745604158535,2370383000,313.566,5.33,4.2,29374.914,17.69,0.09,4.15,-1.25,21134.725806451614,102.5192,66.4
2024-07-31,221.3361053466797,223.07028238181744,219.89096542123676,220.6982497488722,50036300,224.45313034057617,220.35301676841956,54.30565060142113,220.84610776756867,218.9393155431682,1.9067922244004762,3.814749731685093,-1.9079575072846167,224.45313034057617,235.16647423894926,213.73978644220307,5.331370247655899,2420419300,313.566,5.33,4.2,29374.914,16.36,0.09,4.09,-1.32,21138.012903225805,102.5192,66.4
2024-08-01,217.62857055664062,223.72806581879624,216.29306274041448,223.61843367222977,62501000,224.29416427612304,220.0935457006311,48.52355993432556,220.3511020428105,218.84222332194392,1.5088787208665906,3.3535755295213927,-1.8446968086548021,224.29416427612304,235.30924608055005,213.27908247169603,5.501512680740236,2357918300,314.131,5.33,4.2,29374.914,18.59,0.09,3.99,-1.38,21141.3,103.0196,67.9
2024-08-02,219.12355041503906,224.84432899946665,216.98075820790513,218.41592196270943,105568600,223.97125015258788,220.00116519724136,50.79841513754791,220.1622479462303,218.8630623658769,1.2991855803533952,2.9426975396877935,-1.6435119593343983,223.97125015258788,235.19312007181045,212.74938023336532,5.586939255006375,2463486900,314.131,5.323548387096774,4.2,29374.914,23.39,0.09,3.8,-1.49,21143.929032258064,103.0196,67.9
2024-08-05,208.5690155029297,212.7848420736874,195.34346157584417,198.42310739676375,119548600,223.04685668945314,218.91238903587833,38.02288871010611,218.37867372418407,218.10054037602896,0.2781333481551087,2.4097847013812568,-2.131651353226148,223.04685668945314,236.01041675730485,210.08329662160142,7.005030983778231,2343938300,314.131,5.304193548387097,4.2,29374.914,38.57,0.09,3.78,-1.57,21151.816129032257,103.0196,67.9
2024-08-06,206.53585815429688,209.28662299148326,200.39650324752455,204.612330181792,69660500,221.97795028686522,217.73367180906104,36.13749002570483,216.55670209804757,217.24389724849323,-0.6871951504456604,1.7903887310158733,-2.4775838814615336,221.97795028686522,236.58166456173853,207.3742360119919,7.057710455355811,2274277800,314.131,5.297741935483871,4.2,29374.914,27.71,0.09,3.9,-1.44,21154.44516129032,103.0196,67.9
2024-08-07,209.1171875,212.9243839975228,205.69866882998738,206.2069550428707,63516400,220.8238296508789,216.91305425581714,40.19231572067147,215.41216139065563,216.64191874860484,-1.229757357949211,1.1863595132228566,-2.4161168711720675,220.8238296508789,235.66040308528457,205.98725621647324,6.992216405748926,2337794200,314.131,5.291290322580645,4.2,29374.914,27.85,0.09,3.96,-1.38,21157.074193548386,103.0196,67.9
2024-08-08,212.59547424316406,213.4824924067945,208.13048513245963,212.39614722358988,47161100,220.11321716308595,216.501856159374,45.23791576232799,214.97882490642615,216.34218211857217,-1.3633572121460134,0.6764161681490826,-2.039773380295096,220.11321716308595,235.09600058514962,205.13043374102227,7.123915976678735,2384955300,314.131,5.28483870967742,4.2,29374.914,23.79,0.09,3.99,-1.35,21159.70322580645,103.0196,67.9
2024-08-09,215.51568603515625,216.05387055494424,211.259984607228,211.38955402452135,42201600,219.4006134033203,216.4079351951628,49.11893403848859,215.0614189262308,216.28096018646727,-1.2195412602364684,0.2972246824719723,-1.5167659427084406,219.4006134033203,233.82413574924493,204.97709105739568,7.132458376510215,2427156900,314.131,5.2783870967741935,4.2,29374.914,20.37,0.09,3.94,-1.39,21162.332258064514,103.0196,67.9
2024-08-12,217.0522918701172,219.02793942662467,215.12653755613,215.59550663031672,38028100,218.57248611450194,216.4693024975394,51.08344472748408,215.36770707144407,216.33809586673766,-0.9703887952935872,0.0437019869188604,-1.0140907822124476,218.57248611450194,231.4561543140139,205.68881791498998,7.107862784107591,2465185000,314.131,5.259032258064516,4.2,29374.914,20.71,0.09,3.9,-1.43,21170.219354838708,103.0196,67.9
2024-08-13,220.78407287597656,221.40270642093424,218.52902632127157,218.52902632127157,44155300,217.91001815795897,216.88023300977147,55.56999850789174,216.20099411829523,216.66742749705168,-0.46643337875644875,-0.05832508621620143,-0.40810829254024733,217.91001815795897,228.74530794295785,207.0747283729601,6.857636397417372,2509340300,314.131,5.252580645161291,4.2,29374.914,18.12,0.09,3.85,-1.47,21172.848387096772,103.0196,67.9
2024-08-14,221.23309326171875,222.54021400164925,219.21752501736546,220.08562480803565,41960600,217.56600646972657,217.29479112900455,56.0918379037762,216.97516321728347,217.0056249611011,-0.03046174381762512,-0.052752417736486173,0.022290673918861054,217.56600646972657,227.48150906992578,207.65050386952737,6.651461137473796,2551300900,314.131,5.2461290322580645,4.2,29374.914,16.19,0.09,3.83,-1.49,21175.477419354836,103.0196,67.9
2024-08-15,224.22650146484375,224.8551228159093,222.27079905335071,224.10676986474735,46414000,217.6058776855469,217.95495401813207,59.506374459433616,218.09075371690813,217.54050470211905,0.550249014789074,0.06784786876862586,0.4824011460204481,217.6058776855469,227.62127344000598,207.5904819310878,6.662437965407532,2597714900,314.131,5.239677419354838,4.2,29374.914,15.23,0.09,3.92,-1.42,21178.1064516129,103.0196,67.9
2024-08-16,225.5535888671875,226.33187474025672,223.15885022096822,223.42826155403992,44340200,217.70562591552735,218.67863352756592,60.956010444409024,219.23888220156647,218.13406649212413,1.1048157094423345,0.2752414369033676,0.829574272538967,217.70562591552735,227.99224525874592,207.41900657230877,6.636360310251989,2642055100,314.131,5.233225806451613,4.2,29374.914,14.8,0.09,3.89,-1.44,21180.735483870965,103.0196,67.9
2024-08-19,225.39393615722656,225.4937226434457,222.5501887780633,225.2243113108782,40687800,217.8148323059082,219.3181861589622,60.674599703254096,220.1858135793603,218.67183461546506,1.513978963895255,0.5229889423017451,0.9909900215935099,217.8148323059082,228.3755922875795,207.2540723242369,6.551181421227986,2601367300,314.131,5.2138709677419355,4.2,29374.914,14.65,0.09,3.86,-1.45,21188.622580645162,103.0196,67.9
2024-08-20,226.0125732421875,226.6711275207631,224.95490346311303,225.27420804373648,30299000,217.90264663696288,219.95574683355505,61.41788326023572,221.0822381428722,219.2155930322593,1.8666451106128932,0.7917201759639747,1.0749249346489185,217.90264663696288,228.7026897163335,207.10260355759226,6.316398176323732,2631666300,314.131,5.207419354838709,4.2,29374.914,15.88,0.09,3.82,-1.47,21191.251612903226,103.0196,67.9
2024-08-21,225.90280151367188,227.47933353511345,224.5557753561492,226.02254833732334,34765500,218.30738830566406,220.52213299356617,61.19685403284361,221.8238632768414,219.71094180866024,2.112921468181156,1.055960434407411,1.0569610337737452,218.30738830566406,229.65570844784477,206.95906816348335,5.994152112079624,2596900800,314.131,5.200967741935484,4.2,29374.914,16.27,0.09,3.79,-1.47,21193.88064516129,103.0196,67.9
2024-08-22,224.03692626953125,227.8385569948794,223.4083048904395,227.28976176117078,43695300,218.67116012573243,220.85687521032474,57.41457309332732,222.16433450648597,220.03138510205807,2.1329494044279045,1.2713582284115097,0.8615911760163948,218.67116012573243,230.26178612095748,207.08053413050737,5.748915062999509,2553205500,314.131,5.194516129032258,4.2,29374.914,17.55,0.09,3.86,-1.42,21196.509677419355,103.0196,67.9
2024-08-23,226.3418426513672,227.7188169640382,223.83736023691762,225.16444130741013,38677300,219.12675704956055,221.3792530618526,60.649966176276656,222.8070280672369,220.49882640200687,2.3082016652300297,1.4787269157752136,0.829474749454816,219.12675704956055,231.1627350767829,207.0907790223382,4.327584197851345,2591882800,314.131,5.188064516129033,4.2,29374.914,15.86,0.09,3.81,-1.44,21199.13870967742,103.0196,67.9
2024-08-26,226.68109130859375,226.7808777924977,223.39832305195915,226.2620154817008,30602200,219.5853630065918,221.88419003773274,61.11819709487092,223.40303779667641,220.95677195064295,2.4462658460334694,1.6722347018268648,0.7740311442066046,219.5853630065918,232.03179370022036,207.13893231296322,3.9341866976070485,2622485000,314.131,5.168709677419355,4.2,29374.914,16.15,0.09,3.82,-1.42,21207.025806451613,103.0196,67.9
2024-08-27,227.5292205810547,228.3474270817302,224.39611696496783,225.5036798955901,35934600,220.05846939086913,222.4218119942396,62.325162883250336,224.03783514811923,221.4436199973401,2.594215150779121,1.8566307916173161,0.7375843591618048,220.05846939086913,232.94948425450772,207.16745452723055,3.70030062255183,2658419600,314.131,5.162258064516129,4.2,29374.914,15.43,0.09,3.83,-1.4,21209.654838709677,103.0196,67.9
2024-08-28,225.99261474609375,229.35520907583674,225.18438078371824,227.4194670399241,38052200,220.29129486083986,222.76188844679712,58.76590772492815,224.33857047088455,221.78058257132187,2.5579878995626757,1.9969022132063883,0.5610856863562874,220.29129486083986,233.43198658193862,207.1506031397411,3.6159306952506602,2620367400,314.131,5.155806451612903,4.2,29374.914,17.11,0.09,3.84,-1.37,21212.28387096774,103.0196,67.9
2024-08-29,229.28536987304688,232.4085012026452,228.37737982242845,229.59470189609323,51906300,220.87413482666017,223.38317239215422,63.56731474249793,225.09961653275565,222.33649274182002,2.763123790935623,2.150146528752235,0.6129772621833878,220.87413482666017,234.51523544673222,207.23303420658812,3.7317878744531754,2672273700,314.131,5.1493548387096775,4.2,29374.914,15.65,0.09,3.87,-1.35,21214.912903225806,103.0196,67.9
2024-08-30,228.49710083007812,229.89402024722435,226.98043458769098,229.6844899472923,52990800,221.34281234741212,223.870213195766,61.714636589378586,225.6223064246514,222.79283408169098,2.829472342960429,2.286011691593874,0.543460651366555,221.34281234741212,235.35031050498858,207.33531418983566,3.6612295736702243,2619282900,314.131,5.142903225806451,4.2,29374.914,15.0,0.09,3.91,-1.3,21217.54193548387,103.0196,67.9
2024-09-03,222.28077697753906,228.49709095305272,220.68428466242796,228.04808224732741,50190600,222.02840042114258,223.71883831783964,49.46986510849357,225.1082249712495,222.75490392582788,2.3533210454216373,2.299473562359427,0.05384748306221043,222.02840042114258,234.75128763166967,209.3055132106155,3.90854397487259,2569092300,314.851,5.11,4.1,29374.914,20.72,0.09,3.84,-1.35,21228.78,102.5873,70.1
2024-09-04,220.36500549316406,221.29295584608857,217.0023958735564,221.17322424578342,43840200,222.71985778808593,223.39942566787056,46.41352409376303,224.3784988976979,222.57787441229723,1.8006244854006752,2.1997037469676766,-0.39907926156700135,222.71985778808593,233.32688419372278,212.1128313824491,4.048236269136796,2525252100,314.851,5.1,4.1,29374.914,21.32,0.09,3.77,-1.41,21231.77,102.5873,70.1
2024-09-05,221.89163208007812,224.98481497811864,221.03352013282222,221.14327916881817,36615400,223.35858001708985,223.255826278557,49.111597145694596,223.99590400267948,222.52704164694768,1.468862355731801,2.0535354687205016,-0.5846731129887006,223.35858001708985,231.96135913769896,214.75580089648074,4.119506264191368,2561867500,314.851,5.09,4.1,29374.914,19.9,0.09,3.73,-1.42,21234.76,102.5873,70.1
2024-09-06,220.3350830078125,224.74537478911404,219.28738577978086,223.4581991238727,48423000,223.74556045532228,222.9776602527718,46.5386718810549,223.43270077269995,222.36467434034506,1.068026432354884,1.8564336614473782,-0.7884072290924942,223.74556045532228,230.9613910251575,216.52972988548706,4.282718013480273,2513444500,314.851,5.08,4.1,29374.914,22.38,0.09,3.72,-1.41,21237.75,102.5873,70.1
2024-09-09,220.42486572265625,220.7840757397734,216.23409233980902,220.33506702469683,67180000,223.99101943969725,222.73453696418937,46.712086787825505,222.96995691884706,222.22098481310886,0.7489721057382042,1.6349413503055434,-0.8859692445673393,223.99101943969725,230.35391551520385,217.62812336419066,4.393188249968858,2580624500,314.851,5.05,4.1,29374.914,19.45,0.09,3.7,-1.41,21246.72,102.5873,70.1
2024-09-10,219.6266326904297,220.99361925876318,216.25405039598212,218.4392435287618,51591000,224.1197364807129,222.43854608097416,45.305020178758994,222.45559934524437,222.0288105817993,0.42678876344507444,1.3933108329334496,-0.9665220694883752,224.1197364807129,230.0019605875939,218.2375123738319,4.609141450335358,2529033500,314.851,5.04,4.1,29374.914,19.08,0.09,3.65,-1.41,21249.71,102.5873,70.1
2024-09-11,222.1710205078125,222.6000688776049,217.4114916314568,220.9736588702828,44587100,224.1890838623047,222.41306745495876,50.43053950272722,222.41181798563946,222.03934465039288,0.3724733352465819,1.189143333396076,-0.816669998149494,224.1890838623047,229.9436900745535,218.4344776500559,4.770928526562776,2573620600,314.851,5.03,4.1,29374.914,17.69,0.09,3.65,-1.45,21252.7,102.5873,70.1
2024-09-12,222.28077697753906,223.059062794204,219.33725854525207,222.01136566399225,37498200,224.2414680480957,222.40046836187116,50.64539653922085,222.39165783054708,222.05722852647776,0.33442930406931737,1.0182005275307242,-0.6837712234614068,224.2414680480957,229.90585391008523,218.57708218610617,4.720325108313635,2611118800,314.851,5.02,4.1,29374.914,17.07,0.09,3.68,-1.38,21255.69,102.5873,70.1
2024-09-13,222.01138305664062,223.5479944694599,221.42268236911949,223.08901316997165,36766600,224.13071212768554,222.3634126185159,50.07171588032019,222.33315401917685,222.05383256574908,0.2793214534277695,0.8704247127101333,-0.5911032592823638,224.13071212768554,229.87795587682155,218.38346837854954,4.594886206400765,2574352200,314.851,5.01,4.1,29374.914,16.56,0.09,3.66,-1.31,21258.68,102.5873,70.1
2024-09-16,215.84495544433594,216.74297289953918,213.4502168549942,216.0644583037111,59357400,223.64528045654296,221.7426071733559,39.142100288629535,221.33496962304747,221.59391574194072,-0.2589461188932489,0.6445505463894569,-0.9034966652827058,223.64528045654296,230.3842768360168,216.90628407706913,4.964787025051327,2514994800,314.851,4.9799999999999995,4.1,29374.914,17.14,0.09,3.63,-1.33,21267.65,102.5873,70.1
2024-09-17,216.31390380859375,216.42366284814068,214.02893954474482,215.27619443719672,45519300,223.19127883911133,221.2255878052833,40.21093426661025,220.56249795928537,221.20280374687798,-0.6403057875926095,0.3875792795930436,-1.027885067185653,223.19127883911133,230.58910687759342,215.79345080062924,4.853602252668005,2560514100,314.851,4.97,4.1,29374.914,17.61,0.09,3.65,-1.3,21270.64,102.5873,70.1
2024-09-18,220.20535278320312,222.22092099435915,217.06226125375574,217.07224903728172,59894900,222.90091781616212,221.12842256508517,48.32187192725846,220.50755254758042,221.12891849030947,-0.6213659427290565,0.18579023512862358,-0.8071561778576801,222.90091781616212,230.28886963333474,215.5129659989895,4.977615745071355,2620409000,314.851,4.96,4.1,29374.914,18.23,0.09,3.7,-1.14,21273.63,102.5873,70.1
2024-09-19,228.3673858642578,229.31531179988679,224.1367068474718,224.49591687958383,66781300,223.0241470336914,221.81784764119683,60.44302771615648,221.71675767322307,221.6651012587501,0.051656414472972756,0.15896347099749344,-0.10730705652452069,223.0241470336914,230.6854317647367,215.3628623026461,5.170049499366513,2687190300,314.851,4.95,4.1,29374.914,16.33,0.09,3.73,-1.07,21276.62,102.5873,70.1
2024-09-20,227.6988525390625,232.57811312113958,227.12012443578536,229.46496974860833,318679900,223.20724334716797,222.37794334575548,59.217849449204074,222.6370799602753,222.1120457980325,0.5250341622427754,0.23217760924654984,0.2928565529962256,223.20724334716797,231.1272570243274,215.28722967000854,5.3517925726394315,2368510400,314.851,4.94,4.1,29374.914,16.15,0.09,3.73,-1.02,21279.61,102.5873,70.1
2024-09-23,225.97265625,228.94610768522742,225.31410200503296,226.8407407931877,54146000,223.18878402709962,222.72029695568355,56.0581647291973,223.15024554330986,222.3980169426227,0.7522286006871752,0.3361878075346749,0.4160407931525003,223.18878402709962,231.08116090643423,215.296407147765,5.05316325210688,2314364400,314.851,4.91,4.1,29374.914,15.89,0.09,3.75,-0.97,21288.579999999998,102.5873,70.1
2024-09-24,226.8706817626953,228.8463445678705,225.2342838755063,228.14786961487798,43556100,223.1982635498047,223.11557169920846,57.333605349583536,223.72262034629222,222.72932544781324,0.9932948984789789,0.4676092257235357,0.5256856727554432,223.1982635498047,231.10783278696638,215.288694312643,4.934140365562704,2357920500,314.851,4.9,4.1,29374.914,15.39,0.09,3.74,-0.95,21291.57,102.5873,70.1
2024-09-25,225.8728790283203,226.79085685048213,223.52804884217394,224.43603888049125,42308700,223.11544647216797,223.3781723972191,55.409165419214645,224.05342937429654,222.96218126859154,1.0912481057050059,0.5923370017198297,0.49891110398517613,223.11544647216797,230.87515823706863,215.35573470726732,4.842913468103189,2315611800,314.851,4.89,4.1,29374.914,15.41,0.09,3.79,-0.9,21294.56,102.5873,70.1
2024-09-26,227.02035522460938,227.99819881641105,224.9149883158055,226.80083714120576,36636700,223.16683349609374,223.72504695220863,57.188821051332546,224.5098795051139,223.2627867468151,1.2470927582988054,0.7232881530356249,0.5238046052631805,223.16683349609374,231.0151840990617,215.31848289312578,4.6732864317655025,2352248500,314.851,4.88,4.1,29374.914,15.37,0.09,3.79,-0.89,21297.55,102.5873,70.1
2024-09-27,227.2897491455078,229.01596089620384,226.80083496693393,227.9582911728241,34026000,223.0670524597168,224.0645423991895,57.61649815328158,224.9375517574822,223.5610802578294,1.3764714996528085,0.8539248223590616,0.5225466772937468,223.0670524597168,230.64789485205307,215.4862100673805,4.506510898144468,2386274500,314.851,4.87,4.1,29374.914,16.96,0.09,3.75,-0.93,21300.54,102.5873,70.1
2024-09-30,232.4883270263672,232.4883270263672,229.14567760776433,229.53482055042815,54541900,223.26661376953126,224.86680760177785,64.90287737601552,226.0992094911568,224.22235779623958,1.8768516949172351,1.0585101968706965,0.8183414980465387,223.26661376953126,231.5831557397911,214.95007179927143,4.539297256578633,2440816400,314.851,4.84,4.1,29374.914,16.73,0.09,3.81,-0.92,21309.51,102.5873,70.1
2024-10-01,225.71324157714844,229.14567442683443,223.24866456606327,229.01597026460064,63285000,223.43823699951173,224.94742036133695,52.286857118653046,226.0398298120786,224.33279363186244,1.7070361802161642,1.18821539353979,0.5188207866763741,223.43823699951173,231.80781732952408,215.06865666949938,4.8286604861611915,2377531400,315.564,4.83,4.1,29700.58,19.26,0.09,3.74,-0.97,21312.5,102.1219,70.5
2024-10-02,226.281982421875,226.8706831083472,222.5302449869956,225.39393750024195,32880600,223.73408584594728,225.07452150995962,53.1108344346835,226.0770840597396,224.47717798667819,1.599906073061419,1.270553529444116,0.32935254361730304,223.73408584594728,232.06644421365453,215.40172747824002,4.872848619904025,2410412000,315.564,4.823870967741936,4.1,29700.58,18.9,0.09,3.79,-0.9,21316.88064516129,102.1219,70.5
2024-10-03,225.17440795898438,226.3119038145279,222.82957789090332,224.64557310138042,34044200,223.8982246398926,225.08403450510485,51.25451563357792,225.93821081346957,224.52882465129346,1.409386162176105,1.2983200559905137,0.11106610618559132,223.8982246398926,232.20824318230137,215.5882060974838,4.969778178710038,2376367800,315.564,4.817741935483871,4.1,29700.58,20.49,0.09,3.85,-0.83,21321.26129032258,102.1219,70.5
2024-10-04,226.30194091796875,227.49930262356304,223.63780617480538,227.39951613756347,37245100,224.1965675354004,225.20002559204426,53.05344520351016,225.99416929108483,224.6601665969731,1.3340026941117173,1.3054565836147545,0.028546110496962873,224.1965675354004,232.40124601618334,215.99188905461745,4.6340874820751266,2413612900,315.564,4.811612903225806,4.1,29700.58,19.21,0.09,3.98,-0.75,21325.641935483873,102.1219,70.5
2024-10-07,221.20315551757812,225.1943712346882,220.84394549402703,224.0069821228032,39505400,224.2354820251465,224.81937129923796,44.97113065449198,225.25709024900686,224.40409170220312,0.8529985468037466,1.214964976252553,-0.3619664294488063,224.2354820251465,232.37536211098384,216.09560193930915,4.852892633542688,2374107500,315.564,4.793225806451613,4.1,29700.58,22.64,0.09,4.03,-0.74,21338.78387096774,102.1219,70.5
2024-10-08,225.27420043945312,225.4837307412941,222.75973024040246,223.80742742544692,31855700,224.51786041259766,224.86268836021083,51.344614885929,225.2597225859986,224.46854420125868,0.7911783847399079,1.130207657950024,-0.3390292732101161,224.51786041259766,232.38590885854873,216.64981196664658,4.736718207682015,2405963200,315.564,4.787096774193548,4.1,29700.58,21.42,0.09,4.04,-0.71,21343.164516129033,102.1219,70.5
2024-10-09,229.03591918945312,229.24546472466872,224.33627096325682,224.73538646570117,33591100,224.8611053466797,225.26013891537679,56.372774248117615,225.84067590960697,224.80686827445828,1.0338076351486905,1.1109276533897574,-0.07712001824106696,224.8611053466797,232.8870605872244,216.835150106135,4.436663546591175,2439554300,315.564,4.780967741935484,4.1,29700.58,20.86,0.09,4.06,-0.69,21347.545161290323,102.1219,70.5
2024-10-10,228.53701782226562,228.99601435408132,226.67112924406288,227.27979028338342,28183500,225.173917388916,225.57222262079478,55.55280573981749,226.25549774232368,225.08317564836992,1.1723220939537669,1.1232065415025594,0.04911555245120747,225.173917388916,233.26065960289006,217.08717517494196,4.215720779450891,2411370800,315.564,4.774838709677419,4.1,29700.58,20.93,0.09,4.09,-0.66,21351.925806451614,102.1219,70.5
2024-10-11,227.05029296875,228.9062089337624,226.84074743911052,228.79644988971887,31759200,225.42586288452148,225.71299122536195,53.07526651189287,226.37777393100464,225.22888804247214,1.1488858885325044,1.1283424109085485,0.02054347762395592,225.42586288452148,233.41618990455024,217.43553586449272,4.10382476619785,2379611600,315.564,4.768709677419355,4.1,29700.58,20.46,0.09,4.08,-0.65,21356.3064516129,102.1219,70.5
2024-10-14,230.79205322265625,231.22110160659443,228.09798564307096,228.19775690140833,39882100,226.1732177734375,226.19671141558044,58.13570720876757,227.05689382202797,225.64097435211542,1.4159194699125521,1.1858578227093493,0.23006164720320288,226.1732177734375,233.17404707007032,219.17238847680468,4.1437353337321525,2419493700,315.564,4.750322580645161,4.1,29700.58,19.7,0.09,4.0425,-0.6875,21369.448387096774,102.1219,70.5
2024-10-15,233.33645629882812,236.9684620133565,231.85969551276995,233.0969778733182,64751400,227.02434539794922,226.87668711874687,61.19988640704877,228.0229803569203,226.2110100518719,1.8119703050483906,1.3110803191771576,0.500889985871233,227.02434539794922,233.10177254853025,220.9469182473682,4.346147895887786,2484245100,315.564,4.744193548387097,4.1,29700.58,20.64,0.09,4.03,-0.7,21373.829032258065,102.1219,70.5
2024-10-16,231.27099609375,231.61024577942743,229.33525401328018,231.09139869260778,34082200,227.57762756347657,227.29519273541385,57.5194387637498,228.5226750856633,226.58582383275177,1.9368512529115378,1.4362345059240338,0.500616746987504,227.57762756347657,233.05646982460195,222.0987853023512,4.411718737669385,2450162900,315.564,4.7380645161290325,4.1,29700.58,19.58,0.09,4.02,-0.7,21378.209677419356,102.1219,70.5
2024-10-17,231.6401824951172,233.3364614020046,230.0137723986246,232.9173703418766,32993800,227.74126739501952,227.70900128395704,58.00557192387965,229.00229161019467,226.96022077070478,2.042070839489895,1.5574017726372062,0.48466906685268896,227.74126739501952,233.49337374176002,221.98916104827902,4.4908303858201055,2483156700,315.564,4.731935483870967,4.1,29700.58,19.11,0.09,4.09,-0.65,21382.590322580643,102.1219,70.5
2024-10-18,234.48391723632812,235.66131853389138,233.4960858911256,235.66131853389138,46431500,228.0805206298828,228.35423137465904,61.646392608423604,229.8456186295998,227.5175316200102,2.328087009589609,1.7115388200276869,0.6165481895619223,228.0805206298828,234.53951915653153,221.6215221032341,4.406727397099735,2529588200,315.564,4.725806451612903,4.1,29700.58,18.03,0.09,4.08,-0.65,21386.970967741934,102.1219,70.5
2024-10-21,235.96067810058594,236.32987592195377,233.9351372634737,233.9351372634737,36254500,228.5799217224121,229.07865487236637,63.41999845848452,230.78639700975154,228.14294987783063,2.643447131920908,1.8979204824063314,0.7455266495145767,228.5799217224121,235.8084633503058,221.35138009451842,3.9178042683980316,2565842700,315.564,4.707419354838709,4.1,29700.58,18.37,0.09,4.19,-0.54,21400.112903225807,102.1219,70.5
2024-10-22,235.342041015625,235.70125104779564,232.08920560922664,233.376366009758,38846600,229.00348968505858,229.675167838391,62.12395241014043,231.48726531834745,228.67621588803763,2.811049430309822,2.0805462719870293,0.7305031583227928,229.00348968505858,236.75559430312325,221.25138506699392,3.8843067233985806,2526996100,315.564,4.701290322580645,4.1,29700.58,18.2,0.09,4.2,-0.52,21404.493548387098,102.1219,70.5
2024-10-23,230.25323486328125,234.62362105235994,227.25982300232985,233.56595129753524,52287000,229.22250747680664,229.7302218407615,52.60134844531266,231.29741447910652,228.79303210842605,2.5043823706804744,2.165313491725718,0.33906887895475624,229.22250747680664,236.85503515918631,221.58997979442697,4.212870444089335,2474709100,315.564,4.695161290322581,4.1,29700.58,19.24,0.09,4.24,-0.49,21408.874193548385,102.1219,70.5
2024-10-24,230.0636749267578,230.3131259260407,227.90841463888628,229.47495899723685,31109500,229.37467346191406,229.76197927752304,52.279873962165865,231.10760839412978,228.88715379867284,2.2204545954569426,2.176341712471963,0.04411288298497951,229.37467346191406,236.94662687576948,221.80272004805863,4.108814361117674,2443599600,315.564,4.689032258064516,4.1,29700.58,19.08,0.09,4.21,-0.49,21413.254838709676,102.1219,70.5
2024-10-25,230.9018096923828,232.7078323586645,229.0658541264054,229.23547896644118,38802300,229.5552764892578,229.87053455512876,53.629288465052575,231.0759470553995,229.0363875685773,2.039559486822185,2.1489852673420073,-0.10942578051982244,229.5552764892578,237.0919240078769,222.0186289706387,3.9790988474260565,2482401900,315.564,4.682903225806451,4.1,29700.58,20.33,0.09,4.25,-0.48,21417.635483870967,102.1219,70.5
2024-10-28,232.88743591308594,234.21451699403664,232.03931169048735,232.80762499530724,36087100,229.57523193359376,230.15785849398182,56.749628750606774,231.35463764888974,229.3216504089113,2.032987239978439,2.1257856618692936,-0.09279842189085441,229.57523193359376,237.14487942442096,222.00558444276655,3.909965424421618,2518489000,315.564,4.664516129032258,4.1,29700.58,19.8,0.09,4.28,-0.42,21430.77741935484,102.1219,70.5
2024-10-29,233.15684509277344,233.815399347975,231.8098189074392,232.58810476348472,35417200,229.947412109375,230.44347626529532,57.17074143985867,231.63190033256416,229.60573890401218,2.0261614285519727,2.10586081520583,-0.07969938665385712,229.947412109375,237.45261613485988,222.4422080838901,3.702564472930468,2553906200,315.564,4.658387096774193,4.1,29700.58,19.34,0.09,4.28,-0.42,21435.158064516127,102.1219,70.5
2024-10-30,229.5946807861328,232.95727501758805,229.04588560251634,232.09916306464564,47070900,230.1130470275879,230.36263860061317,50.2095854535062,231.31848194080547,229.60491978416928,1.7135621566361863,2.027401083491901,-0.3138389268557149,230.1130470275879,237.43125423141225,222.79483982376354,3.827290868992386,2506835300,315.564,4.652258064516129,4.1,29700.58,20.35,0.09,4.29,-0.38,21439.538709677418,102.1219,70.5
2024-10-31,225.4138946533203,229.325284321648,224.8750719925984,228.83635490362704,64370100,230.1250213623047,229.89132965325194,43.512975409171055,230.41008389657696,229.29447347818046,1.1156104183964999,1.845042950472821,-0.7294325320763211,230.1250213623047,237.41158149563705,222.83846122897233,4.016872818912566,2442465200,315.564,4.646129032258064,4.1,29700.58,23.16,0.09,4.28,-0.36,21443.91935483871,102.1219,70.5
2024-11-01,222.42047119140625,224.8551151455125,219.78626950218685,220.48472918772245,65276700,229.93094787597656,229.17981932355235,39.45537361277943,229.1809127111661,228.7852881236046,0.39562458756148544,1.5551592778905539,-1.1595346903290684,229.93094787597656,237.7981030387207,222.0637927132324,4.120931141290354,2377188500,316.449,4.64,4.2,29700.58,21.88,0.09,4.37,-0.24,21448.3,101.9736,71.8
2024-11-04,221.52244567871094,222.3007315284092,219.2275088130919,220.5046966292777,44944500,229.9469123840332,228.45054564309126,38.301465480329924,228.00268701386528,228.24729979435324,-0.2446127804879552,1.1952048662148522,-1.4398176467028074,229.9469123840332,237.74414399805127,222.14968077001512,3.9078278261199335,2332244000,316.449,4.624,4.2,29700.58,21.98,0.09,4.31,-0.34,21456.85,101.9736,71.8
2024-11-05,222.95928955078125,223.45819152571042,220.65436486265338,221.31291912362707,28111300,229.8311668395996,227.92756887239509,41.26147883647504,227.22677971185237,227.85559533186643,-0.628815620014052,0.8304007689690714,-1.4592163889831236,229.8311668395996,237.96392528350844,221.69840839569076,3.8223009959420113,2360355300,316.449,4.618666666666666,4.2,29700.58,20.49,0.09,4.26,-0.38,21459.7,101.9736,71.8
2024-11-06,222.23089599609375,225.5735453041769,220.7042571772517,222.12113695305962,54561100,229.49091567993165,227.38502859846164,40.20836236690846,226.45818221712028,227.438950936624,-0.9807687195037147,0.4681668712745143,-1.448935590778229,229.49091567993165,238.2718618769121,220.70996948295118,3.932772361909526,2305794200,316.449,4.613333333333333,4.2,29700.58,16.27,0.09,4.42,-0.22,21462.55,101.9736,71.8
2024-11-07,226.98043823242188,227.37956894750107,224.0768403097807,224.13670611072257,42137700,229.41308670043946,227.34649618264834,49.29587896680747,226.53852929639743,227.40498703260903,-0.8664577362116006,0.20124194977729135,-1.0676996859888919,229.41308670043946,238.25386166038442,220.5723117404945,4.013310712811893,2347931900,316.449,4.608,4.2,29700.58,15.2,0.09,4.31,-0.32,21465.399999999998,101.9736,71.8
2024-11-08,226.7107391357422,228.4088689967903,226.16134014604208,226.92049995960826,38328800,229.39610900878907,227.2859478924668,48.8419269192788,226.5650231178351,227.35356126247075,-0.7885381446356519,0.0032859308947026933,-0.7918240755303545,229.39610900878907,238.25625158962362,220.53596642795452,4.002795726545331,2309603100,316.449,4.602666666666667,4.2,29700.58,14.94,0.09,4.3,-0.33,21468.25,101.9736,71.8
2024-11-11,223.98373413085938,225.45212091614073,221.25673663335022,224.7528927426808,42005600,229.05569305419922,226.97145134374227,44.390674383990536,226.16790173522344,227.10394443790693,-0.9360427026834941,-0.18457979582093667,-0.7514629068625575,229.05569305419922,238.1939435858034,219.91744252259505,4.115833584476237,2267597500,316.449,4.586666666666667,4.2,29700.58,14.97,0.09,4.3975,-0.2325,21476.8,101.9736,71.8
2024-11-12,223.98373413085938,225.34224111445195,223.11469448970428,224.30339000560164,40398300,228.5880569458008,226.68690684727724,44.390674383990536,225.83187594993666,226.872817748496,-1.040941798559345,-0.3558521963686183,-0.6850896021907267,228.5880569458008,237.75936303226135,219.41675085934023,3.69764277100856,2267597500,316.449,4.581333333333333,4.2,29700.58,14.71,0.09,4.43,-0.2,21479.649999999998,101.9736,71.8
2024-11-13,224.8727569580078,226.4010754152989,222.5153482196322,223.76397540644066,48566200,228.26814498901368,226.51413066734682,46.24301434907129,225.68431918194761,226.72466509734872,-1.0403459154011045,-0.4927509401751156,-0.547594975225989,228.26814498901368,237.4890201642184,219.04726981380895,3.803429621616581,2316163700,316.449,4.576,4.2,29700.58,14.02,0.09,4.44,-0.16,21482.5,101.9736,71.8
2024-11-14,227.9693603515625,228.61864039722624,224.7528954725484,224.77287777547028,44923900,228.08460388183593,226.65272397060545,52.213817610531905,226.03586397727298,226.816864745809,-0.7810007685360176,-0.5504009058472961,-0.23059986268872157,228.08460388183593,237.1749018256886,218.99430593798326,3.8194129567893498,2361087600,316.449,4.570666666666667,4.2,29700.58,14.31,0.09,4.43,-0.18,21485.35,101.9736,71.8
2024-11-15,224.7528839111328,226.67077335813082,224.023689933323,226.15134020310103,47923700,227.59805221557616,226.47178682208425,46.44346988249832,225.83848242863604,226.66397727657372,-0.8254948479376765,-0.6054196942653722,-0.22007515367230424,227.59805221557616,236.2995702396391,218.8965341915132,3.8646246079740405,2313163900,316.449,4.565333333333333,4.2,29700.58,16.14,0.09,4.43,-0.17,21488.2,101.9736,71.8
2024-11-18,227.7695770263672,229.4876892234719,224.92270099550518,225.00261496304853,44686000,227.18849716186523,226.59538588915882,51.821299736925965,226.13557390521007,226.74587355433619,-0.6102996491261194,-0.6063956852375216,-0.0039039638885978167,227.18849716186523,235.00288494137993,219.37410938235053,4.059569241674276,2357849900,316.449,4.549333333333333,4.2,29700.58,15.58,0.09,4.42,-0.21,21496.75,101.9736,71.8
2024-11-19,228.02928161621094,229.90722171238716,226.41106572007726,226.73070634208972,36211800,226.82285919189454,226.7319473869733,52.26568383304077,226.42691355305635,226.84094081817875,-0.4140272651223995,-0.5679220012144972,0.1538947360920977,226.82285919189454,233.70582512911878,219.9398932546703,4.015654706106618,2394061700,316.449,4.5440000000000005,4.2,29700.58,16.35,0.09,4.39,-0.23,21499.6,101.9736,71.8
2024-11-20,228.7484893798828,229.67746064503265,225.64190448211673,227.80951934283004,35169600,226.74762191772462,226.92399900534565,53.54361730035394,226.7840790648758,226.98224071163833,-0.19816164676251447,-0.4939699303241007,0.2958082835615862,226.74762191772462,233.51080847275185,219.98443536269738,3.966793803919584,2429231300,316.449,4.538666666666667,4.2,29700.58,17.16,0.09,4.41,-0.21,21502.45,101.9736,71.8
2024-11-21,228.26902770996094,229.90722593821596,225.46211628612434,228.6286329426038,42108300,226.65788955688475,227.05209697721378,52.53389636318438,227.0125327025812,227.07755826706963,-0.06502556448842256,-0.4081810571569651,0.34315549266854256,226.65788955688475,233.2890416737465,220.026737440023,3.882328411130881,2387123000,316.449,4.533333333333333,4.2,29700.58,16.87,0.09,4.43,-0.2,21505.3,101.9736,71.8
2024-11-22,229.61753845214844,230.46661102927646,227.80952873867182,227.80952873867182,38168300,226.59367599487305,227.29642473673138,55.09860865054591,227.41330281789925,227.26570494744584,0.14759787045341,-0.2970252716348901,0.4446231420883001,226.59367599487305,233.08254473789177,220.10480725185434,3.8440512620087595,2425291300,316.449,4.5280000000000005,4.2,29700.58,15.24,0.09,4.41,-0.22,21508.149999999998,101.9736,71.8
2024-11-25,232.61424255371094,232.99383009111634,229.48769048234254,231.2058026888721,90152800,226.58001632690429,227.80288357644372,60.23994672421392,228.21344739263952,227.66189291828027,0.55155447435925,-0.1273093224360621,0.6788637967953121,226.58001632690429,233.01677271302515,220.14325994078342,3.8942164724170993,2515444100,316.449,4.5120000000000005,4.2,29700.58,14.6,0.09,4.27,-0.35,21516.7,101.9736,71.8
2024-11-26,234.8018341064453,235.31128373473052,233.07373841155265,233.07373841155265,45986200,226.6622657775879,228.46945029358673,63.52344808582109,229.22704534860964,228.19077745073696,1.0362678978726763,0.10540612162568558,0.9308617762469906,226.6622657775879,233.4647282054591,219.85980334971669,3.739055976280984,2561430300,316.449,4.506666666666667,4.2,29700.58,14.1,0.09,4.3,-0.31,21519.55,101.9736,71.8
2024-11-27,234.67198181152344,235.43115689965902,233.55321672420507,234.21249554010248,33498400,226.91613082885743,229.06016758100927,63.18986368281104,230.06472788136563,228.67086666264706,1.3938612187185697,0.36309714104426244,1.0307640776743072,226.91613082885743,234.4743716200709,219.35789003764395,3.5054322065700285,2527931900,316.449,4.501333333333334,4.2,29700.58,14.1,0.09,4.25,-0.35,21522.399999999998,101.9736,71.8
2024-11-29,237.06935119628906,237.5488197625333,233.71304074851764,234.55211454995276,28481400,227.49890365600587,229.82294697294068,66.6698602558825,231.1423622375077,229.29297662810202,1.8493856094056866,0.6603548347165473,1.1890307746891393,227.49890365600587,236.21295789305418,218.78484941895755,3.6188786468034175,2556413300,316.449,4.490666666666667,4.2,29700.58,13.51,0.09,4.18,-0.4,21528.1,101.9736,71.8
2024-12-02,239.3268585205078,240.52553753151284,236.89953466637493,237.00941446483552,48137100,228.34422302246094,230.72808140604232,69.58572733151274,232.4015155118154,230.0362271386506,2.365288373164816,1.001341542406201,1.363946830758615,228.34422302246094,238.1370004587576,218.55144558616428,3.4883072441424128,2604550400,317.603,4.475161290322581,4.1,29700.58,13.34,0.09,4.19,-0.32,21533.8,102.9833,74.0
2024-12-03,242.3834991455078,242.49337894569658,238.6376176509325,239.54662188503684,38861000,229.38727569580078,231.83812119075333,73.02658296068857,233.93720530161423,230.95083987989926,2.9863654217149644,1.3983463182679539,1.5880191034470106,229.38727569580078,240.41721585818084,218.35733553342072,3.6046082920007274,2643411400,317.603,4.470322580645162,4.1,29700.58,13.3,0.09,4.23,-0.26,21533.8,102.9833,74.0
2024-12-04,242.74310302734375,243.84190102311462,240.9850414761411,242.60325739533934,44383900,230.3764663696289,232.8766908894762,73.4077443201569,235.2919587978803,231.82434085378404,3.4676179440962756,1.8122006434336182,1.6554173006626574,230.3764663696289,242.42459530298672,218.32833743627108,3.5311177456654996,2687795300,317.603,4.465483870967742,4.1,29700.58,13.45,0.09,4.19,-0.28,21533.8,102.9833,74.0
2024-12-05,242.7730712890625,244.2714238935446,241.86408229295347,243.72204013219255,40033900,231.40357513427733,233.81920330848442,73.44142644728761,236.4428991811391,232.6353579230639,3.80754125807519,2.2112687663619326,1.5962724917132576,231.40357513427733,243.9893885962989,218.81776167225576,3.4269460796593063,2727829200,317.603,4.460645161290323,4.1,29700.58,13.54,0.09,4.17,-0.29,21533.8,102.9833,74.0
2024-12-06,242.5732879638672,244.3613305629988,241.8141281502541,242.6432183998472,36870600,232.1832176208496,234.6529256566161,72.7796117082219,237.38603591694343,233.37150088904934,4.014535027894084,2.5719220186683627,1.4426130092257212,232.1832176208496,245.48776570794814,218.87866953375107,3.327055507838249,2690958600,317.603,4.4558064516129035,4.1,29700.58,12.77,0.09,4.15,-0.27,21533.8,102.9833,74.0
2024-12-09,246.47900390625,246.96847124510987,241.48449521514058,241.56440918324205,44649200,233.171630859375,235.7792188232479,77.12041053880736,238.78495406914442,234.3424270384716,4.442527030672807,2.9460430210692516,1.496484009603555,233.171630859375,247.59340099452564,218.74986072422436,3.3805677019546914,2735607800,317.603,4.441290322580645,4.1,29700.58,14.19,0.09,4.2,-0.22,21533.8,102.9833,74.0
2024-12-10,247.4978790283203,247.93739821602466,245.0705399660552,246.61884065291167,36914800,234.34733810424805,236.89528169992147,78.10146991938242,240.1254040628638,235.31690496364558,4.80849909921821,3.3185342366990436,1.4899648625191664,234.34733810424805,249.40134394287455,219.29333226562156,3.3356178632160884,2772522600,317.603,4.436451612903226,4.1,29700.58,14.18,0.09,4.22,-0.19,21533.8,102.9833,74.0
2024-12-11,246.2192840576172,250.52454792031958,245.98952569372008,247.68767076725757,45205800,235.45911560058593,237.78328192446392,73.82349358298059,241.06292406205662,236.12448860023608,4.938435461820546,3.6425144817233446,1.2959209800972018,235.45911560058593,250.5715825621525,220.34664863901935,3.3712940106220577,2727316800,317.603,4.4316129032258065,4.1,29700.58,13.58,0.09,4.26,-0.12,21533.8,102.9833,74.0
2024-12-12,247.68768310546875,248.46682524629017,245.41017310687806,246.61885092340057,32777500,236.599861907959,238.72655822741675,75.48430085990091,242.0821177610431,236.9810215265496,5.101096234493497,3.9342308322773754,1.1668654022161213,236.599861907959,251.7878447857389,221.41187903017908,3.2721184740020925,2760094300,317.603,4.426774193548387,4.1,29700.58,13.92,0.09,4.32,-0.03,21533.8,102.9833,74.0
2024-12-13,247.85748291015625,249.01619729452798,245.96955931284188,247.54782582286595,33155300,237.59426803588866,239.59617010196337,75.67648241876526,242.97063547629125,237.78668533274268,5.1839501435485715,4.184174694531615,0.9997754490169566,237.59426803588866,252.99456492943935,222.19397114233797,3.299943880507911,2793249600,317.603,4.421935483870968,4.1,29700.58,13.81,0.09,4.4,0.06,21533.8,102.9833,74.0
2024-12-16,250.7642822265625,251.10392039685559,247.3780059899919,247.71764416028498,51694800,238.89483795166015,240.65979982811567,78.74785649944013,244.16965805325606,238.74798880635893,5.421669246897125,4.4316736050047165,0.9899956418924081,238.89483795166015,254.13008791662196,223.65958798669834,3.3156420803714752,2844944400,317.603,4.4074193548387095,4.1,29700.58,14.69,0.09,4.39,0.02,21533.8,102.9833,74.0
2024-12-17,253.20159912109375,253.5512208135588,249.50566587259755,249.80533943156328,51356400,240.16643905639648,241.8542569036374,80.92304555362675,245.55918744830802,239.81862660745043,5.740560840857597,4.693451052175293,1.0471097886823042,240.16643905639648,255.7172384222578,224.61563969053518,3.411964491795881,2896300800,317.603,4.402580645161291,4.1,29700.58,15.87,0.09,4.4,0.02,21533.8,102.9833,74.0
2024-12-18,247.77757263183594,254.0007260278641,247.46791553993853,251.88305927654196,56774100,241.15385360717772,242.4183822110849,64.98303081011395,245.90047747654307,240.4081781648123,5.492299311730761,4.853220704086387,0.6390786076443744,241.15385360717772,255.9879752074599,226.31973200689555,3.7444552284009966,2839526700,317.603,4.397741935483872,4.1,29700.58,27.62,0.09,4.5,0.14,21533.8,102.9833,74.0
2024-12-19,249.51565551757812,251.72323503929724,246.81862390484895,247.22817727073837,60882300,242.1922119140625,243.0943130021795,67.2118112655538,246.4566587136254,241.08280611686905,5.373852596756336,4.957347082620377,0.4165055141359595,242.1922119140625,256.29695387105824,228.0874699570668,3.82080037986047,2900409000,317.603,4.392903225806452,4.1,29700.58,24.09,0.09,4.57,0.22,21533.8,102.9833,74.0
2024-12-20,254.21051025390625,254.71994465608725,245.42017186050566,247.76758181309805,147495300,243.48928604125976,244.1529984547249,72.33415815563022,247.64955895059165,242.05522864553848,5.594330305053177,5.084743727106937,0.5095865779462398,243.48928604125976,256.9922867384561,229.98628534406345,4.226069660606448,3047904300,317.603,4.388064516129033,4.1,29700.58,18.36,0.09,4.52,0.18,21533.8,102.9833,74.0
2024-12-23,254.98965454101562,255.36922684225433,253.17164603591402,254.49020366493687,40858800,244.7578918457031,245.18506093913354,73.08563585717211,248.77880442604152,243.01333426742568,5.765470158615841,5.220889013408718,0.5445811452071228,244.7578918457031,257.55868103899286,231.95710265241334,4.107628197147607,3088763100,317.603,4.373548387096775,4.1,29700.58,16.78,0.09,4.59,0.23,21533.8,102.9833,74.0
2024-12-24,257.91644287109375,257.92641115938613,255.0096198916901,255.2094124344067,23234700,246.02300186157225,246.39757350408215,75.75026798232848,250.18459495604955,244.11726823806774,6.067326717981814,5.390176554323338,0.6771501636584762,246.02300186157225,258.77423866253446,233.27176506061005,4.113335130818821,3111997800,317.603,4.368709677419355,4.1,29700.58,14.27,0.09,4.59,0.19,21533.8,102.9833,74.0
2024-12-26,258.7355041503906,259.81433504408284,257.34704665632455,257.90642916266114,27237100,247.21968536376954,247.57261451801628,76.4528566290221,251.50011944748664,245.20010052786944,6.300018919617202,5.572145027382111,0.7278738922350909,247.21968536376954,260.02610781765526,234.41326290988383,4.117617044187903,3139234900,317.603,4.359032258064516,4.1,29700.58,14.73,0.09,4.58,0.23,21533.8,102.9833,74.0
2024-12-27,255.30929565429688,258.41589596104086,252.78207543596488,257.54682582842287,42355300,248.2515510559082,248.30944129290015,67.62628966999733,252.08614655622668,245.9489297964937,6.137216759732979,5.685159373852285,0.45205738588069444,248.2515510559082,260.140405285162,236.3626968266544,4.3609189228794065,3096879600,317.603,4.354193548387097,4.1,29700.58,15.95,0.09,4.62,0.31,21533.8,102.9833,74.0
2024-12-30,251.9230194091797,253.22159473829512,250.47461491371794,251.95298524244893,35557500,248.99423446655274,248.6535915896887,60.225595076293956,252.0610500720656,246.39145495298897,5.669595119076632,5.682046522897155,-0.012451403820522344,248.99423446655274,259.8028494344559,238.1856194986496,4.314540687922952,3061322100,317.603,4.339677419354839,4.1,29700.58,17.4,0.09,4.55,0.18,21533.8,102.9833,74.0
2024-12-31,250.1449737548828,253.00183336212825,249.15605553782555,252.16275955239965,39480700,249.53514022827147,248.79562798637386,56.715918485267984,251.76626910019132,246.66949338275887,5.09677571743245,5.564992361804214,-0.4682166443717639,249.53514022827147,259.3956194254324,239.67466103111053,4.384463514661042,3021841400,317.603,4.3348387096774195,4.1,29700.58,17.35,0.09,4.58,0.21,21533.8,102.9833,74.0
2025-01-02,243.5821990966797,248.826433311358,241.55442975303322,248.65660659999048,55740700,249.59507522583007,248.29911094926013,46.04906991387735,250.50718140734338,246.4408049171234,4.066376490219994,5.2652691874873705,-1.1988926972673761,249.59507522583007,259.29419831865755,239.8959521330026,4.67414364146462,2966100700,319.086,4.33,4.0,29700.58,17.93,0.09,4.57,0.21,21533.8,103.511,71.7
2025-01-03,243.0927276611328,243.91181916074598,241.624340886356,243.0927276611328,40244100,249.61255645751953,247.80326492181945,45.363794612950095,249.36649621561867,246.19279919445742,3.173697021161246,4.846954754222145,-1.6732577330608995,249.61255645751953,259.2633578006533,239.96175511438577,4.619202651105896,2925856600,319.086,4.33,4.0,29700.58,16.13,0.09,4.6,0.26,21533.8,103.511,71.7
2025-01-06,244.73092651367188,247.05836939894766,242.93290033169586,244.04168187374515,45045600,249.71044921875,247.51066126390063,48.14515645835093,248.6533316460884,246.08451232921405,2.5688193168743396,4.391327666752584,-1.8225083498782446,249.71044921875,259.1184237776895,240.3024746598105,4.696262014360589,2970902200,319.086,4.33,4.0,29700.58,16.04,0.09,4.62,0.27,21533.8,103.511,71.7
2025-01-07,241.94400024414062,245.28032844029428,241.08494412707995,242.71314361950866,40856000,249.67898483276366,246.98050307154256,44.03794075450294,247.62112681501952,245.77780773031975,1.8433190846997718,3.8817259503420223,-2.0384068656422505,249.67898483276366,259.18591688525635,240.17205278027097,4.72979557909992,2930046200,319.086,4.33,4.0,29700.58,17.82,0.09,4.67,0.32,21533.8,103.511,71.7
2025-01-08,242.43344116210938,243.44234164075266,239.78635773622742,241.65429905026372,37628900,249.47670669555663,246.54744955635846,44.92652149451309,246.82302132995642,245.53007687341528,1.2929444565411359,3.3639696515818454,-2.0710251950407095,249.47670669555663,259.40996881342136,239.54344457769187,4.701969076497347,2967675100,319.086,4.33,4.0,29700.58,17.7,0.09,4.67,0.32,21533.8,103.511,71.7
2025-01-10,236.58987426757812,239.8962364632009,232.74409661721964,239.7463920626497,61710900,248.93130645751953,245.5991090526651,37.3095016642008,245.24869101266745,244.86783964335325,0.3808513693142004,2.767345995128317,-2.3864946258141164,248.93130645751953,260.3291478690167,237.53346504602234,4.927435794851931,2905964200,319.086,4.33,4.0,29700.58,19.54,0.09,4.77,0.41,21533.8,103.511,71.7
2025-01-13,234.14256286621094,234.41227060505477,229.46771001708314,233.27352322575203,49630700,248.3274703979492,244.50800941585996,34.65919198406223,243.5400559132126,244.07337469689824,-0.5333187836856439,2.107213039365525,-2.6405318230511687,248.3274703979492,261.3935597592184,235.26138103668004,5.085832445998124,2856333500,319.086,4.33,4.0,29700.58,19.19,0.09,4.79,0.42,21533.8,103.511,71.7
2025-01-14,233.02378845214844,235.8606656353981,232.21468051006943,234.49217517741417,39435300,247.5942756652832,243.41427408598267,33.48806183084973,241.92216861151041,243.2548868269168,-1.3327182154063735,1.4192267884111454,-2.751945003817519,247.5942756652832,262.26843880313737,232.920112527429,4.681990469551487,2816898200,319.086,4.33,4.0,29700.58,18.71,0.09,4.78,0.42,21533.8,103.511,71.7
2025-01-15,237.60874938964844,238.6975638581554,234.17252500331003,234.38230107288462,39832000,247.08183898925782,242.86136697204606,42.11973586367055,241.25856565430087,242.83665442415617,-1.5780887698552988,0.8197636767578564,-2.397852446613155,247.08183898925782,262.3857270507324,231.77795092778325,4.930290083813391,2856730200,319.086,4.33,4.0,29700.58,16.12,0.09,4.66,0.31,21533.8,103.511,71.7
2025-01-16,228.00930786132812,237.74859991927732,227.7795647267042,237.089336348529,71759100,245.9440902709961,241.44688515197768,32.58500853188157,239.22021830153585,241.73833245653927,-2.518114155003417,0.15218811040560176,-2.6703022654090187,245.9440902709961,263.2377686622608,228.65041187973137,5.432595696256436,2784971100,319.086,4.33,4.0,29700.58,16.6,0.09,4.61,0.27,21533.8,103.511,71.7
2025-01-17,229.7274169921875,232.03487756376998,228.22906438809179,231.86506609768284,68488300,244.77038116455077,240.33074532723577,35.403527134384134,237.75978733086686,240.84863501473544,-3.088847683868579,-0.4960190484492344,-2.5928286354193446,244.77038116455077,263.09039075894685,226.4503715701547,5.54390150444812,2853459400,319.086,4.33,4.0,29700.58,15.97,0.09,4.61,0.27,21533.8,103.511,71.7
2025-01-21,222.39547729492188,224.17352112887505,219.13906319002535,223.75398423747347,98070400,243.50127639770508,238.6226245622535,29.69746360885938,235.39604732533687,239.4817344428974,-4.085687117560525,-1.2139526622714927,-2.8717344552890323,243.50127639770508,264.17732216164865,222.8252306337615,5.874967582143577,2755389000,319.086,4.33,4.0,29700.58,15.06,0.09,4.57,0.21,21533.8,103.511,71.7
2025-01-22,223.58416748046875,223.87384226456615,219.54859611049605,219.54859611049605,64126500,242.2047019958496,237.19039055446447,31.6216328700945,233.578835041511,238.3041368901249,-4.725301848613896,-1.9162224995399733,-2.8090793490739223,242.2047019958496,264.4055610332653,220.0038429584339,5.838579397392946,2819515500,319.086,4.33,4.0,29700.58,15.1,0.09,4.6,0.24,21533.8,103.511,71.7
2025-01-23,223.41436767578125,226.78066167492807,222.05586069453574,224.493183388126,60234800,240.66489486694337,235.87838837554227,31.48905072544521,232.01507083139876,237.20119102239573,-5.186120190996974,-2.5702020378313737,-2.6159181531656,240.66489486694337,263.58173505944,217.74805467444676,5.901366765685062,2759280700,319.086,4.33,4.0,29700.58,15.02,0.09,4.65,0.29,21533.8,103.511,71.7
2025-01-24,222.5353240966797,225.38220009721186,221.16683361690275,224.53312753788666,54697900,239.04217834472655,234.60762034898394,30.769795119911123,230.55664825682658,236.11483050937971,-5.558182252553138,-3.167798080775727,-2.390384171777411,239.04217834472655,262.2659861307324,215.81837055872072,5.588854085575028,2704582800,319.086,4.33,4.0,29700.58,14.85,0.09,4.63,0.28,21533.8,103.511,71.7
2025-01-27,229.6075439453125,231.89502211760887,223.73399710835045,223.77396171163917,94863400,237.6267333984375,234.13142259625332,42.20719907067269,230.41063220890135,235.63280928241178,-5.222177073510437,-3.578673879322669,-1.643503194187768,237.6267333984375,259.48734188643056,215.76612491044446,6.094012638899258,2799446200,319.086,4.33,4.0,29700.58,17.9,0.09,4.53,0.21,21533.8,103.511,71.7
2025-01-28,237.99832153320312,239.9262098046868,230.55650666713984,230.59647127201654,75707600,236.58987426757812,234.49969868548663,52.28025216821473,231.5779690280247,235.80803241210003,-4.230063384075322,-3.7089517802731997,-0.5211116038021224,236.58987426757812,256.19848133317583,216.98126720198044,6.53638383833658,2875153800,319.086,4.33,4.0,29700.58,16.41,0.09,4.55,0.24,21533.8,103.511,71.7
2025-01-29,239.0971221923828,239.5965730646729,233.75299176206667,233.86287156365174,45486100,235.7792655944824,234.93754854328625,53.42508181110148,232.73476182254134,236.05166869212098,-3.3169068695796398,-3.6305427981344875,0.3136359285548478,235.7792655944824,253.4722878459237,218.08624334304113,6.654112194721715,2920639900,319.086,4.33,4.0,29700.58,16.56,0.09,4.55,0.24,21533.8,103.511,71.7
2025-01-30,237.3290557861328,240.52553823889048,236.94948349745044,238.40787147181928,55658300,235.04956741333007,235.16531113784305,51.2927110227617,233.44157627847846,236.14628995834408,-2.7047136798656197,-3.4453769744807143,0.7406632946150946,235.04956741333007,251.1514123737502,218.94772245290994,6.648402968787058,2864981600,319.086,4.33,4.0,29700.58,15.84,0.09,4.52,0.22,21533.8,103.511,71.7
2025-01-31,235.74081420898438,246.91852728753366,233.18362815459494,246.91852728753366,101075100,234.32935943603516,235.22012095414223,49.38583439376649,233.79530519086398,236.11625471765078,-2.320949526786791,-3.2204914849419297,0.8995419581551389,234.32935943603516,248.87982055966813,219.7788983124022,6.937371153647699,2763906500,319.086,4.33,4.0,29700.58,16.43,0.09,4.58,0.27,21533.8,103.511,71.7
2025-02-03,227.75958251953125,231.5753945205246,225.45212191586603,229.73741895869952,73063300,233.53822860717773,234.50959348417928,41.114112842762275,232.86673247219738,235.4972419622345,-2.6305094900371273,-3.1024950859609692,0.4719855959238419,233.53822860717773,247.70585904936135,219.3705981649941,7.163551728120796,2690843200,319.086,4.33,4.0,29700.58,18.62,0.09,4.54,0.2,21533.8,103.511,71.7
2025-02-04,232.54432678222656,232.87396618357337,226.40107197135944,227.00041910872287,45067300,233.01080856323242,234.32242522685044,46.860375667508556,232.81713159681726,235.27850750445614,-2.4613759076388817,-2.9742712502965523,0.5128953426576706,233.01080856323242,246.48481845147248,219.53679867499235,7.365473805755457,2735910500,319.086,4.33,4.0,29700.58,17.21,0.09,4.52,0.19,21533.8,103.511,71.7
2025-02-05,232.21469116210938,232.4144684638066,228.0193068583431,228.27901582634638,39620300,232.3849967956543,234.12168864925607,46.52354844544674,232.72444845301604,235.0515581457638,-2.3271096927477686,-2.8448389387867956,0.517729246039027,232.3849967956543,244.73962785544185,220.03036573586675,7.283419842746635,2696290200,319.086,4.33,4.0,29700.58,15.77,0.09,4.43,0.1,21533.8,103.511,71.7
2025-02-06,232.9638671875,233.54323203112875,230.17692277145878,231.0359788855247,29925300,231.93599014282228,234.01141993861265,47.448085619750465,232.76128210447513,234.8969143710776,-2.135632266602471,-2.702997604349931,0.5673653377474599,231.93599014282228,243.49551390147235,220.3764663841722,6.811796561824981,2726215500,319.086,4.33,4.0,29700.58,15.5,0.09,4.45,0.11,21533.8,103.511,71.7
2025-02-07,227.3800048828125,233.74300400322835,227.0104008794231,232.3445476829273,39707200,231.1833183288574,233.37985659996502,41.66606312937975,231.93339330114242,234.34010626083574,-2.4067129596933228,-2.6437406754186092,0.23702771572528647,231.1833183288574,241.8354840638649,220.53115259384992,7.005156091922367,2686508300,319.086,4.33,4.0,29700.58,16.54,0.09,4.49,0.14,21533.8,103.511,71.7
2025-02-10,227.64999389648438,230.58999633789062,227.1999969482422,229.57000732421875,33115600,230.73632431030273,232.83415539010971,42.03387978437844,231.27440877734887,233.84454238199487,-2.570133604646003,-2.629019261264088,0.058885656618085314,230.73632431030273,241.19195088745016,220.2806977331553,6.490987919599959,2719623900,319.086,4.33,4.0,29700.58,15.81,0.09,4.51,0.16,21533.8,103.511,71.7
2025-02-11,232.6199951171875,235.22999572753906,228.1300048828125,228.1999969482422,53718400,230.66019592285156,232.81375917364093,48.47449622529295,231.48142206040097,233.75383517719433,-2.2724131167933592,-2.5576980323699425,0.2852849155765833,230.66019592285156,241.03738706096976,220.28300478473335,6.723470467956001,2773342300,319.086,4.33,4.0,29700.58,16.02,0.09,4.54,0.19,21533.8,103.511,71.7
2025-02-12,236.8699951171875,236.9600067138672,230.67999267578125,231.1999969482422,45243300,230.8525062561035,233.2000673587406,53.25731551313865,232.3104332999066,233.98466183941605,-1.6742285395094427,-2.381004133797843,0.7067755942884002,230.8525062561035,241.53581895104145,220.16919356116557,6.834557114934116,2818585600,319.086,4.33,4.0,29700.58,15.89,0.09,4.62,0.27,21533.8,103.511,71.7
2025-02-13,241.52999877929688,242.33999633789062,235.57000732421875,236.91000366210938,53614100,231.04856872558594,233.99339416069836,57.87461092854133,233.72882798904357,234.54357568681462,-0.8147476977710539,-2.067752846592485,1.253005148821431,231.04856872558594,242.3468789191821,219.75025853198977,7.017030153031456,2872199700,319.086,4.33,4.0,29700.58,15.1,0.09,4.52,0.18,21533.8,103.511,71.7
2025-02-14,244.60000610351562,245.5500030517578,240.99000549316406,241.25,40896200,231.87810363769532,235.0035476790619,60.633526199265155,235.40131692973156,235.28849645842212,0.11282047130944761,-1.6316381830120987,1.7444586543215463,231.87810363769532,244.5185217569852,219.23768551840544,6.674194405721782,2913095900,319.086,4.33,4.0,29700.58,14.77,0.09,4.47,0.13,21533.8,103.511,71.7
2025-02-18,244.47000122070312,245.17999267578125,241.83999633789062,244.14999389648438,48822500,232.6152328491211,235.90511468302776,60.452968088314364,236.7964991283426,235.96860792229478,0.8278912060478092,-1.1397323052001171,1.9676235112479263,232.6152328491211,246.34085919810346,218.88960650013874,6.1757180113300905,2864273400,319.086,4.33,4.0,29700.58,15.35,0.09,4.55,0.21,21533.8,103.511,71.7
2025-02-19,244.8699951171875,246.00999450683594,243.16000366210938,244.66000366210938,32204200,233.73895874023438,236.7589128196144,60.839363801007565,238.03857543431874,236.62796993673126,1.4106054975874827,-0.6296647446425973,2.04027024223008,233.73895874023438,247.6129970164642,219.86492046400457,5.961890121481543,2896477600,319.086,4.33,4.0,29700.58,15.27,0.09,4.53,0.19,21533.8,103.511,71.7
2025-02-20,245.8300018310547,246.77999877929688,244.2899932861328,244.94000244140625,32316900,234.85125045776368,237.6228260587992,61.80395303975155,239.23725641843197,237.30960192890336,1.9276544895286065,-0.11820089780835646,2.045855387336963,234.85125045776368,248.85678058445586,220.8457203310715,5.884315175176117,2928794500,319.086,4.33,4.0,29700.58,15.66,0.09,4.5,0.17,21533.8,103.511,71.7
2025-02-21,245.5500030517578,248.69000244140625,245.22000122070312,245.9499969482422,53119400,235.9580322265625,238.37779529622384,61.32946160524348,240.20844820817442,237.92000201207776,2.2884461960966576,0.36312852097264636,1.925317675124011,235.9580322265625,249.6688751785635,222.2471892745615,5.151108181445003,2875675100,319.086,4.33,4.0,29700.58,,0.09,4.5,0.1,21533.8,103.511,71.7
